query_index,query_id,query_group_id,rank,neighbor_index,neighbor_id,neighbor_group_id,score,same_group
0,task_0001,1_001,1,2,task_0003,1_001,122.29856291492843,True
0,task_0001,1_001,2,1,task_0002,1_001,80.45542893237447,True
0,task_0001,1_001,3,3,task_0004,1_001,65.66958282023984,True
0,task_0001,1_001,4,176,task_0177,1_045,32.157175457204346,False
0,task_0001,1_001,5,126,task_0127,1_032,30.983064699321645,False
0,task_0001,1_001,6,178,task_0179,1_045,29.732425236350206,False
0,task_0001,1_001,7,179,task_0180,1_045,28.546152055720086,False
0,task_0001,1_001,8,66,task_0067,1_017,27.086022008099935,False
0,task_0001,1_001,9,62,task_0063,1_016,27.05049598300237,False
0,task_0001,1_001,10,130,task_0131,1_033,25.425833819301964,False
1,task_0002,1_001,1,3,task_0004,1_001,89.1161242976999,True
1,task_0002,1_001,2,2,task_0003,1_001,84.91873909790637,True
1,task_0002,1_001,3,0,task_0001,1_001,81.30215772484712,True
1,task_0002,1_001,4,37,task_0038,1_010,37.117165478749186,False
1,task_0002,1_001,5,176,task_0177,1_045,36.1175523421996,False
1,task_0002,1_001,6,186,task_0187,1_047,34.205654114311656,False
1,task_0002,1_001,7,145,task_0146,1_037,32.55986009443864,False
1,task_0002,1_001,8,177,task_0178,1_045,30.848632694095983,False
1,task_0002,1_001,9,178,task_0179,1_045,30.367088379919142,False
1,task_0002,1_001,10,179,task_0180,1_045,30.079524650523325,False
2,task_0003,1_001,1,0,task_0001,1_001,127.62944076472502,True
2,task_0003,1_001,2,1,task_0002,1_001,85.47672788317603,True
2,task_0003,1_001,3,3,task_0004,1_001,53.09871753517241,True
2,task_0003,1_001,4,148,task_0149,1_038,33.67607278090213,False
2,task_0003,1_001,5,178,task_0179,1_045,31.954070151967333,False
2,task_0003,1_001,6,66,task_0067,1_017,30.19793684218138,False
2,task_0003,1_001,7,181,task_0182,1_046,29.36722215822838,False
2,task_0003,1_001,8,140,task_0141,1_036,28.99183911778688,False
2,task_0003,1_001,9,176,task_0177,1_045,28.912054071710788,False
2,task_0003,1_001,10,51,task_0052,1_013,28.649526546972588,False
3,task_0004,1_001,1,1,task_0002,1_001,79.17849343419837,True
3,task_0004,1_001,2,0,task_0001,1_001,60.61604808783076,True
3,task_0004,1_001,3,2,task_0003,1_001,49.96209291416236,True
3,task_0004,1_001,4,145,task_0146,1_037,30.955408470083917,False
3,task_0004,1_001,5,176,task_0177,1_045,28.517910150393757,False
3,task_0004,1_001,6,126,task_0127,1_032,27.810489197628925,False
3,task_0004,1_001,7,177,task_0178,1_045,26.25458496949061,False
3,task_0004,1_001,8,146,task_0147,1_037,24.706793021160852,False
3,task_0004,1_001,9,179,task_0180,1_045,24.640263793233625,False
3,task_0004,1_001,10,691,task_0692,4_032,24.6149637339264,False
4,task_0005,1_002,1,7,task_0008,1_002,60.94786157513501,True
4,task_0005,1_002,2,6,task_0007,1_002,59.96793075417732,True
4,task_0005,1_002,3,136,task_0137,1_035,44.976302622950854,False
4,task_0005,1_002,4,68,task_0069,1_018,41.38575413652875,False
4,task_0005,1_002,5,86,task_0087,1_022,40.856350495440935,False
4,task_0005,1_002,6,72,task_0073,1_019,39.597514542485946,False
4,task_0005,1_002,7,157,task_0158,1_040,37.547774783595756,False
4,task_0005,1_002,8,104,task_0105,1_027,37.42630096917635,False
4,task_0005,1_002,9,39,task_0040,1_010,34.05107659973708,False
4,task_0005,1_002,10,5,task_0006,1_002,33.794069782479525,True
5,task_0006,1_002,1,6,task_0007,1_002,66.12083351134177,True
5,task_0006,1_002,2,138,task_0139,1_035,64.30550972410964,False
5,task_0006,1_002,3,7,task_0008,1_002,48.85144139001275,True
5,task_0006,1_002,4,122,task_0123,1_031,46.761353915449725,False
5,task_0006,1_002,5,106,task_0107,1_027,42.63831042439853,False
5,task_0006,1_002,6,13,task_0014,1_004,40.683840690257895,False
5,task_0006,1_002,7,72,task_0073,1_019,40.576865269962354,False
5,task_0006,1_002,8,136,task_0137,1_035,39.98844058574382,False
5,task_0006,1_002,9,68,task_0069,1_018,39.86996163581961,False
5,task_0006,1_002,10,125,task_0126,1_032,36.12080736193509,False
6,task_0007,1_002,1,5,task_0006,1_002,62.94427615304653,True
6,task_0007,1_002,2,4,task_0005,1_002,56.97386297428899,True
6,task_0007,1_002,3,7,task_0008,1_002,53.80704019783939,True
6,task_0007,1_002,4,72,task_0073,1_019,51.37317270538965,False
6,task_0007,1_002,5,125,task_0126,1_032,49.2327083774146,False
6,task_0007,1_002,6,68,task_0069,1_018,48.642257460540854,False
6,task_0007,1_002,7,55,task_0056,1_014,41.07912093474047,False
6,task_0007,1_002,8,138,task_0139,1_035,39.097725284111235,False
6,task_0007,1_002,9,186,task_0187,1_047,38.68447004372228,False
6,task_0007,1_002,10,53,task_0054,1_014,38.58350189330525,False
7,task_0008,1_002,1,136,task_0137,1_035,61.50380048684748,False
7,task_0008,1_002,2,6,task_0007,1_002,55.28418223939247,True
7,task_0008,1_002,3,4,task_0005,1_002,55.15386647065709,True
7,task_0008,1_002,4,5,task_0006,1_002,48.87624928076287,True
7,task_0008,1_002,5,138,task_0139,1_035,41.638393119469036,False
7,task_0008,1_002,6,125,task_0126,1_032,39.8165431628013,False
7,task_0008,1_002,7,68,task_0069,1_018,38.31301201930475,False
7,task_0008,1_002,8,72,task_0073,1_019,37.74452932572064,False
7,task_0008,1_002,9,86,task_0087,1_022,33.28054206668155,False
7,task_0008,1_002,10,104,task_0105,1_027,32.28963831407941,False
8,task_0009,1_003,1,10,task_0011,1_003,62.83933229335117,True
8,task_0009,1_003,2,57,task_0058,1_015,33.75868595414075,False
8,task_0009,1_003,3,59,task_0060,1_015,32.910545141960945,False
8,task_0009,1_003,4,56,task_0057,1_015,31.2815603862564,False
8,task_0009,1_003,5,9,task_0010,1_003,27.94787343537778,True
8,task_0009,1_003,6,86,task_0087,1_022,23.50410022204596,False
8,task_0009,1_003,7,31,task_0032,1_008,22.168766702349817,False
8,task_0009,1_003,8,679,task_0680,4_029,21.858631470207193,False
8,task_0009,1_003,9,177,task_0178,1_045,21.816885888555724,False
8,task_0009,1_003,10,147,task_0148,1_037,21.7044987514493,False
9,task_0010,1_003,1,11,task_0012,1_003,76.06346885644182,True
9,task_0010,1_003,2,60,task_0061,1_016,31.83160490802589,False
9,task_0010,1_003,3,147,task_0148,1_037,28.673754177184275,False
9,task_0010,1_003,4,2,task_0003,1_001,25.370688735010457,False
9,task_0010,1_003,5,134,task_0135,1_034,24.583358901795563,False
9,task_0010,1_003,6,41,task_0042,1_011,24.318876186703804,False
9,task_0010,1_003,7,19,task_0020,1_005,23.562554009069952,False
9,task_0010,1_003,8,91,task_0092,1_023,23.433703445738857,False
9,task_0010,1_003,9,17,task_0018,1_005,23.403142232234735,False
9,task_0010,1_003,10,1,task_0002,1_001,23.19608150269927,False
10,task_0011,1_003,1,8,task_0009,1_003,70.94761302192165,True
10,task_0011,1_003,2,58,task_0059,1_015,50.36702254684323,False
10,task_0011,1_003,3,56,task_0057,1_015,44.4651925186101,False
10,task_0011,1_003,4,57,task_0058,1_015,43.982372917910375,False
10,task_0011,1_003,5,264,task_0265,2_020,36.9019353315841,False
10,task_0011,1_003,6,266,task_0267,2_020,34.69111383458662,False
10,task_0011,1_003,7,30,task_0031,1_008,32.23585973322641,False
10,task_0011,1_003,8,64,task_0065,1_017,31.6859492768462,False
10,task_0011,1_003,9,28,task_0029,1_008,29.662244970313708,False
10,task_0011,1_003,10,39,task_0040,1_010,29.545513821286963,False
11,task_0012,1_003,1,9,task_0010,1_003,82.12763079280131,True
11,task_0012,1_003,2,89,task_0090,1_023,44.99114349941009,False
11,task_0012,1_003,3,91,task_0092,1_023,38.113943070907446,False
11,task_0012,1_003,4,575,task_0576,4_003,26.693047690475385,False
11,task_0012,1_003,5,36,task_0037,1_010,25.208077365595507,False
11,task_0012,1_003,6,147,task_0148,1_037,24.91945247268527,False
11,task_0012,1_003,7,145,task_0146,1_037,24.55017711112673,False
11,task_0012,1_003,8,60,task_0061,1_016,24.220964420397785,False
11,task_0012,1_003,9,66,task_0067,1_017,22.52705900949478,False
11,task_0012,1_003,10,574,task_0575,4_003,21.77667716130602,False
12,task_0013,1_004,1,14,task_0015,1_004,112.48137351272575,True
12,task_0013,1_004,2,13,task_0014,1_004,47.788005612435285,True
12,task_0013,1_004,3,15,task_0016,1_004,44.8517337962721,True
12,task_0013,1_004,4,136,task_0137,1_035,30.6272014620519,False
12,task_0013,1_004,5,125,task_0126,1_032,28.48157175618549,False
12,task_0013,1_004,6,170,task_0171,1_043,27.647820506443725,False
12,task_0013,1_004,7,148,task_0149,1_038,27.563257209578346,False
12,task_0013,1_004,8,38,task_0039,1_010,25.526040526586886,False
12,task_0013,1_004,9,124,task_0125,1_032,25.140545174503675,False
12,task_0013,1_004,10,126,task_0127,1_032,23.883904742666395,False
13,task_0014,1_004,1,15,task_0016,1_004,103.4764146749416,True
13,task_0014,1_004,2,12,task_0013,1_004,49.429049057420514,True
13,task_0014,1_004,3,138,task_0139,1_035,47.568932069554265,False
13,task_0014,1_004,4,14,task_0015,1_004,47.1523093954106,True
13,task_0014,1_004,5,72,task_0073,1_019,40.39844308598083,False
13,task_0014,1_004,6,156,task_0157,1_040,40.317334916211095,False
13,task_0014,1_004,7,68,task_0069,1_018,39.02607070791323,False
13,task_0014,1_004,8,124,task_0125,1_032,36.92758699669109,False
13,task_0014,1_004,9,158,task_0159,1_040,36.06909997533953,False
13,task_0014,1_004,10,5,task_0006,1_002,35.310495074527026,False
14,task_0015,1_004,1,12,task_0013,1_004,109.75005260939594,True
14,task_0015,1_004,2,13,task_0014,1_004,44.72273115124458,True
14,task_0015,1_004,3,15,task_0016,1_004,44.39053398753518,True
14,task_0015,1_004,4,136,task_0137,1_035,31.744720653614145,False
14,task_0015,1_004,5,170,task_0171,1_043,31.34731383855599,False
14,task_0015,1_004,6,38,task_0039,1_010,28.41932453058807,False
14,task_0015,1_004,7,125,task_0126,1_032,27.935474604710276,False
14,task_0015,1_004,8,148,task_0149,1_038,26.97060502389309,False
14,task_0015,1_004,9,120,task_0121,1_031,25.109988297515446,False
14,task_0015,1_004,10,124,task_0125,1_032,24.48338265371174,False
15,task_0016,1_004,1,13,task_0014,1_004,100.33644813350053,True
15,task_0016,1_004,2,14,task_0015,1_004,45.488610093167125,True
15,task_0016,1_004,3,12,task_0013,1_004,45.15838285328378,True
15,task_0016,1_004,4,138,task_0139,1_035,39.7422495840425,False
15,task_0016,1_004,5,72,task_0073,1_019,37.54230957731401,False
15,task_0016,1_004,6,156,task_0157,1_040,34.78400551677874,False
15,task_0016,1_004,7,68,task_0069,1_018,33.94279288819809,False
15,task_0016,1_004,8,6,task_0007,1_002,33.454478865834474,False
15,task_0016,1_004,9,158,task_0159,1_040,32.77568203682083,False
15,task_0016,1_004,10,5,task_0006,1_002,30.456133986271176,False
16,task_0017,1_005,1,18,task_0019,1_005,125.42062449714263,True
16,task_0017,1_005,2,137,task_0138,1_035,45.40354667729307,False
16,task_0017,1_005,3,138,task_0139,1_035,42.60607499480528,False
16,task_0017,1_005,4,139,task_0140,1_035,34.6907227105684,False
16,task_0017,1_005,5,26,task_0027,1_007,34.43503400623087,False
16,task_0017,1_005,6,24,task_0025,1_007,33.82045043265637,False
16,task_0017,1_005,7,5,task_0006,1_002,32.73204071424022,False
16,task_0017,1_005,8,74,task_0075,1_019,29.575493752958607,False
16,task_0017,1_005,9,83,task_0084,1_021,28.86930002467045,False
16,task_0017,1_005,10,130,task_0131,1_033,28.547559601882927,False
17,task_0018,1_005,1,19,task_0020,1_005,126.77305266844846,True
17,task_0018,1_005,2,63,task_0064,1_016,42.3290688545917,False
17,task_0018,1_005,3,9,task_0010,1_003,26.030528019333687,False
17,task_0018,1_005,4,81,task_0082,1_021,25.15203171136803,False
17,task_0018,1_005,5,36,task_0037,1_010,23.701184463801994,False
17,task_0018,1_005,6,130,task_0131,1_033,23.167449082153666,False
17,task_0018,1_005,7,134,task_0135,1_034,22.930706015214483,False
17,task_0018,1_005,8,21,task_0022,1_006,22.349489686157884,False
17,task_0018,1_005,9,111,task_0112,1_028,22.349391700004052,False
17,task_0018,1_005,10,70,task_0071,1_018,20.5044006687691,False
18,task_0019,1_005,1,16,task_0017,1_005,124.7747677429363,True
18,task_0019,1_005,2,137,task_0138,1_035,38.50081278970972,False
18,task_0019,1_005,3,138,task_0139,1_035,34.70826050897472,False
18,task_0019,1_005,4,40,task_0041,1_011,31.126526163520946,False
18,task_0019,1_005,5,15,task_0016,1_004,31.10059210813794,False
18,task_0019,1_005,6,24,task_0025,1_007,31.043552195024763,False
18,task_0019,1_005,7,74,task_0075,1_019,30.26680533171484,False
18,task_0019,1_005,8,48,task_0049,1_013,29.859631758537116,False
18,task_0019,1_005,9,50,task_0051,1_013,29.28485245649287,False
18,task_0019,1_005,10,70,task_0071,1_018,28.75232286427457,False
19,task_0020,1_005,1,17,task_0018,1_005,125.9001786727407,True
19,task_0020,1_005,2,63,task_0064,1_016,43.12432003028259,False
19,task_0020,1_005,3,23,task_0024,1_006,35.3296079056329,False
19,task_0020,1_005,4,21,task_0022,1_006,30.7978678545565,False
19,task_0020,1_005,5,36,task_0037,1_010,28.284405055360565,False
19,task_0020,1_005,6,9,task_0010,1_003,26.030528019333687,False
19,task_0020,1_005,7,130,task_0131,1_033,25.182159350604156,False
19,task_0020,1_005,8,20,task_0021,1_006,24.34611345081613,False
19,task_0020,1_005,9,22,task_0023,1_006,23.87701883934603,False
19,task_0020,1_005,10,184,task_0185,1_047,22.10840399677719,False
20,task_0021,1_006,1,22,task_0023,1_006,95.79115488661158,True
20,task_0021,1_006,2,21,task_0022,1_006,75.93440308996799,True
20,task_0021,1_006,3,23,task_0024,1_006,62.10257657239196,True
20,task_0021,1_006,4,134,task_0135,1_034,54.75575560225449,False
20,task_0021,1_006,5,130,task_0131,1_033,43.179926428280154,False
20,task_0021,1_006,6,128,task_0129,1_033,34.21173427996487,False
20,task_0021,1_006,7,132,task_0133,1_034,28.166476650408892,False
20,task_0021,1_006,8,61,task_0062,1_016,27.65828040566369,False
20,task_0021,1_006,9,65,task_0066,1_017,26.732638831435644,False
20,task_0021,1_006,10,79,task_0080,1_020,24.998574846399375,False
21,task_0022,1_006,1,20,task_0021,1_006,76.84173203021453,True
21,task_0022,1_006,2,22,task_0023,1_006,73.91512368231784,True
21,task_0022,1_006,3,23,task_0024,1_006,68.01040946745263,True
21,task_0022,1_006,4,134,task_0135,1_034,56.06955415354516,False
21,task_0022,1_006,5,130,task_0131,1_033,46.36340796115413,False
21,task_0022,1_006,6,175,task_0176,1_044,33.07468923260369,False
21,task_0022,1_006,7,182,task_0183,1_046,30.747218230529583,False
21,task_0022,1_006,8,19,task_0020,1_005,30.728307943156814,False
21,task_0022,1_006,9,128,task_0129,1_033,29.06598472014169,False
21,task_0022,1_006,10,181,task_0182,1_046,28.256574040350973,False
22,task_0023,1_006,1,20,task_0021,1_006,99.78233534769444,True
22,task_0023,1_006,2,21,task_0022,1_006,75.6025659039065,True
22,task_0023,1_006,3,23,task_0024,1_006,68.4104269856187,True
22,task_0023,1_006,4,134,task_0135,1_034,59.770259279648755,False
22,task_0023,1_006,5,130,task_0131,1_033,51.332432956700806,False
22,task_0023,1_006,6,172,task_0173,1_044,29.958544551501486,False
22,task_0023,1_006,7,362,task_0363,3_004,28.708969668246,False
22,task_0023,1_006,8,446,task_0447,3_025,28.559907874290356,False
22,task_0023,1_006,9,442,task_0443,3_024,28.390956259903827,False
22,task_0023,1_006,10,128,task_0129,1_033,28.207175667677845,False
23,task_0024,1_006,1,21,task_0022,1_006,68.45994846335853,True
23,task_0024,1_006,2,22,task_0023,1_006,68.21472437787273,True
23,task_0024,1_006,3,20,task_0021,1_006,64.4765309327776,True
23,task_0024,1_006,4,134,task_0135,1_034,52.14308921654629,False
23,task_0024,1_006,5,130,task_0131,1_033,47.60109589598095,False
23,task_0024,1_006,6,175,task_0176,1_044,37.70779816597257,False
23,task_0024,1_006,7,63,task_0064,1_016,37.0191117625485,False
23,task_0024,1_006,8,19,task_0020,1_005,35.78195494659567,False
23,task_0024,1_006,9,587,task_0588,4_006,29.632772910571777,False
23,task_0024,1_006,10,54,task_0055,1_014,26.08135929796608,False
24,task_0025,1_007,1,26,task_0027,1_007,68.2619730038384,True
24,task_0025,1_007,2,126,task_0127,1_032,43.81591835104669,False
24,task_0025,1_007,3,137,task_0138,1_035,41.7680047821888,False
24,task_0025,1_007,4,149,task_0150,1_038,41.760093944457864,False
24,task_0025,1_007,5,140,task_0141,1_036,39.11080653341505,False
24,task_0025,1_007,6,139,task_0140,1_035,38.14819263213945,False
24,task_0025,1_007,7,142,task_0143,1_036,37.993864910505366,False
24,task_0025,1_007,8,86,task_0087,1_022,35.58471912319607,False
24,task_0025,1_007,9,138,task_0139,1_035,35.48139840634181,False
24,task_0025,1_007,10,143,task_0144,1_036,33.7863577718614,False
25,task_0026,1_007,1,27,task_0028,1_007,136.34972496915165,True
25,task_0026,1_007,2,70,task_0071,1_018,46.94391363066108,False
25,task_0026,1_007,3,26,task_0027,1_007,35.74245683336007,True
25,task_0026,1_007,4,86,task_0087,1_022,32.40683890133165,False
25,task_0026,1_007,5,170,task_0171,1_043,31.911579525350007,False
25,task_0026,1_007,6,84,task_0085,1_022,31.38241671678102,False
25,task_0026,1_007,7,109,task_0110,1_028,30.448360476936287,False
25,task_0026,1_007,8,74,task_0075,1_019,29.467980317965406,False
25,task_0026,1_007,9,24,task_0025,1_007,29.377953392836613,True
25,task_0026,1_007,10,40,task_0041,1_011,29.183514558400336,False
26,task_0027,1_007,1,24,task_0025,1_007,70.25582908166801,True
26,task_0027,1_007,2,138,task_0139,1_035,42.807215414358495,False
26,task_0027,1_007,3,137,task_0138,1_035,41.97806497965494,False
26,task_0027,1_007,4,176,task_0177,1_045,39.02422055664248,False
26,task_0027,1_007,5,25,task_0026,1_007,36.55031605683717,True
26,task_0027,1_007,6,27,task_0028,1_007,36.55031605683717,True
26,task_0027,1_007,7,139,task_0140,1_035,36.39084498536759,False
26,task_0027,1_007,8,149,task_0150,1_038,34.81083749219203,False
26,task_0027,1_007,9,148,task_0149,1_038,34.688972550861386,False
26,task_0027,1_007,10,136,task_0137,1_035,34.25023084556195,False
27,task_0028,1_007,1,25,task_0026,1_007,136.34972496915165,True
27,task_0028,1_007,2,70,task_0071,1_018,46.49678787931039,False
27,task_0028,1_007,3,84,task_0085,1_022,36.50734165625259,False
27,task_0028,1_007,4,26,task_0027,1_007,35.74245683336007,True
27,task_0028,1_007,5,170,task_0171,1_043,31.574641397323397,False
27,task_0028,1_007,6,109,task_0110,1_028,30.08198026326174,False
27,task_0028,1_007,7,74,task_0075,1_019,29.467980317965406,False
27,task_0028,1_007,8,24,task_0025,1_007,29.377953392836613,True
27,task_0028,1_007,9,139,task_0140,1_035,29.10716104871065,False
27,task_0028,1_007,10,40,task_0041,1_011,28.831489210323454,False
28,task_0029,1_008,1,30,task_0031,1_008,79.30827393763539,True
28,task_0029,1_008,2,31,task_0032,1_008,37.465439837238875,True
28,task_0029,1_008,3,29,task_0030,1_008,35.86644499593555,True
28,task_0029,1_008,4,91,task_0092,1_023,29.665246187923472,False
28,task_0029,1_008,5,10,task_0011,1_003,26.05481535348845,False
28,task_0029,1_008,6,58,task_0059,1_015,25.441009725687827,False
28,task_0029,1_008,7,213,task_0214,2_007,24.342921599062866,False
28,task_0029,1_008,8,89,task_0090,1_023,24.330482887173872,False
28,task_0029,1_008,9,84,task_0085,1_022,23.601346635807733,False
28,task_0029,1_008,10,90,task_0091,1_023,22.41013418387576,False
29,task_0030,1_008,1,31,task_0032,1_008,88.79653816793125,True
29,task_0030,1_008,2,28,task_0029,1_008,31.243976711636822,True
29,task_0030,1_008,3,30,task_0031,1_008,28.41294302160862,True
29,task_0030,1_008,4,58,task_0059,1_015,21.272995444108773,False
29,task_0030,1_008,5,59,task_0060,1_015,21.106172768313133,False
29,task_0030,1_008,6,217,task_0218,2_008,18.989525198412572,False
29,task_0030,1_008,7,57,task_0058,1_015,18.97456969560156,False
29,task_0030,1_008,8,222,task_0223,2_009,17.655177274412605,False
29,task_0030,1_008,9,264,task_0265,2_020,16.650904209484928,False
29,task_0030,1_008,10,7,task_0008,1_002,16.504523463684222,False
30,task_0031,1_008,1,28,task_0029,1_008,84.66241164907773,True
30,task_0031,1_008,2,31,task_0032,1_008,36.15610264167776,True
30,task_0031,1_008,3,29,task_0030,1_008,34.526095912095855,True
30,task_0031,1_008,4,10,task_0011,1_003,29.986144126165343,False
30,task_0031,1_008,5,145,task_0146,1_037,28.13388565166975,False
30,task_0031,1_008,6,58,task_0059,1_015,26.21170155215956,False
30,task_0031,1_008,7,33,task_0034,1_009,24.881165318171366,False
30,task_0031,1_008,8,147,task_0148,1_037,24.39737471771394,False
30,task_0031,1_008,9,215,task_0216,2_007,22.398557048315908,False
30,task_0031,1_008,10,190,task_0191,2_001,22.33665929228307,False
31,task_0032,1_008,1,29,task_0030,1_008,90.73531116821363,True
31,task_0032,1_008,2,28,task_0029,1_008,33.30364980240675,True
31,task_0032,1_008,3,30,task_0031,1_008,30.500896384244133,True
31,task_0032,1_008,4,59,task_0060,1_015,23.362129227956668,False
31,task_0032,1_008,5,178,task_0179,1_045,21.974897842488467,False
31,task_0032,1_008,6,57,task_0058,1_015,21.219140632861862,False
31,task_0032,1_008,7,10,task_0011,1_003,19.963467316521392,False
31,task_0032,1_008,8,8,task_0009,1_003,19.70068844091245,False
31,task_0032,1_008,9,222,task_0223,2_009,18.81541306988702,False
31,task_0032,1_008,10,163,task_0164,1_041,18.513953930073036,False
32,task_0033,1_009,1,34,task_0035,1_009,88.35291545544838,True
32,task_0033,1_009,2,606,task_0607,4_011,31.352133634399625,False
32,task_0033,1_009,3,174,task_0175,1_044,27.374001747058976,False
32,task_0033,1_009,4,172,task_0173,1_044,25.952303354354527,False
32,task_0033,1_009,5,122,task_0123,1_031,25.71092309771571,False
32,task_0033,1_009,6,604,task_0605,4_011,24.601673606895822,False
32,task_0033,1_009,7,35,task_0036,1_009,24.00698864340232,True
32,task_0033,1_009,8,245,task_0246,2_015,23.094141606926883,False
32,task_0033,1_009,9,120,task_0121,1_031,23.060240930278407,False
32,task_0033,1_009,10,607,task_0608,4_011,21.982497489051948,False
33,task_0034,1_009,1,35,task_0036,1_009,51.25333585932319,True
33,task_0034,1_009,2,58,task_0059,1_015,29.48013368662633,False
33,task_0034,1_009,3,56,task_0057,1_015,28.36537363718869,False
33,task_0034,1_009,4,90,task_0091,1_023,23.549095002697058,False
33,task_0034,1_009,5,163,task_0164,1_041,20.785708693797616,False
33,task_0034,1_009,6,30,task_0031,1_008,19.497528380069184,False
33,task_0034,1_009,7,10,task_0011,1_003,19.27221325107948,False
33,task_0034,1_009,8,597,task_0598,4_009,17.01163264968352,False
33,task_0034,1_009,9,266,task_0267,2_020,16.942427206561987,False
33,task_0034,1_009,10,267,task_0268,2_020,16.66781324859947,False
34,task_0035,1_009,1,32,task_0033,1_009,88.96177567571287,True
34,task_0035,1_009,2,174,task_0175,1_044,34.91549543659793,False
34,task_0035,1_009,3,606,task_0607,4_011,31.827588912116344,False
34,task_0035,1_009,4,35,task_0036,1_009,31.782526598333764,True
34,task_0035,1_009,5,172,task_0173,1_044,24.428744557030466,False
34,task_0035,1_009,6,618,task_0619,4_014,23.720371538818505,False
34,task_0035,1_009,7,381,task_0382,3_009,23.303758286436942,False
34,task_0035,1_009,8,166,task_0167,1_042,22.85257969882339,False
34,task_0035,1_009,9,605,task_0606,4_011,22.79963243345333,False
34,task_0035,1_009,10,598,task_0599,4_009,22.13627926888466,False
35,task_0036,1_009,1,33,task_0034,1_009,51.45908578526634,True
35,task_0036,1_009,2,58,task_0059,1_015,29.177217828782958,False
35,task_0036,1_009,3,34,task_0035,1_009,28.99650873561454,True
35,task_0036,1_009,4,56,task_0057,1_015,28.07537883762301,False
35,task_0036,1_009,5,267,task_0268,2_020,24.170505591649352,False
35,task_0036,1_009,6,163,task_0164,1_041,22.54495755941497,False
35,task_0036,1_009,7,32,task_0033,1_009,21.20709421064979,True
35,task_0036,1_009,8,599,task_0600,4_009,19.229017402832078,False
35,task_0036,1_009,9,382,task_0383,3_009,18.764101928181645,False
35,task_0036,1_009,10,160,task_0161,1_041,16.74240251325974,False
36,task_0037,1_010,1,38,task_0039,1_010,58.011522610810715,True
36,task_0037,1_010,2,39,task_0040,1_010,48.489167975133334,True
36,task_0037,1_010,3,37,task_0038,1_010,47.27523193927881,True
36,task_0037,1_010,4,122,task_0123,1_031,47.06149142409626,False
36,task_0037,1_010,5,518,task_0519,3_043,31.823009259053595,False
36,task_0037,1_010,6,11,task_0012,1_003,30.02817139332813,False
36,task_0037,1_010,7,120,task_0121,1_031,29.530367812502742,False
36,task_0037,1_010,8,95,task_0096,1_024,27.87915534596841,False
36,task_0037,1_010,9,182,task_0183,1_046,27.812857653600247,False
36,task_0037,1_010,10,19,task_0020,1_005,27.214046290432606,False
37,task_0038,1_010,1,39,task_0040,1_010,93.02417419785453,True
37,task_0038,1_010,2,36,task_0037,1_010,49.889218494535754,True
37,task_0038,1_010,3,1,task_0002,1_001,38.20734786066063,False
37,task_0038,1_010,4,150,task_0151,1_038,32.71756031147867,False
37,task_0038,1_010,5,149,task_0150,1_038,31.81319096168089,False
37,task_0038,1_010,6,140,task_0141,1_036,31.781888658425167,False
37,task_0038,1_010,7,64,task_0065,1_017,31.201185998133635,False
37,task_0038,1_010,8,142,task_0143,1_036,28.75551091425585,False
37,task_0038,1_010,9,362,task_0363,3_004,27.09335803078204,False
37,task_0038,1_010,10,122,task_0123,1_031,26.953572649050248,False
38,task_0039,1_010,1,36,task_0037,1_010,62.690248804748705,True
38,task_0039,1_010,2,39,task_0040,1_010,60.238868884839746,True
38,task_0039,1_010,3,84,task_0085,1_022,40.0482704213159,False
38,task_0039,1_010,4,104,task_0105,1_027,37.12017301358751,False
38,task_0039,1_010,5,124,task_0125,1_032,36.86388920164011,False
38,task_0039,1_010,6,68,task_0069,1_018,35.75663083312172,False
38,task_0039,1_010,7,5,task_0006,1_002,34.65759263827669,False
38,task_0039,1_010,8,13,task_0014,1_004,34.349080683286,False
38,task_0039,1_010,9,72,task_0073,1_019,34.183485175186746,False
38,task_0039,1_010,10,138,task_0139,1_035,33.89703847378016,False
39,task_0040,1_010,1,37,task_0038,1_010,100.33513764288824,True
39,task_0040,1_010,2,38,task_0039,1_010,63.651523462812804,True
39,task_0040,1_010,3,36,task_0037,1_010,56.432277963283795,True
39,task_0040,1_010,4,158,task_0159,1_040,39.310299022388044,False
39,task_0040,1_010,5,156,task_0157,1_040,38.1002278942557,False
39,task_0040,1_010,6,13,task_0014,1_004,37.24861390776798,False
39,task_0040,1_010,7,140,task_0141,1_036,36.834886156440376,False
39,task_0040,1_010,8,182,task_0183,1_046,36.127456753005035,False
39,task_0040,1_010,9,149,task_0150,1_038,35.99867045467179,False
39,task_0040,1_010,10,157,task_0158,1_040,35.63869783636053,False
40,task_0041,1_011,1,42,task_0043,1_011,121.11086210235163,True
40,task_0041,1_011,2,43,task_0044,1_011,48.74720336398938,True
40,task_0041,1_011,3,41,task_0042,1_011,43.688272903365004,True
40,task_0041,1_011,4,74,task_0075,1_019,40.96574464316622,False
40,task_0041,1_011,5,117,task_0118,1_030,40.27285666965002,False
40,task_0041,1_011,6,387,task_0388,3_011,38.998006258294566,False
40,task_0041,1_011,7,130,task_0131,1_033,38.24413272153779,False
40,task_0041,1_011,8,134,task_0135,1_034,36.35132447685907,False
40,task_0041,1_011,9,25,task_0026,1_007,35.514220733621265,False
40,task_0041,1_011,10,27,task_0028,1_007,35.05061551588549,False
41,task_0042,1_011,1,43,task_0044,1_011,113.73118949474278,True
41,task_0042,1_011,2,145,task_0146,1_037,63.65066064139333,False
41,task_0042,1_011,3,147,task_0148,1_037,53.265715665781535,False
41,task_0042,1_011,4,42,task_0043,1_011,51.671185784792435,True
41,task_0042,1_011,5,40,task_0041,1_011,39.783022887347286,True
41,task_0042,1_011,6,168,task_0169,1_043,29.890075151201614,False
41,task_0042,1_011,7,44,task_0045,1_012,29.082623624530292,False
41,task_0042,1_011,8,9,task_0010,1_003,27.56264234677334,False
41,task_0042,1_011,9,170,task_0171,1_043,26.1791171941033,False
41,task_0042,1_011,10,229,task_0230,2_011,24.854345223585437,False
42,task_0043,1_011,1,40,task_0041,1_011,121.15982944481314,True
42,task_0043,1_011,2,41,task_0042,1_011,56.040202647090624,True
42,task_0043,1_011,3,43,task_0044,1_011,48.85777282406918,True
42,task_0043,1_011,4,389,task_0390,3_011,40.69618645371789,False
42,task_0043,1_011,5,136,task_0137,1_035,37.1075714943248,False
42,task_0043,1_011,6,145,task_0146,1_037,36.70667012194245,False
42,task_0043,1_011,7,125,task_0126,1_032,35.22964393948204,False
42,task_0043,1_011,8,74,task_0075,1_019,35.107858716103145,False
42,task_0043,1_011,9,144,task_0145,1_037,33.63259359742945,False
42,task_0043,1_011,10,387,task_0388,3_011,33.45697043528715,False
43,task_0044,1_011,1,41,task_0042,1_011,114.60697944183997,True
43,task_0044,1_011,2,145,task_0146,1_037,53.16025998163906,False
43,task_0044,1_011,3,40,task_0041,1_011,46.704204735965696,True
43,task_0044,1_011,4,42,task_0043,1_011,45.849009709561074,True
43,task_0044,1_011,5,147,task_0148,1_037,38.73430028001699,False
43,task_0044,1_011,6,44,task_0045,1_012,34.75874928841061,False
43,task_0044,1_011,7,85,task_0086,1_022,30.96895742135762,False
43,task_0044,1_011,8,168,task_0169,1_043,29.3234147752803,False
43,task_0044,1_011,9,170,task_0171,1_043,29.101354326460545,False
43,task_0044,1_011,10,98,task_0099,1_025,28.61820991884423,False
44,task_0045,1_012,1,46,task_0047,1_012,71.65753100507126,True
44,task_0045,1_012,2,45,task_0046,1_012,51.87360213984619,True
44,task_0045,1_012,3,47,task_0048,1_012,45.27190292659749,True
44,task_0045,1_012,4,43,task_0044,1_011,32.64698792335454,False
44,task_0045,1_012,5,41,task_0042,1_011,27.879248904967145,False
44,task_0045,1_012,6,142,task_0143,1_036,26.974753201740295,False
44,task_0045,1_012,7,164,task_0165,1_042,26.76940410019516,False
44,task_0045,1_012,8,117,task_0118,1_030,26.05810482418311,False
44,task_0045,1_012,9,94,task_0095,1_024,25.93495004956078,False
44,task_0045,1_012,10,74,task_0075,1_019,24.484150156653183,False
45,task_0046,1_012,1,47,task_0048,1_012,122.67956286737845,True
45,task_0046,1_012,2,44,task_0045,1_012,54.329194760229775,True
45,task_0046,1_012,3,117,task_0118,1_030,32.72430913391608,False
45,task_0046,1_012,4,46,task_0047,1_012,31.63104370963317,True
45,task_0046,1_012,5,39,task_0040,1_010,25.671119336657338,False
45,task_0046,1_012,6,123,task_0124,1_031,24.106636820251666,False
45,task_0046,1_012,7,609,task_0610,4_012,22.420504890636295,False
45,task_0046,1_012,8,43,task_0044,1_011,21.711760703367695,False
45,task_0046,1_012,9,13,task_0014,1_004,20.91874677201919,False
45,task_0046,1_012,10,160,task_0161,1_041,20.03633536196681,False
46,task_0047,1_012,1,44,task_0045,1_012,67.05496075249258,True
46,task_0047,1_012,2,47,task_0048,1_012,37.69776841705732,True
46,task_0047,1_012,3,45,task_0046,1_012,28.531275377520863,True
46,task_0047,1_012,4,142,task_0143,1_036,26.696680633556127,False
46,task_0047,1_012,5,149,task_0150,1_038,24.49609185240122,False
46,task_0047,1_012,6,610,task_0611,4_012,24.478810186476835,False
46,task_0047,1_012,7,109,task_0110,1_028,21.643710786679268,False
46,task_0047,1_012,8,121,task_0122,1_031,21.472034380563315,False
46,task_0047,1_012,9,140,task_0141,1_036,21.28398508440384,False
46,task_0047,1_012,10,42,task_0043,1_011,21.212811532869928,False
47,task_0048,1_012,1,45,task_0046,1_012,121.89076438541287,True
47,task_0048,1_012,2,44,task_0045,1_012,48.70640780015141,True
47,task_0048,1_012,3,46,task_0047,1_012,42.97072948780584,True
47,task_0048,1_012,4,117,task_0118,1_030,33.064165066881486,False
47,task_0048,1_012,5,15,task_0016,1_004,28.55514068988249,False
47,task_0048,1_012,6,120,task_0121,1_031,26.846721948777425,False
47,task_0048,1_012,7,13,task_0014,1_004,26.354156890782345,False
47,task_0048,1_012,8,123,task_0124,1_031,26.299857512917132,False
47,task_0048,1_012,9,122,task_0123,1_031,26.15343365515569,False
47,task_0048,1_012,10,79,task_0080,1_020,24.259280810796508,False
48,task_0049,1_013,1,50,task_0051,1_013,103.37169344453567,True
48,task_0049,1_013,2,51,task_0052,1_013,64.58852691149795,True
48,task_0049,1_013,3,49,task_0050,1_013,62.0904210841083,True
48,task_0049,1_013,4,137,task_0138,1_035,41.80261675598528,False
48,task_0049,1_013,5,70,task_0071,1_018,36.96294720323211,False
48,task_0049,1_013,6,157,task_0158,1_040,36.04565086711343,False
48,task_0049,1_013,7,138,task_0139,1_035,33.236105619839016,False
48,task_0049,1_013,8,109,task_0110,1_028,32.322584690323936,False
48,task_0049,1_013,9,181,task_0182,1_046,31.725892686310218,False
48,task_0049,1_013,10,158,task_0159,1_040,30.989479795110793,False
49,task_0050,1_013,1,51,task_0052,1_013,107.44346343553096,True
49,task_0050,1_013,2,50,task_0051,1_013,88.6108236356643,True
49,task_0050,1_013,3,48,task_0049,1_013,62.24007254987656,True
49,task_0050,1_013,4,140,task_0141,1_036,31.479401449154068,False
49,task_0050,1_013,5,145,task_0146,1_037,27.897066442159637,False
49,task_0050,1_013,6,142,task_0143,1_036,27.04411110105181,False
49,task_0050,1_013,7,141,task_0142,1_036,26.57336584417441,False
49,task_0050,1_013,8,143,task_0144,1_036,25.592907521640413,False
49,task_0050,1_013,9,96,task_0097,1_025,25.184846537809914,False
49,task_0050,1_013,10,157,task_0158,1_040,24.23300046606654,False
50,task_0051,1_013,1,48,task_0049,1_013,105.39220036447279,True
50,task_0051,1_013,2,49,task_0050,1_013,91.33543203214133,True
50,task_0051,1_013,3,51,task_0052,1_013,89.34588714897949,True
50,task_0051,1_013,4,157,task_0158,1_040,36.04565086711343,False
50,task_0051,1_013,5,181,task_0182,1_046,32.25351365231,False
50,task_0051,1_013,6,109,task_0110,1_028,32.16444771472179,False
50,task_0051,1_013,7,70,task_0071,1_018,31.988726544627355,False
50,task_0051,1_013,8,158,task_0159,1_040,30.989479795110793,False
50,task_0051,1_013,9,156,task_0157,1_040,30.356719891188597,False
50,task_0051,1_013,10,137,task_0138,1_035,29.780876914760995,False
51,task_0052,1_013,1,49,task_0050,1_013,110.91578370210631,True
51,task_0052,1_013,2,50,task_0051,1_013,91.00296659037099,True
51,task_0052,1_013,3,48,task_0049,1_013,65.52400201813313,True
51,task_0052,1_013,4,141,task_0142,1_036,35.37763919406384,False
51,task_0052,1_013,5,139,task_0140,1_035,35.05667420340699,False
51,task_0052,1_013,6,140,task_0141,1_036,34.771541789873076,False
51,task_0052,1_013,7,147,task_0148,1_037,31.060395282915145,False
51,task_0052,1_013,8,66,task_0067,1_017,30.645743051383164,False
51,task_0052,1_013,9,62,task_0063,1_016,30.497011912506366,False
51,task_0052,1_013,10,109,task_0110,1_028,29.800218571919853,False
52,task_0053,1_014,1,54,task_0055,1_014,99.64326974865762,True
52,task_0053,1_014,2,53,task_0054,1_014,66.74479263152202,True
52,task_0053,1_014,3,55,task_0056,1_014,65.49195620847124,True
52,task_0053,1_014,4,128,task_0129,1_033,28.953714960677434,False
52,task_0053,1_014,5,496,task_0497,3_038,27.24119285882749,False
52,task_0053,1_014,6,500,task_0501,3_039,25.7486719062715,False
52,task_0053,1_014,7,158,task_0159,1_040,22.985050371345103,False
52,task_0053,1_014,8,156,task_0157,1_040,22.302170448779826,False
52,task_0053,1_014,9,157,task_0158,1_040,21.939057308031472,False
52,task_0053,1_014,10,399,task_0400,3_014,21.102947701415275,False
53,task_0054,1_014,1,55,task_0056,1_014,119.5975481853094,True
53,task_0054,1_014,2,52,task_0053,1_014,70.71467614965619,True
53,task_0054,1_014,3,54,task_0055,1_014,69.98795367149165,True
53,task_0054,1_014,4,6,task_0007,1_002,37.89553528353743,False
53,task_0054,1_014,5,134,task_0135,1_034,37.37174490638536,False
53,task_0054,1_014,6,5,task_0006,1_002,35.992168493798786,False
53,task_0054,1_014,7,106,task_0107,1_027,35.41113834817946,False
53,task_0054,1_014,8,156,task_0157,1_040,34.71634196539201,False
53,task_0054,1_014,9,158,task_0159,1_040,34.66236819806193,False
53,task_0054,1_014,10,102,task_0103,1_026,30.648480430662502,False
54,task_0055,1_014,1,52,task_0053,1_014,100.77451447053946,True
54,task_0055,1_014,2,53,task_0054,1_014,66.74479263152202,True
54,task_0055,1_014,3,55,task_0056,1_014,65.49195620847124,True
54,task_0055,1_014,4,500,task_0501,3_039,27.718316921791683,False
54,task_0055,1_014,5,496,task_0497,3_038,25.843135330596994,False
54,task_0055,1_014,6,23,task_0024,1_006,25.63792674808515,False
54,task_0055,1_014,7,6,task_0007,1_002,24.764660948043336,False
54,task_0055,1_014,8,182,task_0183,1_046,24.54447609131717,False
54,task_0055,1_014,9,132,task_0133,1_034,22.4249335170292,False
54,task_0055,1_014,10,156,task_0157,1_040,22.302170448779826,False
55,task_0056,1_014,1,53,task_0054,1_014,121.54889014530657,True
55,task_0056,1_014,2,52,task_0053,1_014,70.71467614965619,True
55,task_0056,1_014,3,54,task_0055,1_014,69.98795367149165,True
55,task_0056,1_014,4,6,task_0007,1_002,41.4550534044867,False
55,task_0056,1_014,5,134,task_0135,1_034,41.341948125317806,False
55,task_0056,1_014,6,156,task_0157,1_040,38.038071017847756,False
55,task_0056,1_014,7,130,task_0131,1_033,36.56371165559247,False
55,task_0056,1_014,8,158,task_0159,1_040,36.0261316625184,False
55,task_0056,1_014,9,106,task_0107,1_027,35.41113834817946,False
55,task_0056,1_014,10,180,task_0181,1_046,33.073248532476256,False
56,task_0057,1_015,1,58,task_0059,1_015,95.38857428775128,True
56,task_0057,1_015,2,57,task_0058,1_015,65.41962021042339,True
56,task_0057,1_015,3,59,task_0060,1_015,51.049850773215255,True
56,task_0057,1_015,4,266,task_0267,2_020,44.43721694263243,False
56,task_0057,1_015,5,10,task_0011,1_003,39.330583938359695,False
56,task_0057,1_015,6,214,task_0215,2_007,33.40898796336817,False
56,task_0057,1_015,7,213,task_0214,2_007,33.35891544917372,False
56,task_0057,1_015,8,264,task_0265,2_020,33.27474456903117,False
56,task_0057,1_015,9,215,task_0216,2_007,33.19364970989231,False
56,task_0057,1_015,10,33,task_0034,1_009,31.9002502729106,False
57,task_0058,1_015,1,59,task_0060,1_015,120.45237705484642,True
57,task_0058,1_015,2,56,task_0057,1_015,60.38417085010075,True
57,task_0058,1_015,3,58,task_0059,1_015,51.821512491577245,True
57,task_0058,1_015,4,10,task_0011,1_003,37.79083123691182,False
57,task_0058,1_015,5,264,task_0265,2_020,29.99871064530097,False
57,task_0058,1_015,6,266,task_0267,2_020,28.181893077533523,False
57,task_0058,1_015,7,8,task_0009,1_003,27.72064873967504,False
57,task_0058,1_015,8,408,task_0409,3_016,23.905544753181502,False
57,task_0058,1_015,9,404,task_0405,3_015,22.144050422257827,False
57,task_0058,1_015,10,213,task_0214,2_007,21.52064476843497,False
58,task_0059,1_015,1,56,task_0057,1_015,93.20912565966964,True
58,task_0059,1_015,2,57,task_0058,1_015,54.91628788215017,True
58,task_0059,1_015,3,10,task_0011,1_003,45.45963301650917,False
58,task_0059,1_015,4,266,task_0267,2_020,44.43721694263243,False
58,task_0059,1_015,5,59,task_0060,1_015,42.80470729146241,True
58,task_0059,1_015,6,264,task_0265,2_020,33.27474456903117,False
58,task_0059,1_015,7,215,task_0216,2_007,33.19364970989231,False
58,task_0059,1_015,8,214,task_0215,2_007,33.10913842615934,False
58,task_0059,1_015,9,213,task_0214,2_007,32.936368624779206,False
58,task_0059,1_015,10,33,task_0034,1_009,31.9002502729106,False
59,task_0060,1_015,1,57,task_0058,1_015,120.64556601696259,True
59,task_0060,1_015,2,56,task_0057,1_015,46.392796533515536,True
59,task_0060,1_015,3,58,task_0059,1_015,39.50938423280338,True
59,task_0060,1_015,4,8,task_0009,1_003,27.72064873967504,False
59,task_0060,1_015,5,10,task_0011,1_003,25.585440935616102,False
59,task_0060,1_015,6,31,task_0032,1_008,23.69284105076523,False
59,task_0060,1_015,7,29,task_0030,1_008,22.412709079521036,False
59,task_0060,1_015,8,406,task_0407,3_015,19.01230094025203,False
59,task_0060,1_015,9,38,task_0039,1_010,18.816081258165475,False
59,task_0060,1_015,10,163,task_0164,1_041,17.49892778804234,False
60,task_0061,1_016,1,64,task_0065,1_017,64.76955699640884,False
60,task_0061,1_016,2,66,task_0067,1_017,49.19902110654823,False
60,task_0061,1_016,3,62,task_0063,1_016,48.75982231318674,True
60,task_0061,1_016,4,9,task_0010,1_003,38.24694662431756,False
60,task_0061,1_016,5,11,task_0012,1_003,29.763843856264273,False
60,task_0061,1_016,6,148,task_0149,1_038,22.797542579641963,False
60,task_0061,1_016,7,128,task_0129,1_033,21.873177767495918,False
60,task_0061,1_016,8,248,task_0249,2_016,21.761924960437643,False
60,task_0061,1_016,9,70,task_0071,1_018,21.516072552890684,False
60,task_0061,1_016,10,86,task_0087,1_022,20.565624109677167,False
61,task_0062,1_016,1,130,task_0131,1_033,37.73911131784434,False
61,task_0062,1_016,2,118,task_0119,1_030,34.66129156923678,False
61,task_0062,1_016,3,114,task_0115,1_029,34.263806507074,False
61,task_0062,1_016,4,116,task_0117,1_030,33.39930955915251,False
61,task_0062,1_016,5,112,task_0113,1_029,33.25523698970591,False
61,task_0062,1_016,6,79,task_0080,1_020,33.23370455016498,False
61,task_0062,1_016,7,134,task_0135,1_034,31.644488851018973,False
61,task_0062,1_016,8,83,task_0084,1_021,28.819323700684702,False
61,task_0062,1_016,9,67,task_0068,1_017,27.887933689656602,False
61,task_0062,1_016,10,85,task_0086,1_022,26.947544118199286,False
62,task_0063,1_016,1,66,task_0067,1_017,154.59895940001394,False
62,task_0063,1_016,2,64,task_0065,1_017,55.93808966237663,False
62,task_0063,1_016,3,60,task_0061,1_016,55.715370453381965,True
62,task_0063,1_016,4,148,task_0149,1_038,46.894655000546706,False
62,task_0063,1_016,5,186,task_0187,1_047,43.466743483427734,False
62,task_0063,1_016,6,147,task_0148,1_037,41.01825627417935,False
62,task_0063,1_016,7,70,task_0071,1_018,38.70059528530984,False
62,task_0063,1_016,8,146,task_0147,1_037,37.64223415324873,False
62,task_0063,1_016,9,177,task_0178,1_045,37.14479180807405,False
62,task_0063,1_016,10,145,task_0146,1_037,35.8861794565136,False
63,task_0064,1_016,1,17,task_0018,1_005,37.324450128999054,False
63,task_0064,1_016,2,19,task_0020,1_005,36.491387559515154,False
63,task_0064,1_016,3,65,task_0066,1_017,31.053514492846833,False
63,task_0064,1_016,4,23,task_0024,1_006,30.37276619191422,False
63,task_0064,1_016,5,169,task_0170,1_043,24.578775917125316,False
63,task_0064,1_016,6,130,task_0131,1_033,23.28001976599713,False
63,task_0064,1_016,7,81,task_0082,1_021,22.98409622056396,False
63,task_0064,1_016,8,55,task_0056,1_014,20.39573554434943,False
63,task_0064,1_016,9,54,task_0055,1_014,18.193870206595996,False
63,task_0064,1_016,10,53,task_0054,1_014,17.45329813511832,False
64,task_0065,1_017,1,60,task_0061,1_016,71.47714590186496,False
64,task_0065,1_017,2,66,task_0067,1_017,57.97614796845271,True
64,task_0065,1_017,3,62,task_0063,1_016,52.425247323375814,False
64,task_0065,1_017,4,86,task_0087,1_022,37.68662411376234,False
64,task_0065,1_017,5,37,task_0038,1_010,33.122265264212864,False
64,task_0065,1_017,6,10,task_0011,1_003,32.5322017525541,False
64,task_0065,1_017,7,134,task_0135,1_034,31.28316840809071,False
64,task_0065,1_017,8,9,task_0010,1_003,30.441219739347677,False
64,task_0065,1_017,9,148,task_0149,1_038,29.348841417351345,False
64,task_0065,1_017,10,185,task_0186,1_047,26.614151591237835,False
65,task_0066,1_017,1,63,task_0064,1_016,31.933859810044254,False
65,task_0066,1_017,2,67,task_0068,1_017,28.673844982034613,True
65,task_0066,1_017,3,159,task_0160,1_040,27.18207531596617,False
65,task_0066,1_017,4,20,task_0021,1_006,26.205965832453018,False
65,task_0066,1_017,5,182,task_0183,1_046,25.975213873447114,False
65,task_0066,1_017,6,629,task_0630,4_017,24.88531222444567,False
65,task_0066,1_017,7,157,task_0158,1_040,24.510642223364446,False
65,task_0066,1_017,8,132,task_0133,1_034,24.12047447869876,False
65,task_0066,1_017,9,114,task_0115,1_029,24.03646590890299,False
65,task_0066,1_017,10,21,task_0022,1_006,24.007508882907487,False
66,task_0067,1_017,1,62,task_0063,1_016,154.70122297849133,False
66,task_0067,1_017,2,64,task_0065,1_017,61.773711669996366,True
66,task_0067,1_017,3,60,task_0061,1_016,55.9245282584933,False
66,task_0067,1_017,4,148,task_0149,1_038,51.27913928963993,False
66,task_0067,1_017,5,70,task_0071,1_018,45.554445424264046,False
66,task_0067,1_017,6,186,task_0187,1_047,41.773316299957884,False
66,task_0067,1_017,7,147,task_0148,1_037,41.01825627417935,False
66,task_0067,1_017,8,184,task_0185,1_047,38.47139536720638,False
66,task_0067,1_017,9,146,task_0147,1_037,37.64223415324873,False
66,task_0067,1_017,10,177,task_0178,1_045,37.14479180807405,False
67,task_0068,1_017,1,165,task_0166,1_042,32.4195657935733,False
67,task_0068,1_017,2,65,task_0066,1_017,25.319642250477756,True
67,task_0068,1_017,3,61,task_0062,1_016,25.194455311544857,False
67,task_0068,1_017,4,81,task_0082,1_021,21.553735693063604,False
67,task_0068,1_017,5,79,task_0080,1_020,17.833568009898123,False
67,task_0068,1_017,6,83,task_0084,1_021,17.615077085080156,False
67,task_0068,1_017,7,132,task_0133,1_034,17.316824197358144,False
67,task_0068,1_017,8,118,task_0119,1_030,17.27461030056853,False
67,task_0068,1_017,9,128,task_0129,1_033,17.14175243610728,False
67,task_0068,1_017,10,255,task_0256,2_017,16.718826903992568,False
68,task_0069,1_018,1,72,task_0073,1_019,129.57887573193835,False
68,task_0069,1_018,2,138,task_0139,1_035,58.03301808089736,False
68,task_0069,1_018,3,6,task_0007,1_002,51.24662733185692,False
68,task_0069,1_018,4,74,task_0075,1_019,48.29743091325071,False
68,task_0069,1_018,5,13,task_0014,1_004,43.59726204168239,False
68,task_0069,1_018,6,158,task_0159,1_040,43.263106232638236,False
68,task_0069,1_018,7,4,task_0005,1_002,42.65241912476238,False
68,task_0069,1_018,8,136,task_0137,1_035,42.150056203128855,False
68,task_0069,1_018,9,5,task_0006,1_002,40.30793242049326,False
68,task_0069,1_018,10,137,task_0138,1_035,40.15951331212601,False
69,task_0070,1_018,1,73,task_0074,1_019,143.6913944952918,False
69,task_0070,1_018,2,71,task_0072,1_018,132.22095566382612,True
69,task_0070,1_018,3,75,task_0076,1_019,129.0815016548989,False
69,task_0070,1_018,4,291,task_0292,2_026,44.67941401745326,False
69,task_0070,1_018,5,334,task_0335,2_037,32.971664334735735,False
69,task_0070,1_018,6,333,task_0334,2_037,31.52744340047738,False
69,task_0070,1_018,7,230,task_0231,2_011,31.325623618949617,False
69,task_0070,1_018,8,332,task_0333,2_037,28.111049803369024,False
69,task_0070,1_018,9,231,task_0232,2_011,26.92058416166431,False
69,task_0070,1_018,10,98,task_0099,1_025,26.54504064398842,False
70,task_0071,1_018,1,25,task_0026,1_007,48.25075775757003,False
70,task_0071,1_018,2,27,task_0028,1_007,47.78715253983425,False
70,task_0071,1_018,3,74,task_0075,1_019,46.0299621025907,False
70,task_0071,1_018,4,137,task_0138,1_035,42.43114608876818,False
70,task_0071,1_018,5,66,task_0067,1_017,38.797016861116475,False
70,task_0071,1_018,6,48,task_0049,1_013,36.720232473424794,False
70,task_0071,1_018,7,181,task_0182,1_046,36.414073393054984,False
70,task_0071,1_018,8,68,task_0069,1_018,35.617840257514644,True
70,task_0071,1_018,9,109,task_0110,1_028,34.065075436387836,False
70,task_0071,1_018,10,84,task_0085,1_022,33.735181181305514,False
71,task_0072,1_018,1,73,task_0074,1_019,132.10309728090667,False
71,task_0072,1_018,2,69,task_0070,1_018,127.52569291592692,True
71,task_0072,1_018,3,75,task_0076,1_019,88.18662737555576,False
71,task_0072,1_018,4,333,task_0334,2_037,27.74588480358764,False
71,task_0072,1_018,5,334,task_0335,2_037,27.051519228034817,False
71,task_0072,1_018,6,323,task_0324,2_034,26.742987923345396,False
71,task_0072,1_018,7,82,task_0083,1_021,26.68491043036176,False
71,task_0072,1_018,8,76,task_0077,1_020,26.156732668117026,False
71,task_0072,1_018,9,321,task_0322,2_034,26.08919896753924,False
71,task_0072,1_018,10,322,task_0323,2_034,25.831335589445644,False
72,task_0073,1_019,1,68,task_0069,1_018,132.76684971146878,False
72,task_0073,1_019,2,74,task_0075,1_019,71.11754945734894,True
72,task_0073,1_019,3,138,task_0139,1_035,55.508278395856934,False
72,task_0073,1_019,4,6,task_0007,1_002,54.41240534420366,False
72,task_0073,1_019,5,13,task_0014,1_004,45.98807853734342,False
72,task_0073,1_019,6,136,task_0137,1_035,45.42844194854387,False
72,task_0073,1_019,7,158,task_0159,1_040,42.78273525010466,False
72,task_0073,1_019,8,137,task_0138,1_035,42.26767367978279,False
72,task_0073,1_019,9,15,task_0016,1_004,42.037187319347034,False
72,task_0073,1_019,10,4,task_0005,1_002,40.95076322192466,False
73,task_0074,1_019,1,69,task_0070,1_018,136.65923309600277,False
73,task_0074,1_019,2,71,task_0072,1_018,128.4433934507778,False
73,task_0074,1_019,3,75,task_0076,1_019,103.5188880307728,True
73,task_0074,1_019,4,334,task_0335,2_037,37.873997705040146,False
73,task_0074,1_019,5,332,task_0333,2_037,36.93789776613369,False
73,task_0074,1_019,6,333,task_0334,2_037,36.430061137618054,False
73,task_0074,1_019,7,231,task_0232,2_011,35.372188367309754,False
73,task_0074,1_019,8,291,task_0292,2_026,28.17967195035557,False
73,task_0074,1_019,9,323,task_0324,2_034,27.1951830198202,False
73,task_0074,1_019,10,321,task_0322,2_034,26.53192049707355,False
74,task_0075,1_019,1,72,task_0073,1_019,67.96573000578177,True
74,task_0075,1_019,2,109,task_0110,1_028,54.69121658499282,False
74,task_0075,1_019,3,70,task_0071,1_018,47.61874740004944,False
74,task_0075,1_019,4,68,task_0069,1_018,45.31038878037541,False
74,task_0075,1_019,5,139,task_0140,1_035,43.18797780878721,False
74,task_0075,1_019,6,115,task_0116,1_029,38.904151973558825,False
74,task_0075,1_019,7,40,task_0041,1_011,36.1420596115279,False
74,task_0075,1_019,8,111,task_0112,1_028,35.49218122478926,False
74,task_0075,1_019,9,137,task_0138,1_035,33.61010283805229,False
74,task_0075,1_019,10,186,task_0187,1_047,33.480961501930814,False
75,task_0076,1_019,1,69,task_0070,1_018,109.34851945075768,False
75,task_0076,1_019,2,73,task_0074,1_019,91.99600001237378,True
75,task_0076,1_019,3,71,task_0072,1_018,78.47229457569237,False
75,task_0076,1_019,4,291,task_0292,2_026,27.799796472179302,False
75,task_0076,1_019,5,231,task_0232,2_011,25.712370835229954,False
75,task_0076,1_019,6,98,task_0099,1_025,24.64440582964155,False
75,task_0076,1_019,7,334,task_0335,2_037,24.15810330449401,False
75,task_0076,1_019,8,175,task_0176,1_044,20.8302943494491,False
75,task_0076,1_019,9,514,task_0515,3_042,20.371632540971838,False
75,task_0076,1_019,10,94,task_0095,1_024,20.24037914032037,False
76,task_0077,1_020,1,80,task_0081,1_021,98.340441467963,False
76,task_0077,1_020,2,78,task_0079,1_020,60.75930928126575,True
76,task_0077,1_020,3,82,task_0083,1_021,50.71436230382153,False
76,task_0077,1_020,4,336,task_0337,2_038,40.4040330419098,False
76,task_0077,1_020,5,340,task_0341,2_039,36.88171724128612,False
76,task_0077,1_020,6,129,task_0130,1_033,34.14070469145469,False
76,task_0077,1_020,7,309,task_0310,2_031,34.02482232705671,False
76,task_0077,1_020,8,338,task_0339,2_038,32.6584177105953,False
76,task_0077,1_020,9,310,task_0311,2_031,32.5847561463323,False
76,task_0077,1_020,10,342,task_0343,2_039,31.833415294798332,False
77,task_0078,1_020,1,81,task_0082,1_021,40.97372351858288,False
77,task_0078,1_020,2,79,task_0080,1_020,36.95112741603134,True
77,task_0078,1_020,3,83,task_0084,1_021,34.010385317483966,False
77,task_0078,1_020,4,156,task_0157,1_040,26.15862037215517,False
77,task_0078,1_020,5,500,task_0501,3_039,24.568983194163376,False
77,task_0078,1_020,6,158,task_0159,1_040,23.776835011847588,False
77,task_0078,1_020,7,424,task_0425,3_020,23.22747740274965,False
77,task_0078,1_020,8,425,task_0426,3_020,22.111974613535498,False
77,task_0078,1_020,9,32,task_0033,1_009,21.737085201169506,False
77,task_0078,1_020,10,174,task_0175,1_044,21.456712570471367,False
78,task_0079,1_020,1,82,task_0083,1_021,129.26555644926853,False
78,task_0079,1_020,2,336,task_0337,2_038,67.65622751598175,False
78,task_0079,1_020,3,340,task_0341,2_039,63.46926721348029,False
78,task_0079,1_020,4,76,task_0077,1_020,63.367450548343356,True
78,task_0079,1_020,5,129,task_0130,1_033,59.11310167388425,False
78,task_0079,1_020,6,342,task_0343,2_039,52.884494107925576,False
78,task_0079,1_020,7,133,task_0134,1_034,52.3076569795975,False
78,task_0079,1_020,8,135,task_0136,1_034,46.79962500805251,False
78,task_0079,1_020,9,309,task_0310,2_031,43.62413740431913,False
78,task_0079,1_020,10,131,task_0132,1_033,42.153715216499364,False
79,task_0080,1_020,1,83,task_0084,1_021,134.42164765027147,False
79,task_0080,1_020,2,115,task_0116,1_029,56.79598622127768,False
79,task_0080,1_020,3,81,task_0082,1_021,53.09116186012198,False
79,task_0080,1_020,4,61,task_0062,1_016,41.70440217144583,False
79,task_0080,1_020,5,77,task_0078,1_020,38.86790211548669,True
79,task_0080,1_020,6,114,task_0115,1_029,38.49411550415044,False
79,task_0080,1_020,7,118,task_0119,1_030,37.66695251914361,False
79,task_0080,1_020,8,98,task_0099,1_025,36.36192835501627,False
79,task_0080,1_020,9,128,task_0129,1_033,35.13689937880715,False
79,task_0080,1_020,10,134,task_0135,1_034,34.95626587675008,False
80,task_0081,1_021,1,76,task_0077,1_020,98.19257623008072,False
80,task_0081,1_021,2,82,task_0083,1_021,40.73281711460465,True
80,task_0081,1_021,3,78,task_0079,1_020,32.670771560600535,False
80,task_0081,1_021,4,338,task_0339,2_038,29.076293381130856,False
80,task_0081,1_021,5,603,task_0604,4_010,25.084768355008926,False
80,task_0081,1_021,6,336,task_0337,2_038,24.307301357435673,False
80,task_0081,1_021,7,154,task_0155,1_039,23.5610420362568,False
80,task_0081,1_021,8,129,task_0130,1_033,22.649483213590088,False
80,task_0081,1_021,9,152,task_0153,1_039,21.755151684746217,False
80,task_0081,1_021,10,155,task_0156,1_039,21.53407910324668,False
81,task_0082,1_021,1,79,task_0080,1_020,45.388527335788346,False
81,task_0082,1_021,2,83,task_0084,1_021,38.97617941181539,True
81,task_0082,1_021,3,77,task_0078,1_020,34.81909787765241,False
81,task_0082,1_021,4,118,task_0119,1_030,31.350274849924624,False
81,task_0082,1_021,5,114,task_0115,1_029,31.06482470544919,False
81,task_0082,1_021,6,112,task_0113,1_029,26.837422406519448,False
81,task_0082,1_021,7,500,task_0501,3_039,26.47247582799533,False
81,task_0082,1_021,8,63,task_0064,1_016,25.693880784650787,False
81,task_0082,1_021,9,17,task_0018,1_005,24.776868549099415,False
81,task_0082,1_021,10,61,task_0062,1_016,24.390792628792,False
82,task_0083,1_021,1,78,task_0079,1_020,133.80941713300166,False
82,task_0083,1_021,2,129,task_0130,1_033,80.98683032681662,False
82,task_0083,1_021,3,340,task_0341,2_039,69.13688777270028,False
82,task_0083,1_021,4,336,task_0337,2_038,66.63065274576564,False
82,task_0083,1_021,5,76,task_0077,1_020,55.96291313273622,False
82,task_0083,1_021,6,133,task_0134,1_034,55.45437416879163,False
82,task_0083,1_021,7,342,task_0343,2_039,54.34667701676655,False
82,task_0083,1_021,8,135,task_0136,1_034,47.16410426326227,False
82,task_0083,1_021,9,310,task_0311,2_031,46.05972408509784,False
82,task_0083,1_021,10,80,task_0081,1_021,45.80268210157145,True
83,task_0084,1_021,1,79,task_0080,1_020,140.92165340859023,False
83,task_0084,1_021,2,115,task_0116,1_029,48.449731472597,False
83,task_0084,1_021,3,81,task_0082,1_021,47.0088559919945,True
83,task_0084,1_021,4,500,task_0501,3_039,42.10656200559283,False
83,task_0084,1_021,5,98,task_0099,1_025,41.61398219074256,False
83,task_0084,1_021,6,114,task_0115,1_029,40.769159388403615,False
83,task_0084,1_021,7,118,task_0119,1_030,39.90525006544717,False
83,task_0084,1_021,8,77,task_0078,1_020,38.441427505308035,False
83,task_0084,1_021,9,496,task_0497,3_038,38.092439234176204,False
83,task_0084,1_021,10,130,task_0131,1_033,37.96551488111108,False
84,task_0085,1_022,1,86,task_0087,1_022,89.36541392657001,True
84,task_0085,1_022,2,87,task_0088,1_022,74.24414691277636,True
84,task_0085,1_022,3,27,task_0028,1_007,39.38223917365609,False
84,task_0085,1_022,4,170,task_0171,1_043,37.30350603498217,False
84,task_0085,1_022,5,70,task_0071,1_018,37.24787825250052,False
84,task_0085,1_022,6,166,task_0167,1_042,34.18146333004097,False
84,task_0085,1_022,7,25,task_0026,1_007,33.5017681444236,False
84,task_0085,1_022,8,38,task_0039,1_010,33.49541521231145,False
84,task_0085,1_022,9,26,task_0027,1_007,33.03065903249348,False
84,task_0085,1_022,10,24,task_0025,1_007,31.962309027087713,False
85,task_0086,1_022,1,116,task_0117,1_030,35.02395374467907,False
85,task_0086,1_022,2,87,task_0088,1_022,33.837749440026656,True
85,task_0086,1_022,3,6,task_0007,1_002,31.526545830279,False
85,task_0086,1_022,4,43,task_0044,1_011,28.90723295357033,False
85,task_0086,1_022,5,40,task_0041,1_011,27.791090268690397,False
85,task_0086,1_022,6,108,task_0109,1_028,27.708846760411447,False
85,task_0086,1_022,7,61,task_0062,1_016,25.69782919343547,False
85,task_0086,1_022,8,112,task_0113,1_029,25.511914936648708,False
85,task_0086,1_022,9,118,task_0119,1_030,24.98267489678533,False
85,task_0086,1_022,10,186,task_0187,1_047,24.252238726967565,False
86,task_0087,1_022,1,84,task_0085,1_022,92.9188439092552,True
86,task_0087,1_022,2,87,task_0088,1_022,89.4989522228877,True
86,task_0087,1_022,3,136,task_0137,1_035,48.56576649288426,False
86,task_0087,1_022,4,166,task_0167,1_042,40.01393045848379,False
86,task_0087,1_022,5,176,task_0177,1_045,39.0846788147226,False
86,task_0087,1_022,6,4,task_0005,1_002,38.50706205871118,False
86,task_0087,1_022,7,170,task_0171,1_043,38.37433983763384,False
86,task_0087,1_022,8,70,task_0071,1_018,37.049876453669945,False
86,task_0087,1_022,9,24,task_0025,1_007,36.01891887396099,False
86,task_0087,1_022,10,25,task_0026,1_007,35.28866084913461,False
87,task_0088,1_022,1,86,task_0087,1_022,86.41565535595677,True
87,task_0088,1_022,2,84,task_0085,1_022,74.38238074342362,True
87,task_0088,1_022,3,85,task_0086,1_022,36.478601147997594,True
87,task_0088,1_022,4,147,task_0148,1_037,30.155067591287096,False
87,task_0088,1_022,5,145,task_0146,1_037,29.867725496401658,False
87,task_0088,1_022,6,607,task_0608,4_011,28.8847546045503,False
87,task_0088,1_022,7,9,task_0010,1_003,28.761266883041724,False
87,task_0088,1_022,8,128,task_0129,1_033,24.56600501484525,False
87,task_0088,1_022,9,144,task_0145,1_037,22.46360576139932,False
87,task_0088,1_022,10,168,task_0169,1_043,22.077563089484403,False
88,task_0089,1_023,1,90,task_0091,1_023,71.47734832280881,True
88,task_0089,1_023,2,89,task_0090,1_023,55.54492759937749,True
88,task_0089,1_023,3,91,task_0092,1_023,46.1085439415328,True
88,task_0089,1_023,4,435,task_0436,3_023,26.74376889636462,False
88,task_0089,1_023,5,28,task_0029,1_008,21.367091571557474,False
88,task_0089,1_023,6,437,task_0438,3_023,19.97250514887557,False
88,task_0089,1_023,7,392,task_0393,3_012,19.849494563841997,False
88,task_0089,1_023,8,162,task_0163,1_041,17.582436907437245,False
88,task_0089,1_023,9,160,task_0161,1_041,16.785618221669854,False
88,task_0089,1_023,10,431,task_0432,3_022,16.148509368187796,False
89,task_0090,1_023,1,91,task_0092,1_023,96.21184917526844,True
89,task_0090,1_023,2,90,task_0091,1_023,60.31962758004148,True
89,task_0090,1_023,3,88,task_0089,1_023,58.8238633279471,True
89,task_0090,1_023,4,11,task_0012,1_003,40.54039536433611,False
89,task_0090,1_023,5,160,task_0161,1_041,27.648822221247556,False
89,task_0090,1_023,6,28,task_0029,1_008,27.43892848441903,False
89,task_0090,1_023,7,162,task_0163,1_041,26.980298558074228,False
89,task_0090,1_023,8,435,task_0436,3_023,23.36633050777145,False
89,task_0090,1_023,9,437,task_0438,3_023,22.522245542827303,False
89,task_0090,1_023,10,9,task_0010,1_003,21.93496055086694,False
90,task_0091,1_023,1,88,task_0089,1_023,82.07499632733807,True
90,task_0091,1_023,2,89,task_0090,1_023,59.659232706772066,True
90,task_0091,1_023,3,91,task_0092,1_023,54.14458501047465,True
90,task_0091,1_023,4,437,task_0438,3_023,25.256489656009702,False
90,task_0091,1_023,5,28,task_0029,1_008,24.642895925423076,False
90,task_0091,1_023,6,160,task_0161,1_041,22.37574125707015,False
90,task_0091,1_023,7,33,task_0034,1_009,22.10569730401418,False
90,task_0091,1_023,8,213,task_0214,2_007,21.80796083361842,False
90,task_0091,1_023,9,392,task_0393,3_012,21.692651752143288,False
90,task_0091,1_023,10,215,task_0216,2_007,21.651774522989438,False
91,task_0092,1_023,1,89,task_0090,1_023,97.5264005305532,True
91,task_0092,1_023,2,90,task_0091,1_023,54.845624493475164,True
91,task_0092,1_023,3,88,task_0089,1_023,50.96987191521639,True
91,task_0092,1_023,4,11,task_0012,1_003,35.01143103233422,False
91,task_0092,1_023,5,28,task_0029,1_008,31.373440790742794,False
91,task_0092,1_023,6,160,task_0161,1_041,27.933873376911542,False
91,task_0092,1_023,7,162,task_0163,1_041,27.2587075442786,False
91,task_0092,1_023,8,9,task_0010,1_003,23.566975310569347,False
91,task_0092,1_023,9,151,task_0152,1_038,23.064240563991962,False
91,task_0092,1_023,10,438,task_0439,3_023,20.900015518467765,False
92,task_0093,1_024,1,149,task_0150,1_038,37.344649521197304,False
92,task_0093,1_024,2,96,task_0097,1_025,36.16555731702298,False
92,task_0093,1_024,3,150,task_0151,1_038,33.34190350627725,False
92,task_0093,1_024,4,141,task_0142,1_036,32.48764170262612,False
92,task_0093,1_024,5,24,task_0025,1_007,27.031186884720096,False
92,task_0093,1_024,6,140,task_0141,1_036,26.475027578135748,False
92,task_0093,1_024,7,134,task_0135,1_034,26.165317458861743,False
92,task_0093,1_024,8,94,task_0095,1_024,25.990219907864212,True
92,task_0093,1_024,9,26,task_0027,1_007,24.181649848125073,False
92,task_0093,1_024,10,185,task_0186,1_047,23.885987913538486,False
93,task_0094,1_024,1,97,task_0098,1_025,93.99350512663374,False
93,task_0094,1_024,2,99,task_0100,1_025,90.93671201406636,False
93,task_0094,1_024,3,95,task_0096,1_024,71.4045037478093,True
93,task_0094,1_024,4,336,task_0337,2_038,46.288272991225256,False
93,task_0094,1_024,5,340,task_0341,2_039,44.318439250894016,False
93,task_0094,1_024,6,82,task_0083,1_021,43.27326366081214,False
93,task_0094,1_024,7,342,task_0343,2_039,42.84971575884644,False
93,task_0094,1_024,8,78,task_0079,1_020,40.10840740744063,False
93,task_0094,1_024,9,263,task_0264,2_019,39.14266433119916,False
93,task_0094,1_024,10,338,task_0339,2_038,37.82552281914049,False
94,task_0095,1_024,1,98,task_0099,1_025,146.54402838453902,False
94,task_0095,1_024,2,113,task_0114,1_029,51.56037915250059,False
94,task_0095,1_024,3,117,task_0118,1_030,47.86752401332285,False
94,task_0095,1_024,4,185,task_0186,1_047,44.075249634256835,False
94,task_0095,1_024,5,115,task_0116,1_029,40.996022948239876,False
94,task_0095,1_024,6,149,task_0150,1_038,40.128123875794344,False
94,task_0095,1_024,7,123,task_0124,1_031,39.454045149741326,False
94,task_0095,1_024,8,96,task_0097,1_025,38.4323708510398,False
94,task_0095,1_024,9,121,task_0122,1_031,37.6433755093298,False
94,task_0095,1_024,10,184,task_0185,1_047,36.28653425622645,False
95,task_0096,1_024,1,99,task_0100,1_025,83.00731758522497,False
95,task_0096,1_024,2,97,task_0098,1_025,60.93276482144216,False
95,task_0096,1_024,3,93,task_0094,1_024,60.3592439110884,True
95,task_0096,1_024,4,36,task_0037,1_010,33.024381805619285,False
95,task_0096,1_024,5,336,task_0337,2_038,29.571334006062006,False
95,task_0096,1_024,6,342,task_0343,2_039,28.718772034570165,False
95,task_0096,1_024,7,82,task_0083,1_021,25.95083921405918,False
95,task_0096,1_024,8,120,task_0121,1_031,25.16094765491766,False
95,task_0096,1_024,9,340,task_0341,2_039,25.108905210912784,False
95,task_0096,1_024,10,122,task_0123,1_031,24.948782529290554,False
96,task_0097,1_025,1,98,task_0099,1_025,42.132649968727385,True
96,task_0097,1_025,2,150,task_0151,1_038,37.5698320889186,False
96,task_0097,1_025,3,92,task_0093,1_024,37.5624041911901,False
96,task_0097,1_025,4,149,task_0150,1_038,35.330892165318865,False
96,task_0097,1_025,5,94,task_0095,1_024,33.97302518484992,False
96,task_0097,1_025,6,141,task_0142,1_036,27.984878194674625,False
96,task_0097,1_025,7,140,task_0141,1_036,23.525798594441355,False
96,task_0097,1_025,8,49,task_0050,1_013,23.42050040544436,False
96,task_0097,1_025,9,62,task_0063,1_016,22.397839996378757,False
96,task_0097,1_025,10,26,task_0027,1_007,22.351553718076694,False
97,task_0098,1_025,1,93,task_0094,1_024,99.03414559297782,False
97,task_0098,1_025,2,99,task_0100,1_025,77.90874841962932,True
97,task_0098,1_025,3,95,task_0096,1_024,75.43196579087446,False
97,task_0098,1_025,4,82,task_0083,1_021,41.118863870308296,False
97,task_0098,1_025,5,133,task_0134,1_034,35.728683305371355,False
97,task_0098,1_025,6,340,task_0341,2_039,33.25386817999452,False
97,task_0098,1_025,7,336,task_0337,2_038,32.65164181106647,False
97,task_0098,1_025,8,310,task_0311,2_031,32.57681759668115,False
97,task_0098,1_025,9,342,task_0343,2_039,30.845798737375187,False
97,task_0098,1_025,10,129,task_0130,1_033,30.30950584543475,False
98,task_0099,1_025,1,94,task_0095,1_024,143.85248730691848,False
98,task_0099,1_025,2,96,task_0097,1_025,49.1986311953493,True
98,task_0099,1_025,3,113,task_0114,1_029,46.14970696973328,False
98,task_0099,1_025,4,149,task_0150,1_038,44.15956647197283,False
98,task_0099,1_025,5,121,task_0122,1_031,37.38196368575156,False
98,task_0099,1_025,6,117,task_0118,1_030,37.37862545844584,False
98,task_0099,1_025,7,115,task_0116,1_029,37.085859727079,False
98,task_0099,1_025,8,83,task_0084,1_021,36.63713456638241,False
98,task_0099,1_025,9,79,task_0080,1_020,36.334654777401965,False
98,task_0099,1_025,10,132,task_0133,1_034,33.0687847859341,False
99,task_0100,1_025,1,95,task_0096,1_024,88.2427012517756,False
99,task_0100,1_025,2,93,task_0094,1_024,79.84744933276798,False
99,task_0100,1_025,3,97,task_0098,1_025,65.32226081660552,True
99,task_0100,1_025,4,38,task_0039,1_010,29.73206264838889,False
99,task_0100,1_025,5,82,task_0083,1_021,29.024842460436467,False
99,task_0100,1_025,6,697,task_0698,4_034,24.86123531644309,False
99,task_0100,1_025,7,133,task_0134,1_034,24.478645701363213,False
99,task_0100,1_025,8,598,task_0599,4_009,23.624877800124548,False
99,task_0100,1_025,9,36,task_0037,1_010,23.615287718844776,False
99,task_0100,1_025,10,39,task_0040,1_010,22.91330744054466,False
100,task_0101,1_026,1,104,task_0105,1_027,112.17398675843496,False
100,task_0101,1_026,2,157,task_0158,1_040,37.59981005567721,False
100,task_0101,1_026,3,181,task_0182,1_046,35.20910899968108,False
100,task_0101,1_026,4,111,task_0112,1_028,33.8901389870684,False
100,task_0101,1_026,5,102,task_0103,1_026,31.107550265926665,True
100,task_0101,1_026,6,186,task_0187,1_047,29.98639001834797,False
100,task_0101,1_026,7,184,task_0185,1_047,27.44411967498649,False
100,task_0101,1_026,8,659,task_0660,4_024,27.31585859546834,False
100,task_0101,1_026,9,158,task_0159,1_040,25.859910740574392,False
100,task_0101,1_026,10,109,task_0110,1_028,25.677967290202282,False
101,task_0102,1_026,1,105,task_0106,1_027,151.6907114965811,False
101,task_0102,1_026,2,107,task_0108,1_027,131.5855415396839,False
101,task_0102,1_026,3,103,task_0104,1_026,99.65321555601679,True
101,task_0102,1_026,4,71,task_0072,1_018,30.54129934832715,False
101,task_0102,1_026,5,73,task_0074,1_019,29.51207470085873,False
101,task_0102,1_026,6,69,task_0070,1_018,26.84794605298561,False
101,task_0102,1_026,7,332,task_0333,2_037,26.105118772109304,False
101,task_0102,1_026,8,333,task_0334,2_037,25.56315160225731,False
101,task_0102,1_026,9,265,task_0266,2_020,24.985941664735318,False
101,task_0102,1_026,10,195,task_0196,2_002,23.65280007588576,False
102,task_0103,1_026,1,106,task_0107,1_027,92.12436050150838,False
102,task_0103,1_026,2,104,task_0105,1_027,43.6969964736686,False
102,task_0103,1_026,3,5,task_0006,1_002,34.1003872478093,False
102,task_0103,1_026,4,181,task_0182,1_046,32.87543645867555,False
102,task_0103,1_026,5,183,task_0184,1_046,32.70815201223378,False
102,task_0103,1_026,6,186,task_0187,1_047,31.478250861557793,False
102,task_0103,1_026,7,180,task_0181,1_046,30.85255461067052,False
102,task_0103,1_026,8,136,task_0137,1_035,30.6664220915126,False
102,task_0103,1_026,9,72,task_0073,1_019,30.157617634118406,False
102,task_0103,1_026,10,53,task_0054,1_014,29.181007125644648,False
103,task_0104,1_026,1,105,task_0106,1_027,108.19833610707461,False
103,task_0104,1_026,2,107,task_0108,1_027,103.90211335729946,False
103,task_0104,1_026,3,101,task_0102,1_026,93.41934906679407,True
103,task_0104,1_026,4,291,task_0292,2_026,25.2048871230278,False
103,task_0104,1_026,5,169,task_0170,1_043,24.016967286350457,False
103,task_0104,1_026,6,167,task_0168,1_042,23.895272515770134,False
103,task_0104,1_026,7,171,task_0172,1_043,23.590041457474914,False
103,task_0104,1_026,8,340,task_0341,2_039,21.184988794294185,False
103,task_0104,1_026,9,99,task_0100,1_025,19.15083556743335,False
103,task_0104,1_026,10,450,task_0451,3_026,18.807447994084434,False
104,task_0105,1_027,1,100,task_0101,1_026,118.048561022848,False
104,task_0105,1_027,2,106,task_0107,1_027,51.01507750001874,True
104,task_0105,1_027,3,157,task_0158,1_040,47.300880059785584,False
104,task_0105,1_027,4,102,task_0103,1_026,46.730990778729435,False
104,task_0105,1_027,5,136,task_0137,1_035,44.99009486429758,False
104,task_0105,1_027,6,158,task_0159,1_040,43.986513472545816,False
104,task_0105,1_027,7,156,task_0157,1_040,43.42772080553449,False
104,task_0105,1_027,8,181,task_0182,1_046,40.14969550038493,False
104,task_0105,1_027,9,4,task_0005,1_002,38.101223257562026,False
104,task_0105,1_027,10,182,task_0183,1_046,37.75374174737359,False
105,task_0106,1_027,1,107,task_0108,1_027,170.00548084530953,True
105,task_0106,1_027,2,101,task_0102,1_026,157.0141890651903,False
105,task_0106,1_027,3,103,task_0104,1_026,119.16932746706256,False
105,task_0106,1_027,4,333,task_0334,2_037,33.118487547363735,False
105,task_0106,1_027,5,71,task_0072,1_018,32.666779439779056,False
105,task_0106,1_027,6,73,task_0074,1_019,31.71948180958415,False
105,task_0106,1_027,7,265,task_0266,2_020,30.53072214278401,False
105,task_0106,1_027,8,69,task_0070,1_018,28.897362872506463,False
105,task_0106,1_027,9,332,task_0333,2_037,27.753322440563128,False
105,task_0106,1_027,10,195,task_0196,2_002,26.858447921527148,False
106,task_0107,1_027,1,102,task_0103,1_026,93.08924329824947,False
106,task_0107,1_027,2,104,task_0105,1_027,47.73198059543382,True
106,task_0107,1_027,3,156,task_0157,1_040,43.80981208791884,False
106,task_0107,1_027,4,158,task_0159,1_040,43.53377488275838,False
106,task_0107,1_027,5,183,task_0184,1_046,42.61207085337075,False
106,task_0107,1_027,6,5,task_0006,1_002,42.109259256347016,False
106,task_0107,1_027,7,181,task_0182,1_046,41.35021752818093,False
106,task_0107,1_027,8,180,task_0181,1_046,41.29264794699792,False
106,task_0107,1_027,9,138,task_0139,1_035,35.999373710225285,False
106,task_0107,1_027,10,72,task_0073,1_019,35.73221415197964,False
107,task_0108,1_027,1,105,task_0106,1_027,161.86603446109828,True
107,task_0108,1_027,2,101,task_0102,1_026,129.4298608302209,False
107,task_0108,1_027,3,103,task_0104,1_026,110.58867262969329,False
107,task_0108,1_027,4,333,task_0334,2_037,32.14089599915661,False
107,task_0108,1_027,5,195,task_0196,2_002,28.01380415768611,False
107,task_0108,1_027,6,332,task_0333,2_037,23.48203379049236,False
107,task_0108,1_027,7,454,task_0455,3_027,22.31210314783576,False
107,task_0108,1_027,8,265,task_0266,2_020,22.023431193110877,False
107,task_0108,1_027,9,231,task_0232,2_011,21.106536304838706,False
107,task_0108,1_027,10,279,task_0280,2_023,20.801055679370144,False
108,task_0109,1_028,1,110,task_0111,1_028,96.58994524988975,True
108,task_0109,1_028,2,109,task_0110,1_028,42.62619786832567,True
108,task_0109,1_028,3,138,task_0139,1_035,41.59941859793131,False
108,task_0109,1_028,4,186,task_0187,1_047,35.97374148675705,False
108,task_0109,1_028,5,139,task_0140,1_035,35.832153591574276,False
108,task_0109,1_028,6,111,task_0112,1_028,35.304290117005515,True
108,task_0109,1_028,7,122,task_0123,1_031,35.19535976876677,False
108,task_0109,1_028,8,175,task_0176,1_044,35.10396812621335,False
108,task_0109,1_028,9,184,task_0185,1_047,33.95872770937015,False
108,task_0109,1_028,10,136,task_0137,1_035,29.637792703977976,False
109,task_0110,1_028,1,111,task_0112,1_028,90.57136242165147,True
109,task_0110,1_028,2,74,task_0075,1_019,59.15244985373079,False
109,task_0110,1_028,3,139,task_0140,1_035,58.85934969199565,False
109,task_0110,1_028,4,110,task_0111,1_028,54.81728479331135,True
109,task_0110,1_028,5,157,task_0158,1_040,51.706661009559326,False
109,task_0110,1_028,6,137,task_0138,1_035,51.47846140103554,False
109,task_0110,1_028,7,108,task_0109,1_028,45.32613684111513,True
109,task_0110,1_028,8,166,task_0167,1_042,40.790629557100885,False
109,task_0110,1_028,9,159,task_0160,1_040,40.20692659962227,False
109,task_0110,1_028,10,138,task_0139,1_035,39.85812239481561,False
110,task_0111,1_028,1,108,task_0109,1_028,108.84208393769345,True
110,task_0111,1_028,2,111,task_0112,1_028,62.64519922039539,True
110,task_0111,1_028,3,109,task_0110,1_028,57.504549122187164,True
110,task_0111,1_028,4,184,task_0185,1_047,51.90467305917191,False
110,task_0111,1_028,5,186,task_0187,1_047,51.52987172622216,False
110,task_0111,1_028,6,175,task_0176,1_044,35.63996568651755,False
110,task_0111,1_028,7,136,task_0137,1_035,31.088093169596885,False
110,task_0111,1_028,8,62,task_0063,1_016,30.359627552267973,False
110,task_0111,1_028,9,85,task_0086,1_022,29.305593789018744,False
110,task_0111,1_028,10,122,task_0123,1_031,28.681982188945952,False
111,task_0112,1_028,1,109,task_0110,1_028,95.99439945484018,True
111,task_0112,1_028,2,110,task_0111,1_028,63.98026664217636,True
111,task_0112,1_028,3,157,task_0158,1_040,51.20444820992458,False
111,task_0112,1_028,4,108,task_0109,1_028,41.07841605196197,True
111,task_0112,1_028,5,100,task_0101,1_026,37.252116052189365,False
111,task_0112,1_028,6,74,task_0075,1_019,36.9330447776253,False
111,task_0112,1_028,7,159,task_0160,1_040,33.967238752018126,False
111,task_0112,1_028,8,166,task_0167,1_042,33.277176621011094,False
111,task_0112,1_028,9,139,task_0140,1_035,32.961916936630836,False
111,task_0112,1_028,10,170,task_0171,1_043,31.974983477604276,False
112,task_0113,1_029,1,114,task_0115,1_029,160.19048932554674,True
112,task_0113,1_029,2,118,task_0119,1_030,142.42278476011606,False
112,task_0113,1_029,3,116,task_0117,1_030,129.42371165381635,False
112,task_0113,1_029,4,61,task_0062,1_016,36.1034743769059,False
112,task_0113,1_029,5,83,task_0084,1_021,33.38354762340378,False
112,task_0113,1_029,6,130,task_0131,1_033,33.13735221727304,False
112,task_0113,1_029,7,79,task_0080,1_020,33.107579168969586,False
112,task_0113,1_029,8,81,task_0082,1_021,32.48521639177123,False
112,task_0113,1_029,9,85,task_0086,1_022,29.3010303101984,False
112,task_0113,1_029,10,113,task_0114,1_029,29.089355321530746,True
113,task_0114,1_029,1,117,task_0118,1_030,101.51851618155558,False
113,task_0114,1_029,2,115,task_0116,1_029,77.74109680168813,True
113,task_0114,1_029,3,94,task_0095,1_024,52.46738418867924,False
113,task_0114,1_029,4,98,task_0099,1_025,46.37988366937627,False
113,task_0114,1_029,5,72,task_0073,1_019,38.931366870239266,False
113,task_0114,1_029,6,143,task_0144,1_036,35.95004163016105,False
113,task_0114,1_029,7,74,task_0075,1_019,34.64076390384176,False
113,task_0114,1_029,8,121,task_0122,1_031,33.20293492437275,False
113,task_0114,1_029,9,112,task_0113,1_029,32.79814831781711,True
113,task_0114,1_029,10,521,task_0522,3_044,32.017948778821406,False
114,task_0115,1_029,1,118,task_0119,1_030,177.36145273601417,False
114,task_0115,1_029,2,112,task_0113,1_029,167.8479266168832,True
114,task_0115,1_029,3,116,task_0117,1_030,148.1248667418674,False
114,task_0115,1_029,4,79,task_0080,1_020,39.5712657558581,False
114,task_0115,1_029,5,83,task_0084,1_021,39.493729551427236,False
114,task_0115,1_029,6,81,task_0082,1_021,37.09503316933464,False
114,task_0115,1_029,7,61,task_0062,1_016,36.10347437690591,False
114,task_0115,1_029,8,130,task_0131,1_033,33.13735221727304,False
114,task_0115,1_029,9,134,task_0135,1_034,32.28318726229401,False
114,task_0115,1_029,10,65,task_0066,1_017,30.392949615002017,False
115,task_0116,1_029,1,113,task_0114,1_029,85.96321026656027,True
115,task_0116,1_029,2,117,task_0118,1_030,69.92207313803162,False
115,task_0116,1_029,3,79,task_0080,1_020,54.23843107546624,False
115,task_0116,1_029,4,125,task_0126,1_032,50.01668956911384,False
115,task_0116,1_029,5,94,task_0095,1_024,45.95238328241205,False
115,task_0116,1_029,6,83,task_0084,1_021,45.06358345635329,False
115,task_0116,1_029,7,74,task_0075,1_019,44.45423142531066,False
115,task_0116,1_029,8,181,task_0182,1_046,43.6307377360902,False
115,task_0116,1_029,9,150,task_0151,1_038,41.748250756281415,False
115,task_0116,1_029,10,127,task_0128,1_032,41.48936796407402,False
116,task_0117,1_030,1,118,task_0119,1_030,148.54640034790017,True
116,task_0117,1_030,2,114,task_0115,1_029,141.3299416236793,False
116,task_0117,1_030,3,112,task_0113,1_029,130.70306267627964,False
116,task_0117,1_030,4,85,task_0086,1_022,40.03187601806461,False
116,task_0117,1_030,5,61,task_0062,1_016,35.877162698046874,False
116,task_0117,1_030,6,134,task_0135,1_034,30.64906204774432,False
116,task_0117,1_030,7,117,task_0118,1_030,28.47643804922805,True
116,task_0117,1_030,8,130,task_0131,1_033,26.45365189308055,False
116,task_0117,1_030,9,66,task_0067,1_017,25.861952572228848,False
116,task_0117,1_030,10,62,task_0063,1_016,25.745853775080768,False
117,task_0118,1_030,1,113,task_0114,1_029,103.28490196048853,False
117,task_0118,1_030,2,115,task_0116,1_029,60.68138596078245,False
117,task_0118,1_030,3,94,task_0095,1_024,46.48054767700036,False
117,task_0118,1_030,4,185,task_0186,1_047,45.54403156687407,False
117,task_0118,1_030,5,142,task_0143,1_036,40.79566299656139,False
117,task_0118,1_030,6,40,task_0041,1_011,40.27278293183255,False
117,task_0118,1_030,7,47,task_0048,1_012,37.860179742557435,False
117,task_0118,1_030,8,121,task_0122,1_031,37.49795683410489,False
117,task_0118,1_030,9,45,task_0046,1_012,37.169791219445166,False
117,task_0118,1_030,10,140,task_0141,1_036,35.79556736567532,False
118,task_0119,1_030,1,114,task_0115,1_029,179.45832122923827,False
118,task_0119,1_030,2,116,task_0117,1_030,156.15018806526788,True
118,task_0119,1_030,3,112,task_0113,1_029,149.13944075902305,False
118,task_0119,1_030,4,79,task_0080,1_020,38.532397997712366,False
118,task_0119,1_030,5,83,task_0084,1_021,38.52606908872292,False
118,task_0119,1_030,6,81,task_0082,1_021,37.09503316933464,False
118,task_0119,1_030,7,130,task_0131,1_033,36.22697545235613,False
118,task_0119,1_030,8,61,task_0062,1_016,34.74059082240294,False
118,task_0119,1_030,9,134,task_0135,1_034,32.877224223160134,False
118,task_0119,1_030,10,139,task_0140,1_035,30.211230215042818,False
119,task_0120,1_030,1,117,task_0118,1_030,22.296774643010615,True
119,task_0120,1_030,2,115,task_0116,1_029,21.146867586725715,False
119,task_0120,1_030,3,132,task_0133,1_034,20.731165434515113,False
119,task_0120,1_030,4,184,task_0185,1_047,19.094918955181154,False
119,task_0120,1_030,5,113,task_0114,1_029,18.646644881623455,False
119,task_0120,1_030,6,185,task_0186,1_047,17.59702143366496,False
119,task_0120,1_030,7,98,task_0099,1_025,15.223150161910839,False
119,task_0120,1_030,8,94,task_0095,1_024,15.052539971351443,False
119,task_0120,1_030,9,168,task_0169,1_043,15.000067993602507,False
119,task_0120,1_030,10,466,task_0467,3_030,13.442167063139793,False
120,task_0121,1_031,1,122,task_0123,1_031,102.29818751585178,True
120,task_0121,1_031,2,125,task_0126,1_032,43.93986421243079,False
120,task_0121,1_031,3,127,task_0128,1_032,40.4969066806262,False
120,task_0121,1_031,4,362,task_0363,3_004,37.089593705677906,False
120,task_0121,1_031,5,36,task_0037,1_010,33.57595012556689,False
120,task_0121,1_031,6,121,task_0122,1_031,32.883848087956565,True
120,task_0121,1_031,7,124,task_0125,1_032,32.409146065909695,False
120,task_0121,1_031,8,123,task_0124,1_031,31.951977307549267,True
120,task_0121,1_031,9,5,task_0006,1_002,31.043916952153047,False
120,task_0121,1_031,10,38,task_0039,1_010,30.65463670090221,False
121,task_0122,1_031,1,150,task_0151,1_038,38.58361288254739,False
121,task_0122,1_031,2,94,task_0095,1_024,37.481608155318014,False
121,task_0122,1_031,3,98,task_0099,1_025,37.10203899951077,False
121,task_0122,1_031,4,122,task_0123,1_031,36.68962364757876,True
121,task_0122,1_031,5,117,task_0118,1_030,36.04946607388056,False
121,task_0122,1_031,6,120,task_0121,1_031,35.72794218608543,True
121,task_0122,1_031,7,149,task_0150,1_038,35.419832333511856,False
121,task_0122,1_031,8,113,task_0114,1_029,35.23832486318828,False
121,task_0122,1_031,9,166,task_0167,1_042,35.05904518082868,False
121,task_0122,1_031,10,115,task_0116,1_029,32.99749984110318,False
122,task_0123,1_031,1,120,task_0121,1_031,101.21011069679359,True
122,task_0123,1_031,2,36,task_0037,1_010,51.280319291671255,False
122,task_0123,1_031,3,5,task_0006,1_002,47.10284440984789,False
122,task_0123,1_031,4,126,task_0127,1_032,39.07227503578647,False
122,task_0123,1_031,5,108,task_0109,1_028,38.72225783129062,False
122,task_0123,1_031,6,362,task_0363,3_004,38.52173056807911,False
122,task_0123,1_031,7,121,task_0122,1_031,34.62846572292138,True
122,task_0123,1_031,8,138,task_0139,1_035,30.34938741340866,False
122,task_0123,1_031,9,125,task_0126,1_032,28.612969025798723,False
122,task_0123,1_031,10,37,task_0038,1_010,28.078641038864163,False
123,task_0124,1_031,1,94,task_0095,1_024,34.22067407076053,False
123,task_0124,1_031,2,120,task_0121,1_031,29.46129855464009,True
123,task_0124,1_031,3,98,task_0099,1_025,28.08611279532779,False
123,task_0124,1_031,4,47,task_0048,1_012,25.166958499131567,False
123,task_0124,1_031,5,45,task_0046,1_012,23.830598570116788,False
123,task_0124,1_031,6,13,task_0014,1_004,23.05491684380819,False
123,task_0124,1_031,7,161,task_0162,1_041,22.702807207720074,False
123,task_0124,1_031,8,14,task_0015,1_004,22.37755740168954,False
123,task_0124,1_031,9,12,task_0013,1_004,22.264363742242516,False
123,task_0124,1_031,10,124,task_0125,1_032,22.026977446241876,False
124,task_0125,1_032,1,126,task_0127,1_032,65.3809932247038,True
124,task_0125,1_032,2,176,task_0177,1_045,45.76254257787074,False
124,task_0125,1_032,3,125,task_0126,1_032,45.72909946478475,True
124,task_0125,1_032,4,138,task_0139,1_035,44.19163448720173,False
124,task_0125,1_032,5,13,task_0014,1_004,42.381839526828244,False
124,task_0125,1_032,6,136,task_0137,1_035,41.60024793873668,False
124,task_0125,1_032,7,158,task_0159,1_040,39.67779599102749,False
124,task_0125,1_032,8,156,task_0157,1_040,38.47235053514858,False
124,task_0125,1_032,9,72,task_0073,1_019,38.071019945458964,False
124,task_0125,1_032,10,68,task_0069,1_018,37.07182549879542,False
125,task_0126,1_032,1,127,task_0128,1_032,76.49472466006657,True
125,task_0126,1_032,2,126,task_0127,1_032,54.46037575581571,True
125,task_0126,1_032,3,136,task_0137,1_035,51.77651284135829,False
125,task_0126,1_032,4,6,task_0007,1_002,50.26803182457439,False
125,task_0126,1_032,5,124,task_0125,1_032,49.678493479438,True
125,task_0126,1_032,6,115,task_0116,1_029,46.292445772905154,False
125,task_0126,1_032,7,120,task_0121,1_031,44.48203836810471,False
125,task_0126,1_032,8,7,task_0008,1_002,40.323661411633545,False
125,task_0126,1_032,9,5,task_0006,1_002,37.32687683348748,False
125,task_0126,1_032,10,158,task_0159,1_040,36.82887923415782,False
126,task_0127,1_032,1,124,task_0125,1_032,66.89680544723902,True
126,task_0127,1_032,2,125,task_0126,1_032,49.80896834959747,True
126,task_0127,1_032,3,24,task_0025,1_007,48.00801216983603,False
126,task_0127,1_032,4,138,task_0139,1_035,41.20619148478129,False
126,task_0127,1_032,5,122,task_0123,1_031,40.521151027993334,False
126,task_0127,1_032,6,136,task_0137,1_035,39.98011600813395,False
126,task_0127,1_032,7,139,task_0140,1_035,35.812670680133316,False
126,task_0127,1_032,8,13,task_0014,1_004,32.756402377794274,False
126,task_0127,1_032,9,179,task_0180,1_045,32.50074818356846,False
126,task_0127,1_032,10,176,task_0177,1_045,31.824118046356844,False
127,task_0128,1_032,1,125,task_0126,1_032,64.12814732473983,True
127,task_0128,1_032,2,120,task_0121,1_031,35.21587817715006,False
127,task_0128,1_032,3,115,task_0116,1_029,31.838776133649358,False
127,task_0128,1_032,4,5,task_0006,1_002,25.971468142223728,False
127,task_0128,1_032,5,124,task_0125,1_032,25.96655771866838,True
127,task_0128,1_032,6,181,task_0182,1_046,25.176363665640608,False
127,task_0128,1_032,7,183,task_0184,1_046,24.69248082399236,False
127,task_0128,1_032,8,138,task_0139,1_035,24.490154823552093,False
127,task_0128,1_032,9,6,task_0007,1_002,23.439071509006407,False
127,task_0128,1_032,10,691,task_0692,4_032,22.633168353142427,False
128,task_0129,1_033,1,132,task_0133,1_034,84.90084557664893,False
128,task_0129,1_033,2,134,task_0135,1_034,48.65963207204581,False
128,task_0129,1_033,3,130,task_0131,1_033,45.05822032952078,True
128,task_0129,1_033,4,20,task_0021,1_006,35.01498256389162,False
128,task_0129,1_033,5,148,task_0149,1_038,32.462597584360495,False
128,task_0129,1_033,6,140,task_0141,1_036,31.784675474050538,False
128,task_0129,1_033,7,79,task_0080,1_020,31.35185034037889,False
128,task_0129,1_033,8,87,task_0088,1_022,30.456903039725606,False
128,task_0129,1_033,9,52,task_0053,1_014,30.36871396785469,False
128,task_0129,1_033,10,22,task_0023,1_006,30.232914379472152,False
129,task_0130,1_033,1,133,task_0134,1_034,131.40426367325287,False
129,task_0130,1_033,2,135,task_0136,1_034,99.49697755923158,False
129,task_0130,1_033,3,131,task_0132,1_033,87.41952822324029,True
129,task_0130,1_033,4,82,task_0083,1_021,80.97075482864537,False
129,task_0130,1_033,5,340,task_0341,2_039,73.00965240370981,False
129,task_0130,1_033,6,78,task_0079,1_020,61.0748153589911,False
129,task_0130,1_033,7,336,task_0337,2_038,60.711319613373156,False
129,task_0130,1_033,8,309,task_0310,2_031,52.90213579963101,False
129,task_0130,1_033,9,310,task_0311,2_031,48.456752327864464,False
129,task_0130,1_033,10,342,task_0343,2_039,46.84359117949719,False
130,task_0131,1_033,1,134,task_0135,1_034,130.97471386887503,False
130,task_0131,1_033,2,22,task_0023,1_006,55.86882515921313,False
130,task_0131,1_033,3,23,task_0024,1_006,54.31675828739105,False
130,task_0131,1_033,4,21,task_0022,1_006,51.41911920841496,False
130,task_0131,1_033,5,181,task_0182,1_046,48.57252280180648,False
130,task_0131,1_033,6,20,task_0021,1_006,48.44759791029699,False
130,task_0131,1_033,7,128,task_0129,1_033,45.88930434108312,True
130,task_0131,1_033,8,61,task_0062,1_016,43.80623216411169,False
130,task_0131,1_033,9,132,task_0133,1_034,41.27616781266426,False
130,task_0131,1_033,10,186,task_0187,1_047,40.92278004534746,False
131,task_0132,1_033,1,135,task_0136,1_034,101.83494353099404,False
131,task_0132,1_033,2,129,task_0130,1_033,75.82340477003925,True
131,task_0132,1_033,3,133,task_0134,1_034,59.52519438386872,False
131,task_0132,1_033,4,78,task_0079,1_020,40.084179664690964,False
131,task_0132,1_033,5,82,task_0083,1_021,38.564058596297606,False
131,task_0132,1_033,6,340,task_0341,2_039,32.666577213082746,False
131,task_0132,1_033,7,311,task_0312,2_031,28.118728380610484,False
131,task_0132,1_033,8,336,task_0337,2_038,27.217786923141894,False
131,task_0132,1_033,9,310,task_0311,2_031,25.235110653795047,False
131,task_0132,1_033,10,309,task_0310,2_031,24.960125817823535,False
132,task_0133,1_034,1,128,task_0129,1_033,81.45013021639525,False
132,task_0133,1_034,2,134,task_0135,1_034,44.76168518518844,True
132,task_0133,1_034,3,130,task_0131,1_033,39.33370897520156,False
132,task_0133,1_034,4,140,task_0141,1_036,30.58030819847579,False
132,task_0133,1_034,5,86,task_0087,1_022,28.622430862296543,False
132,task_0133,1_034,6,20,task_0021,1_006,27.85399698136156,False
132,task_0133,1_034,7,148,task_0149,1_038,27.327951523642554,False
132,task_0133,1_034,8,149,task_0150,1_038,26.89607872550035,False
132,task_0133,1_034,9,98,task_0099,1_025,25.667159494960252,False
132,task_0133,1_034,10,22,task_0023,1_006,25.503501037032965,False
133,task_0134,1_034,1,129,task_0130,1_033,136.54036555551437,False
133,task_0134,1_034,2,135,task_0136,1_034,118.89255487913545,True
133,task_0134,1_034,3,131,task_0132,1_033,73.14698394827818,False
133,task_0134,1_034,4,340,task_0341,2_039,65.5416261004659,False
133,task_0134,1_034,5,82,task_0083,1_021,58.70509595454308,False
133,task_0134,1_034,6,336,task_0337,2_038,56.44361080811777,False
133,task_0134,1_034,7,78,task_0079,1_020,55.33426680450586,False
133,task_0134,1_034,8,342,task_0343,2_039,45.69334261531121,False
133,task_0134,1_034,9,311,task_0312,2_031,40.32823766188961,False
133,task_0134,1_034,10,309,task_0310,2_031,39.98406806506806,False
134,task_0135,1_034,1,130,task_0131,1_033,132.83140688452286,False
134,task_0135,1_034,2,22,task_0023,1_006,70.24153265262893,False
134,task_0135,1_034,3,21,task_0022,1_006,66.57761913842145,False
134,task_0135,1_034,4,20,task_0021,1_006,65.94631720726541,False
134,task_0135,1_034,5,23,task_0024,1_006,60.31930266434728,False
134,task_0135,1_034,6,128,task_0129,1_033,55.21282187314803,False
134,task_0135,1_034,7,132,task_0133,1_034,52.40030196303293,True
134,task_0135,1_034,8,55,task_0056,1_014,42.96518003725341,False
134,task_0135,1_034,9,53,task_0054,1_014,39.10660082120729,False
134,task_0135,1_034,10,61,task_0062,1_016,38.83909068988791,False
135,task_0136,1_034,1,131,task_0132,1_033,114.82580984165938,False
135,task_0136,1_034,2,133,task_0134,1_034,111.11928904658804,True
135,task_0136,1_034,3,129,task_0130,1_033,99.4263443874111,False
135,task_0136,1_034,4,78,task_0079,1_020,47.78578939125271,False
135,task_0136,1_034,5,311,task_0312,2_031,47.67216570496172,False
135,task_0136,1_034,6,82,task_0083,1_021,47.25531242641353,False
135,task_0136,1_034,7,340,task_0341,2_039,42.544691401395774,False
135,task_0136,1_034,8,309,task_0310,2_031,40.29399317266969,False
135,task_0136,1_034,9,336,task_0337,2_038,30.049374667148715,False
135,task_0136,1_034,10,655,task_0656,4_023,25.683511357092325,False
136,task_0137,1_035,1,138,task_0139,1_035,94.61010360785546,True
136,task_0137,1_035,2,7,task_0008,1_002,70.00876135713594,False
136,task_0137,1_035,3,139,task_0140,1_035,63.66889361211812,True
136,task_0137,1_035,4,125,task_0126,1_032,53.339432052002685,False
136,task_0137,1_035,5,86,task_0087,1_022,50.42753525938904,False
136,task_0137,1_035,6,72,task_0073,1_019,50.13647689081321,False
136,task_0137,1_035,7,137,task_0138,1_035,47.89020057424674,True
136,task_0137,1_035,8,68,task_0069,1_018,47.40012314664089,False
136,task_0137,1_035,9,104,task_0105,1_027,46.87735363209631,False
136,task_0137,1_035,10,124,task_0125,1_032,46.86753666366066,False
137,task_0138,1_035,1,139,task_0140,1_035,132.15951780146182,True
137,task_0138,1_035,2,138,task_0139,1_035,99.41386504413313,True
137,task_0138,1_035,3,109,task_0110,1_028,53.533796997226574,False
137,task_0138,1_035,4,48,task_0049,1_013,52.485488711991366,False
137,task_0138,1_035,5,186,task_0187,1_047,50.83590379238472,False
137,task_0138,1_035,6,70,task_0071,1_018,49.79116921307317,False
137,task_0138,1_035,7,72,task_0073,1_019,48.29246521555383,False
137,task_0138,1_035,8,16,task_0017,1_005,47.761594586519095,False
137,task_0138,1_035,9,68,task_0069,1_018,46.52678279132297,False
137,task_0138,1_035,10,136,task_0137,1_035,46.4488953023148,True
138,task_0139,1_035,1,137,task_0138,1_035,98.88464418379137,True
138,task_0139,1_035,2,136,task_0137,1_035,92.526578325499,True
138,task_0139,1_035,3,139,task_0140,1_035,84.6107644804551,True
138,task_0139,1_035,4,5,task_0006,1_002,67.07867760793982,False
138,task_0139,1_035,5,68,task_0069,1_018,64.40691153861889,False
138,task_0139,1_035,6,72,task_0073,1_019,59.36136514462814,False
138,task_0139,1_035,7,13,task_0014,1_004,53.961497798527205,False
138,task_0139,1_035,8,156,task_0157,1_040,50.970387282171714,False
138,task_0139,1_035,9,158,task_0159,1_040,49.6964320226813,False
138,task_0139,1_035,10,124,task_0125,1_032,49.109572034562945,False
139,task_0140,1_035,1,137,task_0138,1_035,131.5780415793648,True
139,task_0140,1_035,2,138,task_0139,1_035,84.78327808444217,True
139,task_0140,1_035,3,109,task_0110,1_028,63.22744306052831,False
139,task_0140,1_035,4,136,task_0137,1_035,61.59107079284876,True
139,task_0140,1_035,5,186,task_0187,1_047,59.75262781440491,False
139,task_0140,1_035,6,166,task_0167,1_042,51.20106645351522,False
139,task_0140,1_035,7,74,task_0075,1_019,47.79843554492438,False
139,task_0140,1_035,8,72,task_0073,1_019,46.640332252747974,False
139,task_0140,1_035,9,184,task_0185,1_047,42.94446632081571,False
139,task_0140,1_035,10,24,task_0025,1_007,41.730681524195546,False
140,task_0141,1_036,1,141,task_0142,1_036,122.23541405277398,True
140,task_0141,1_036,2,142,task_0143,1_036,71.95957111862921,True
140,task_0141,1_036,3,149,task_0150,1_038,66.98029869812358,False
140,task_0141,1_036,4,143,task_0144,1_036,62.218645404506994,True
140,task_0141,1_036,5,24,task_0025,1_007,48.34705004819668,False
140,task_0141,1_036,6,176,task_0177,1_045,48.138168637255376,False
140,task_0141,1_036,7,150,task_0151,1_038,47.77660158492744,False
140,task_0141,1_036,8,51,task_0052,1_013,42.947595832293715,False
140,task_0141,1_036,9,148,task_0149,1_038,42.864329835626464,False
140,task_0141,1_036,10,49,task_0050,1_013,42.08701825023509,False
141,task_0142,1_036,1,140,task_0141,1_036,93.44456394656274,True
141,task_0142,1_036,2,149,task_0150,1_038,37.380337929292864,False
141,task_0142,1_036,3,92,task_0093,1_024,35.6237487502222,False
141,task_0142,1_036,4,51,task_0052,1_013,34.29215529052334,False
141,task_0142,1_036,5,150,task_0151,1_038,30.996952545702854,False
141,task_0142,1_036,6,96,task_0097,1_025,30.030738097179217,False
141,task_0142,1_036,7,142,task_0143,1_036,29.175808264720214,True
141,task_0142,1_036,8,49,task_0050,1_013,28.816906534461335,False
141,task_0142,1_036,9,24,task_0025,1_007,26.146375839340493,False
141,task_0142,1_036,10,148,task_0149,1_038,25.65136625737695,False
142,task_0143,1_036,1,143,task_0144,1_036,92.01770136322506,True
142,task_0143,1_036,2,140,task_0141,1_036,72.50905820319112,True
142,task_0143,1_036,3,149,task_0150,1_038,58.30590049259504,False
142,task_0143,1_036,4,24,task_0025,1_007,45.300336130051186,False
142,task_0143,1_036,5,117,task_0118,1_030,43.257123261505676,False
142,task_0143,1_036,6,136,task_0137,1_035,43.14332646501752,False
142,task_0143,1_036,7,141,task_0142,1_036,40.4559482253168,True
142,task_0143,1_036,8,137,task_0138,1_035,40.33846662770234,False
142,task_0143,1_036,9,181,task_0182,1_046,39.33337691172544,False
142,task_0143,1_036,10,48,task_0049,1_013,39.297208153158515,False
143,task_0144,1_036,1,142,task_0143,1_036,91.54532306976814,True
143,task_0144,1_036,2,140,task_0141,1_036,59.4793025232796,True
143,task_0144,1_036,3,24,task_0025,1_007,43.137106367758946,False
143,task_0144,1_036,4,70,task_0071,1_018,39.89809600510685,False
143,task_0144,1_036,5,136,task_0137,1_035,39.16837846862647,False
143,task_0144,1_036,6,113,task_0114,1_029,37.879962485987186,False
143,task_0144,1_036,7,26,task_0027,1_007,37.851178535203395,False
143,task_0144,1_036,8,148,task_0149,1_038,36.38462257749102,False
143,task_0144,1_036,9,179,task_0180,1_045,35.94964631642696,False
143,task_0144,1_036,10,150,task_0151,1_038,35.42747553017349,False
144,task_0145,1_037,1,146,task_0147,1_037,152.84845384940382,True
144,task_0145,1_037,2,145,task_0146,1_037,57.811522502477985,True
144,task_0145,1_037,3,147,task_0148,1_037,54.18740478411499,True
144,task_0145,1_037,4,178,task_0179,1_045,30.89395429691638,False
144,task_0145,1_037,5,42,task_0043,1_011,29.329681355341844,False
144,task_0145,1_037,6,66,task_0067,1_017,28.8545795918156,False
144,task_0145,1_037,7,62,task_0063,1_016,28.705910689744254,False
144,task_0145,1_037,8,86,task_0087,1_022,28.164697866037933,False
144,task_0145,1_037,9,40,task_0041,1_011,26.265762782977628,False
144,task_0145,1_037,10,166,task_0167,1_042,25.93492647269289,False
145,task_0146,1_037,1,147,task_0148,1_037,115.3604694909497,True
145,task_0146,1_037,2,41,task_0042,1_011,72.56434456502411,False
145,task_0146,1_037,3,146,task_0147,1_037,63.18848475369436,True
145,task_0146,1_037,4,144,task_0145,1_037,59.95631594154962,True
145,task_0146,1_037,5,43,task_0044,1_011,55.40012416797436,False
145,task_0146,1_037,6,42,task_0043,1_011,35.09205894143818,False
145,task_0146,1_037,7,62,task_0063,1_016,33.61119269582847,False
145,task_0146,1_037,8,3,task_0004,1_001,32.604810850754546,False
145,task_0146,1_037,9,1,task_0002,1_001,32.26198673508575,False
145,task_0146,1_037,10,30,task_0031,1_008,32.21543324555922,False
146,task_0147,1_037,1,144,task_0145,1_037,164.28890319709777,True
146,task_0147,1_037,2,145,task_0146,1_037,63.917128480957686,True
146,task_0147,1_037,3,147,task_0148,1_037,58.13460847179101,True
146,task_0147,1_037,4,493,task_0494,3_037,39.23152365439852,False
146,task_0147,1_037,5,66,task_0067,1_017,35.261438867077445,False
146,task_0147,1_037,6,62,task_0063,1_016,35.07748964988078,False
146,task_0147,1_037,7,178,task_0179,1_045,30.57785486837641,False
146,task_0147,1_037,8,25,task_0026,1_007,28.107432065861204,False
146,task_0147,1_037,9,27,task_0028,1_007,27.64382684812543,False
146,task_0147,1_037,10,2,task_0003,1_001,27.53505005208908,False
147,task_0148,1_037,1,145,task_0146,1_037,113.94661770139706,True
147,task_0148,1_037,2,146,task_0147,1_037,57.853185042259874,True
147,task_0148,1_037,3,41,task_0042,1_011,56.043477027217115,False
147,task_0148,1_037,4,144,task_0145,1_037,54.94524120566968,True
147,task_0148,1_037,5,43,task_0044,1_011,38.612402278954,False
147,task_0148,1_037,6,66,task_0067,1_017,38.37818969769946,False
147,task_0148,1_037,7,62,task_0063,1_016,38.17838301075382,False
147,task_0148,1_037,8,9,task_0010,1_003,32.69887509468771,False
147,task_0148,1_037,9,51,task_0052,1_013,31.899405130941293,False
147,task_0148,1_037,10,493,task_0494,3_037,31.036394773810947,False
148,task_0149,1_038,1,149,task_0150,1_038,49.755271054995724,True
148,task_0149,1_038,2,66,task_0067,1_017,42.84806291549504,False
148,task_0149,1_038,3,150,task_0151,1_038,42.41791063094507,True
148,task_0149,1_038,4,62,task_0063,1_016,39.007355262310114,False
148,task_0149,1_038,5,184,task_0185,1_047,33.97332123321268,False
148,task_0149,1_038,6,26,task_0027,1_007,33.340256155666154,False
148,task_0149,1_038,7,176,task_0177,1_045,32.742295980158424,False
148,task_0149,1_038,8,186,task_0187,1_047,32.40788671985857,False
148,task_0149,1_038,9,128,task_0129,1_033,32.28488964571852,False
148,task_0149,1_038,10,24,task_0025,1_007,31.80890996019021,False
149,task_0150,1_038,1,150,task_0151,1_038,98.96571017041198,True
149,task_0150,1_038,2,140,task_0141,1_036,59.21862910654654,False
149,task_0150,1_038,3,151,task_0152,1_038,56.79871332894933,True
149,task_0150,1_038,4,148,task_0149,1_038,52.85496522660039,True
149,task_0150,1_038,5,142,task_0143,1_036,50.45472230250802,False
149,task_0150,1_038,6,24,task_0025,1_007,43.421445160974756,False
149,task_0150,1_038,7,92,task_0093,1_024,41.824612444429995,False
149,task_0150,1_038,8,141,task_0142,1_036,41.66041079755749,False
149,task_0150,1_038,9,98,task_0099,1_025,41.11362336673024,False
149,task_0150,1_038,10,96,task_0097,1_025,39.656354700058664,False
150,task_0151,1_038,1,149,task_0150,1_038,100.02543597415344,True
150,task_0151,1_038,2,151,task_0152,1_038,65.86803927655745,True
150,task_0151,1_038,3,148,task_0149,1_038,51.61373357112428,True
150,task_0151,1_038,4,140,task_0141,1_036,45.73509186971056,False
150,task_0151,1_038,5,96,task_0097,1_025,41.26418400193043,False
150,task_0151,1_038,6,92,task_0093,1_024,40.094694743600556,False
150,task_0151,1_038,7,121,task_0122,1_031,37.59347488653577,False
150,task_0151,1_038,8,115,task_0116,1_029,36.86919576694219,False
150,task_0151,1_038,9,178,task_0179,1_045,36.48307799993667,False
150,task_0151,1_038,10,37,task_0038,1_010,34.78591251134935,False
151,task_0152,1_038,1,150,task_0151,1_038,63.032558262778025,True
151,task_0152,1_038,2,149,task_0150,1_038,54.60673105433152,True
151,task_0152,1_038,3,113,task_0114,1_029,30.756780069134106,False
151,task_0152,1_038,4,117,task_0118,1_030,29.48591108774208,False
151,task_0152,1_038,5,121,task_0122,1_031,26.71945976660655,False
151,task_0152,1_038,6,94,task_0095,1_024,24.234159158526708,False
151,task_0152,1_038,7,148,task_0149,1_038,23.451054207685026,True
151,task_0152,1_038,8,715,task_0716,4_038,22.934452458373197,False
151,task_0152,1_038,9,115,task_0116,1_029,22.510732796365907,False
151,task_0152,1_038,10,91,task_0092,1_023,21.750612343565937,False
152,task_0153,1_039,1,154,task_0155,1_039,103.28687496630708,True
152,task_0153,1_039,2,153,task_0154,1_039,92.3545432261492,True
152,task_0153,1_039,3,155,task_0156,1_039,70.66221352360577,True
152,task_0153,1_039,4,76,task_0077,1_020,33.45197647395918,False
152,task_0153,1_039,5,310,task_0311,2_031,29.74178083295803,False
152,task_0153,1_039,6,82,task_0083,1_021,29.71111622101364,False
152,task_0153,1_039,7,603,task_0604,4_010,29.4341892089827,False
152,task_0153,1_039,8,309,task_0310,2_031,28.795202030041057,False
152,task_0153,1_039,9,237,task_0238,2_013,26.1642283589299,False
152,task_0153,1_039,10,239,task_0240,2_013,25.611400812975518,False
153,task_0154,1_039,1,152,task_0153,1_039,94.92181448163437,True
153,task_0154,1_039,2,154,task_0155,1_039,94.75441596413634,True
153,task_0154,1_039,3,155,task_0156,1_039,63.134639992688676,True
153,task_0154,1_039,4,78,task_0079,1_020,29.866969787383958,False
153,task_0154,1_039,5,340,task_0341,2_039,29.58800279010129,False
153,task_0154,1_039,6,133,task_0134,1_034,27.12013365775843,False
153,task_0154,1_039,7,82,task_0083,1_021,27.012677556769745,False
153,task_0154,1_039,8,129,task_0130,1_033,26.610575742281277,False
153,task_0154,1_039,9,310,task_0311,2_031,26.510331186997018,False
153,task_0154,1_039,10,309,task_0310,2_031,25.963811768802913,False
154,task_0155,1_039,1,152,task_0153,1_039,108.75444556085164,True
154,task_0155,1_039,2,153,task_0154,1_039,98.77177092474349,True
154,task_0155,1_039,3,155,task_0156,1_039,59.710956518390645,True
154,task_0155,1_039,4,76,task_0077,1_020,33.45197647395918,False
154,task_0155,1_039,5,82,task_0083,1_021,30.696850769016734,False
154,task_0155,1_039,6,237,task_0238,2_013,29.506446287220303,False
154,task_0155,1_039,7,140,task_0141,1_036,29.106886215807673,False
154,task_0155,1_039,8,342,task_0343,2_039,29.055006290783002,False
154,task_0155,1_039,9,239,task_0240,2_013,27.56837000992013,False
154,task_0155,1_039,10,310,task_0311,2_031,27.502159685934803,False
155,task_0156,1_039,1,152,task_0153,1_039,70.26870860230107,True
155,task_0156,1_039,2,153,task_0154,1_039,62.26879568652314,True
155,task_0156,1_039,3,154,task_0155,1_039,57.275688410714125,True
155,task_0156,1_039,4,342,task_0343,2_039,30.29197627497039,False
155,task_0156,1_039,5,78,task_0079,1_020,29.599540177070963,False
155,task_0156,1_039,6,607,task_0608,4_011,29.18569936674267,False
155,task_0156,1_039,7,76,task_0077,1_020,28.512560130692986,False
155,task_0156,1_039,8,237,task_0238,2_013,27.251450711689838,False
155,task_0156,1_039,9,82,task_0083,1_021,25.435223025606586,False
155,task_0156,1_039,10,239,task_0240,2_013,24.87654215326605,False
156,task_0157,1_040,1,158,task_0159,1_040,132.25555663892385,True
156,task_0157,1_040,2,157,task_0158,1_040,80.83623758082953,True
156,task_0157,1_040,3,182,task_0183,1_046,54.13958407040407,False
156,task_0157,1_040,4,138,task_0139,1_035,52.44264136657094,False
156,task_0157,1_040,5,106,task_0107,1_027,50.1459281597322,False
156,task_0157,1_040,6,181,task_0182,1_046,48.66894214070423,False
156,task_0157,1_040,7,104,task_0105,1_027,47.44082761805153,False
156,task_0157,1_040,8,13,task_0014,1_004,47.005039616793916,False
156,task_0157,1_040,9,124,task_0125,1_032,44.6970750886684,False
156,task_0157,1_040,10,68,task_0069,1_018,43.730669477271476,False
157,task_0158,1_040,1,158,task_0159,1_040,87.42349310155186,True
157,task_0158,1_040,2,156,task_0157,1_040,81.14883470282273,True
157,task_0158,1_040,3,159,task_0160,1_040,76.80290510673046,True
157,task_0158,1_040,4,181,task_0182,1_046,64.24974676034418,False
157,task_0158,1_040,5,182,task_0183,1_046,50.707363723959205,False
157,task_0158,1_040,6,109,task_0110,1_028,48.71567708102576,False
157,task_0158,1_040,7,111,task_0112,1_028,47.13965995021001,False
157,task_0158,1_040,8,104,task_0105,1_027,46.517062747679894,False
157,task_0158,1_040,9,186,task_0187,1_047,43.17403640578123,False
157,task_0158,1_040,10,137,task_0138,1_035,41.785558926071985,False
158,task_0159,1_040,1,156,task_0157,1_040,130.75817994038403,True
158,task_0159,1_040,2,157,task_0158,1_040,89.09953062835922,True
158,task_0159,1_040,3,181,task_0182,1_046,61.039770153923406,False
158,task_0159,1_040,4,182,task_0183,1_046,54.97332579436803,False
158,task_0159,1_040,5,159,task_0160,1_040,53.89236346353667,True
158,task_0159,1_040,6,138,task_0139,1_035,50.8455792396342,False
158,task_0159,1_040,7,106,task_0107,1_027,50.1459281597322,False
158,task_0159,1_040,8,68,task_0069,1_018,47.68557966022883,False
158,task_0159,1_040,9,104,task_0105,1_027,46.80940905239462,False
158,task_0159,1_040,10,186,task_0187,1_047,46.446710523317975,False
159,task_0160,1_040,1,157,task_0158,1_040,63.99284426365318,True
159,task_0160,1_040,2,158,task_0159,1_040,44.67328600499144,True
159,task_0160,1_040,3,181,task_0182,1_046,38.615902015018,False
159,task_0160,1_040,4,156,task_0157,1_040,37.81741819717923,True
159,task_0160,1_040,5,182,task_0183,1_046,36.54284806677202,False
159,task_0160,1_040,6,180,task_0181,1_046,34.42855684304442,False
159,task_0160,1_040,7,109,task_0110,1_028,31.97221220778809,False
159,task_0160,1_040,8,183,task_0184,1_046,31.8134962927831,False
159,task_0160,1_040,9,186,task_0187,1_047,30.974193572216667,False
159,task_0160,1_040,10,106,task_0107,1_027,28.383717816113762,False
160,task_0161,1_041,1,162,task_0163,1_041,176.29299231367565,True
160,task_0161,1_041,2,161,task_0162,1_041,65.16230374559662,True
160,task_0161,1_041,3,163,task_0164,1_041,56.74950839723801,True
160,task_0161,1_041,4,91,task_0092,1_023,33.77403129641723,False
160,task_0161,1_041,5,137,task_0138,1_035,33.48373353954073,False
160,task_0161,1_041,6,89,task_0090,1_023,33.465081025488445,False
160,task_0161,1_041,7,142,task_0143,1_036,29.22571579710099,False
160,task_0161,1_041,8,56,task_0057,1_015,26.447975537399163,False
160,task_0161,1_041,9,90,task_0091,1_023,26.164358305543566,False
160,task_0161,1_041,10,45,task_0046,1_012,24.67289303708242,False
161,task_0162,1_041,1,163,task_0164,1_041,111.82283960458314,True
161,task_0162,1_041,2,160,task_0161,1_041,66.17206904931288,True
161,task_0162,1_041,3,162,task_0163,1_041,63.20917185595576,True
161,task_0162,1_041,4,168,task_0169,1_043,35.80007224461227,False
161,task_0162,1_041,5,142,task_0143,1_036,30.023277368006507,False
161,task_0162,1_041,6,117,task_0118,1_030,29.977179285327477,False
161,task_0162,1_041,7,40,task_0041,1_011,28.983117272858717,False
161,task_0162,1_041,8,137,task_0138,1_035,28.465535105800008,False
161,task_0162,1_041,9,123,task_0124,1_031,28.166938575552308,False
161,task_0162,1_041,10,166,task_0167,1_042,27.831807327283887,False
162,task_0163,1_041,1,160,task_0161,1_041,178.39791535208946,True
162,task_0163,1_041,2,161,task_0162,1_041,62.943079418957325,True
162,task_0163,1_041,3,163,task_0164,1_041,56.74950839723801,True
162,task_0163,1_041,4,137,task_0138,1_035,34.97468354146118,False
162,task_0163,1_041,5,91,task_0092,1_023,33.77403129641723,False
162,task_0163,1_041,6,89,task_0090,1_023,33.465081025488445,False
162,task_0163,1_041,7,142,task_0143,1_036,29.22571579710099,False
162,task_0163,1_041,8,56,task_0057,1_015,27.178150412886485,False
162,task_0163,1_041,9,90,task_0091,1_023,25.80140362235245,False
162,task_0163,1_041,10,45,task_0046,1_012,24.67289303708242,False
163,task_0164,1_041,1,161,task_0162,1_041,116.64403590232361,True
163,task_0164,1_041,2,160,task_0161,1_041,58.77768123487674,True
163,task_0164,1_041,3,162,task_0163,1_041,57.519964584599386,True
163,task_0164,1_041,4,56,task_0057,1_015,29.213589760179545,False
163,task_0164,1_041,5,58,task_0059,1_015,27.58817272571506,False
163,task_0164,1_041,6,35,task_0036,1_009,27.013026331943195,False
163,task_0164,1_041,7,117,task_0118,1_030,26.001376431140567,False
163,task_0164,1_041,8,33,task_0034,1_009,25.953417876912898,False
163,task_0164,1_041,9,168,task_0169,1_043,24.55786462987867,False
163,task_0164,1_041,10,142,task_0143,1_036,24.536445317824523,False
164,task_0165,1_042,1,168,task_0169,1_043,68.4324714179866,False
164,task_0165,1_042,2,166,task_0167,1_042,25.811759748804047,True
164,task_0165,1_042,3,44,task_0045,1_012,25.201436650924524,False
164,task_0165,1_042,4,170,task_0171,1_043,22.931358632879864,False
164,task_0165,1_042,5,87,task_0088,1_022,22.137700977819062,False
164,task_0165,1_042,6,184,task_0185,1_047,22.115173393631906,False
164,task_0165,1_042,7,161,task_0162,1_041,20.998282318492862,False
164,task_0165,1_042,8,186,task_0187,1_047,20.91454749199864,False
164,task_0165,1_042,9,404,task_0405,3_015,19.291441473837462,False
164,task_0165,1_042,10,46,task_0047,1_012,18.836983914442925,False
165,task_0166,1_042,1,169,task_0170,1_043,128.0752510504027,False
165,task_0166,1_042,2,167,task_0168,1_042,103.55369698189281,True
165,task_0166,1_042,3,171,task_0172,1_043,88.45413542723067,False
165,task_0166,1_042,4,67,task_0068,1_017,41.44315450345026,False
165,task_0166,1_042,5,220,task_0221,2_009,29.545755076709806,False
165,task_0166,1_042,6,222,task_0223,2_009,29.175127885962606,False
165,task_0166,1_042,7,277,task_0278,2_023,28.19010950072186,False
165,task_0166,1_042,8,335,task_0336,2_037,27.899896891269716,False
165,task_0166,1_042,9,310,task_0311,2_031,27.13642425193551,False
165,task_0166,1_042,10,320,task_0321,2_034,27.047056295170787,False
166,task_0167,1_042,1,170,task_0171,1_043,129.7763163269891,False
166,task_0167,1_042,2,168,task_0169,1_043,48.193569089663995,False
166,task_0167,1_042,3,109,task_0110,1_028,43.37353625981512,False
166,task_0167,1_042,4,139,task_0140,1_035,43.233519965778754,False
166,task_0167,1_042,5,86,task_0087,1_022,40.005125339550624,False
166,task_0167,1_042,6,176,task_0177,1_045,39.44573119657881,False
166,task_0167,1_042,7,121,task_0122,1_031,37.64104937237179,False
166,task_0167,1_042,8,84,task_0085,1_022,37.395367104337495,False
166,task_0167,1_042,9,70,task_0071,1_018,36.40531018138549,False
166,task_0167,1_042,10,137,task_0138,1_035,36.17146064098945,False
167,task_0168,1_042,1,171,task_0172,1_043,129.62948670831298,False
167,task_0168,1_042,2,165,task_0166,1_042,93.3836388873278,True
167,task_0168,1_042,3,169,task_0170,1_043,79.5844134900038,False
167,task_0168,1_042,4,444,task_0445,3_025,31.20084605581759,False
167,task_0168,1_042,5,166,task_0167,1_042,24.097096373410047,True
167,task_0168,1_042,6,120,task_0121,1_031,23.218380300419955,False
167,task_0168,1_042,7,277,task_0278,2_023,23.046373540491672,False
167,task_0168,1_042,8,103,task_0104,1_026,22.917136379810852,False
167,task_0168,1_042,9,317,task_0318,2_033,22.77862440279891,False
167,task_0168,1_042,10,321,task_0322,2_034,22.081512199852042,False
168,task_0169,1_043,1,164,task_0165,1_042,79.30907042073089,False
168,task_0169,1_043,2,170,task_0171,1_043,51.89406798618551,True
168,task_0169,1_043,3,166,task_0167,1_042,42.513833690969214,False
168,task_0169,1_043,4,161,task_0162,1_041,31.293642059940698,False
168,task_0169,1_043,5,41,task_0042,1_011,29.161515634357485,False
168,task_0169,1_043,6,43,task_0044,1_011,28.674758499496342,False
168,task_0169,1_043,7,66,task_0067,1_017,28.152825874698078,False
168,task_0169,1_043,8,62,task_0063,1_016,28.01027699604408,False
168,task_0169,1_043,9,184,task_0185,1_047,27.8268199791511,False
168,task_0169,1_043,10,186,task_0187,1_047,26.380267859223192,False
169,task_0170,1_043,1,165,task_0166,1_042,127.99212708252095,False
169,task_0170,1_043,2,167,task_0168,1_042,89.49986007323093,False
169,task_0170,1_043,3,171,task_0172,1_043,85.5212185026029,True
169,task_0170,1_043,4,423,task_0424,3_020,28.15316549159895,False
169,task_0170,1_043,5,317,task_0318,2_033,28.084337584089138,False
169,task_0170,1_043,6,425,task_0426,3_020,27.793053900631122,False
169,task_0170,1_043,7,261,task_0262,2_019,27.428307291813297,False
169,task_0170,1_043,8,63,task_0064,1_016,27.35743396889568,False
169,task_0170,1_043,9,310,task_0311,2_031,26.017352432385188,False
169,task_0170,1_043,10,103,task_0104,1_026,26.010388322509208,False
170,task_0171,1_043,1,166,task_0167,1_042,128.01030198910647,False
170,task_0171,1_043,2,168,task_0169,1_043,54.914307153653866,True
170,task_0171,1_043,3,109,task_0110,1_028,42.76250313862661,False
170,task_0171,1_043,4,84,task_0085,1_022,40.7383859465122,False
170,task_0171,1_043,5,86,task_0087,1_022,39.76183601270441,False
170,task_0171,1_043,6,139,task_0140,1_035,37.940201330013124,False
170,task_0171,1_043,7,137,task_0138,1_035,37.344315620070255,False
170,task_0171,1_043,8,25,task_0026,1_007,36.818104020448516,False
170,task_0171,1_043,9,27,task_0028,1_007,36.35449880271274,False
170,task_0171,1_043,10,70,task_0071,1_018,35.043450951664525,False
171,task_0172,1_043,1,167,task_0168,1_042,134.17179399235323,False
171,task_0172,1_043,2,165,task_0166,1_042,83.65988049240687,False
171,task_0172,1_043,3,169,task_0170,1_043,78.98367394910082,True
171,task_0172,1_043,4,444,task_0445,3_025,32.3331841882789,False
171,task_0172,1_043,5,500,task_0501,3_039,29.886979958606965,False
171,task_0172,1_043,6,613,task_0614,4_013,26.299309715545892,False
171,task_0172,1_043,7,43,task_0044,1_011,25.611898120862403,False
171,task_0172,1_043,8,319,task_0320,2_033,24.566589562777377,False
171,task_0172,1_043,9,85,task_0086,1_022,24.32433624564171,False
171,task_0172,1_043,10,432,task_0433,3_022,23.950596837046504,False
172,task_0173,1_044,1,174,task_0175,1_044,82.18577292202161,True
172,task_0173,1_044,2,175,task_0176,1_044,61.21093336106659,True
172,task_0173,1_044,3,173,task_0174,1_044,45.161561934873035,True
172,task_0173,1_044,4,22,task_0023,1_006,31.745451584196314,False
172,task_0173,1_044,5,32,task_0033,1_009,29.39548415422616,False
172,task_0173,1_044,6,181,task_0182,1_046,29.073429772461324,False
172,task_0173,1_044,7,34,task_0035,1_009,26.85509052722004,False
172,task_0173,1_044,8,178,task_0179,1_045,26.070121175359862,False
172,task_0173,1_044,9,21,task_0022,1_006,25.558498977903895,False
172,task_0173,1_044,10,514,task_0515,3_042,25.27405007206764,False
173,task_0174,1_044,1,174,task_0175,1_044,47.78350080533377,True
173,task_0174,1_044,2,175,task_0176,1_044,47.33710540809418,True
173,task_0174,1_044,3,172,task_0173,1_044,40.629517073673405,True
173,task_0174,1_044,4,181,task_0182,1_046,35.12082837841001,False
173,task_0174,1_044,5,183,task_0184,1_046,31.652361003425593,False
173,task_0174,1_044,6,115,task_0116,1_029,26.174530581452622,False
173,task_0174,1_044,7,134,task_0135,1_034,22.753017332723868,False
173,task_0174,1_044,8,102,task_0103,1_026,22.01520363768462,False
173,task_0174,1_044,9,132,task_0133,1_034,21.922253168920385,False
173,task_0174,1_044,10,22,task_0023,1_006,21.29368933758648,False
174,task_0175,1_044,1,172,task_0173,1_044,85.02827982250717,True
174,task_0175,1_044,2,173,task_0174,1_044,57.435106943746746,True
174,task_0175,1_044,3,175,task_0176,1_044,41.36848861026997,True
174,task_0175,1_044,4,34,task_0035,1_009,38.206930171629935,False
174,task_0175,1_044,5,32,task_0033,1_009,29.09665544354159,False
174,task_0175,1_044,6,181,task_0182,1_046,28.518396979350932,False
174,task_0175,1_044,7,362,task_0363,3_004,27.001869365514,False
174,task_0175,1_044,8,22,task_0023,1_006,26.281256512903873,False
174,task_0175,1_044,9,170,task_0171,1_043,25.38760338097812,False
174,task_0175,1_044,10,442,task_0443,3_024,24.646986508073592,False
175,task_0176,1_044,1,172,task_0173,1_044,66.70325203459531,True
175,task_0176,1_044,2,173,task_0174,1_044,57.352445220099725,True
175,task_0176,1_044,3,181,task_0182,1_046,46.228645813983995,False
175,task_0176,1_044,4,23,task_0024,1_006,41.794349247889414,False
175,task_0176,1_044,5,174,task_0175,1_044,41.42488621440453,True
175,task_0176,1_044,6,184,task_0185,1_047,41.086991060604916,False
175,task_0176,1_044,7,186,task_0187,1_047,37.47362243170655,False
175,task_0176,1_044,8,108,task_0109,1_028,36.52033740960489,False
175,task_0176,1_044,9,21,task_0022,1_006,34.60057395198271,False
175,task_0176,1_044,10,183,task_0184,1_046,34.47153560568722,False
176,task_0177,1_045,1,178,task_0179,1_045,119.26676339784456,True
176,task_0177,1_045,2,179,task_0180,1_045,79.10150654300877,True
176,task_0177,1_045,3,177,task_0178,1_045,59.89605648079207,True
176,task_0177,1_045,4,124,task_0125,1_032,48.683379694366586,False
176,task_0177,1_045,5,26,task_0027,1_007,41.2026970121638,False
176,task_0177,1_045,6,166,task_0167,1_042,40.4969840895864,False
176,task_0177,1_045,7,140,task_0141,1_036,40.49576731870444,False
176,task_0177,1_045,8,86,task_0087,1_022,39.0424529316092,False
176,task_0177,1_045,9,148,task_0149,1_038,36.544490716422494,False
176,task_0177,1_045,10,1,task_0002,1_001,36.43404665690836,False
177,task_0178,1_045,1,178,task_0179,1_045,66.10761782422779,True
177,task_0178,1_045,2,179,task_0180,1_045,64.13680288958501,True
177,task_0178,1_045,3,176,task_0177,1_045,59.64622169335412,True
177,task_0178,1_045,4,66,task_0067,1_017,29.301720557318927,False
177,task_0178,1_045,5,62,task_0063,1_016,29.145796855571923,False
177,task_0178,1_045,6,1,task_0002,1_001,28.978288923167774,False
177,task_0178,1_045,7,422,task_0423,3_019,28.285158915120558,False
177,task_0178,1_045,8,140,task_0141,1_036,27.18906417976438,False
177,task_0178,1_045,9,170,task_0171,1_043,26.00801290319911,False
177,task_0178,1_045,10,86,task_0087,1_022,25.490080363342873,False
178,task_0179,1_045,1,176,task_0177,1_045,125.58545110621887,True
178,task_0179,1_045,2,179,task_0180,1_045,76.61492038897357,True
178,task_0179,1_045,3,177,task_0178,1_045,69.69943908224671,True
178,task_0179,1_045,4,86,task_0087,1_022,37.21759914940139,False
178,task_0179,1_045,5,150,task_0151,1_038,35.815182855070844,False
178,task_0179,1_045,6,26,task_0027,1_007,35.29459932042394,False
178,task_0179,1_045,7,2,task_0003,1_001,34.40557606189029,False
178,task_0179,1_045,8,1,task_0002,1_001,32.76178102896252,False
178,task_0179,1_045,9,166,task_0167,1_042,32.00780176397766,False
178,task_0179,1_045,10,0,task_0001,1_001,31.821680757833242,False
179,task_0180,1_045,1,176,task_0177,1_045,85.04865963910947,True
179,task_0180,1_045,2,178,task_0179,1_045,78.40053729797012,True
179,task_0180,1_045,3,177,task_0178,1_045,72.26369302616583,True
179,task_0180,1_045,4,136,task_0137,1_035,41.37163257163801,False
179,task_0180,1_045,5,422,task_0423,3_019,35.713112460496426,False
179,task_0180,1_045,6,143,task_0144,1_036,33.94725305270045,False
179,task_0180,1_045,7,142,task_0143,1_036,33.50029617460359,False
179,task_0180,1_045,8,26,task_0027,1_007,33.23329187554781,False
179,task_0180,1_045,9,24,task_0025,1_007,33.14077235489337,False
179,task_0180,1_045,10,1,task_0002,1_001,32.96939765065024,False
180,task_0181,1_046,1,183,task_0184,1_046,68.06474927833793,True
180,task_0181,1_046,2,182,task_0183,1_046,49.29337026068024,True
180,task_0181,1_046,3,181,task_0182,1_046,39.82661562988756,True
180,task_0181,1_046,4,106,task_0107,1_027,39.20382694110525,False
180,task_0181,1_046,5,186,task_0187,1_047,38.46618573033127,False
180,task_0181,1_046,6,158,task_0159,1_040,33.87638879455709,False
180,task_0181,1_046,7,156,task_0157,1_040,32.64152656439549,False
180,task_0181,1_046,8,159,task_0160,1_040,32.50235073764932,False
180,task_0181,1_046,9,55,task_0056,1_014,28.679895458226397,False
180,task_0181,1_046,10,102,task_0103,1_026,28.463880118711355,False
181,task_0182,1_046,1,183,task_0184,1_046,86.45217781260507,True
181,task_0182,1_046,2,186,task_0187,1_047,76.87220513319185,False
181,task_0182,1_046,3,182,task_0183,1_046,72.0372501248695,True
181,task_0182,1_046,4,157,task_0158,1_040,69.93833598081198,False
181,task_0182,1_046,5,158,task_0159,1_040,63.40426445558952,False
181,task_0182,1_046,6,184,task_0185,1_047,60.73589265291855,False
181,task_0182,1_046,7,156,task_0157,1_040,55.65864867193565,False
181,task_0182,1_046,8,180,task_0181,1_046,55.010106598655305,True
181,task_0182,1_046,9,106,task_0107,1_027,52.114771777921526,False
181,task_0182,1_046,10,159,task_0160,1_040,49.20773308845999,False
182,task_0183,1_046,1,181,task_0182,1_046,66.1649999002939,True
182,task_0183,1_046,2,180,task_0181,1_046,61.85903734659325,True
182,task_0183,1_046,3,158,task_0159,1_040,53.59384146563735,False
182,task_0183,1_046,4,156,task_0157,1_040,53.09627636866016,False
182,task_0183,1_046,5,183,task_0184,1_046,52.959576262608714,True
182,task_0183,1_046,6,157,task_0158,1_040,52.47109016191316,False
182,task_0183,1_046,7,184,task_0185,1_047,51.28666393708944,False
182,task_0183,1_046,8,186,task_0187,1_047,44.624323838310914,False
182,task_0183,1_046,9,159,task_0160,1_040,44.11501607175671,False
182,task_0183,1_046,10,39,task_0040,1_010,39.96086651608917,False
183,task_0184,1_046,1,180,task_0181,1_046,73.23474825341806,True
183,task_0184,1_046,2,181,task_0182,1_046,72.20738472688863,True
183,task_0184,1_046,3,182,task_0183,1_046,49.53362024854827,True
183,task_0184,1_046,4,106,task_0107,1_027,42.59011995334257,False
183,task_0184,1_046,5,159,task_0160,1_040,35.12676483169001,False
183,task_0184,1_046,6,173,task_0174,1_044,34.74404904947542,False
183,task_0184,1_046,7,186,task_0187,1_047,34.10799614150437,False
183,task_0184,1_046,8,175,task_0176,1_044,33.272735252328964,False
183,task_0184,1_046,9,158,task_0159,1_040,33.17193171493236,False
183,task_0184,1_046,10,102,task_0103,1_026,30.89555549047028,False
184,task_0185,1_047,1,186,task_0187,1_047,146.27468838673735,True
184,task_0185,1_047,2,185,task_0186,1_047,76.15817362094985,True
184,task_0185,1_047,3,181,task_0182,1_046,61.80701797690456,False
184,task_0185,1_047,4,110,task_0111,1_028,57.70290744872497,False
184,task_0185,1_047,5,182,task_0183,1_046,54.09096507576033,False
184,task_0185,1_047,6,139,task_0140,1_035,45.225510616855594,False
184,task_0185,1_047,7,137,task_0138,1_035,44.06224955828845,False
184,task_0185,1_047,8,148,task_0149,1_038,42.71142027136817,False
184,task_0185,1_047,9,109,task_0110,1_028,41.655028322480874,False
184,task_0185,1_047,10,175,task_0176,1_044,40.9367421317263,False
185,task_0186,1_047,1,184,task_0185,1_047,72.23904967392873,True
185,task_0186,1_047,2,187,task_0188,1_047,56.65153341678508,True
185,task_0186,1_047,3,186,task_0187,1_047,53.92539214272908,True
185,task_0186,1_047,4,94,task_0095,1_024,44.30131604923247,False
185,task_0186,1_047,5,117,task_0118,1_030,41.89735155343964,False
185,task_0186,1_047,6,134,task_0135,1_034,39.838565749124015,False
185,task_0186,1_047,7,181,task_0182,1_046,38.984095795021666,False
185,task_0186,1_047,8,115,task_0116,1_029,35.793513374323105,False
185,task_0186,1_047,9,175,task_0176,1_044,31.739590988870447,False
185,task_0186,1_047,10,48,task_0049,1_013,31.018162109404106,False
186,task_0187,1_047,1,184,task_0185,1_047,139.80987029473422,True
186,task_0187,1_047,2,181,task_0182,1_046,79.4073674106925,False
186,task_0187,1_047,3,139,task_0140,1_035,66.60455469113592,False
186,task_0187,1_047,4,185,task_0186,1_047,59.71245178581988,True
186,task_0187,1_047,5,137,task_0138,1_035,56.46208436623603,False
186,task_0187,1_047,6,180,task_0181,1_046,55.891338138919615,False
186,task_0187,1_047,7,6,task_0007,1_002,52.26765267511825,False
186,task_0187,1_047,8,110,task_0111,1_028,52.02778420760754,False
186,task_0187,1_047,9,182,task_0183,1_046,48.41682558680887,False
186,task_0187,1_047,10,109,task_0110,1_028,47.161762527902525,False
187,task_0188,1_047,1,185,task_0186,1_047,36.64571846999611,True
187,task_0188,1_047,2,94,task_0095,1_024,21.00088784878009,False
187,task_0188,1_047,3,16,task_0017,1_005,17.708917977221954,False
187,task_0188,1_047,4,186,task_0187,1_047,15.643906710030606,True
187,task_0188,1_047,5,18,task_0019,1_005,14.86433703776189,False
187,task_0188,1_047,6,92,task_0093,1_024,14.804967272689145,False
187,task_0188,1_047,7,50,task_0051,1_013,14.77206614801298,False
187,task_0188,1_047,8,184,task_0185,1_047,14.33796386467276,True
187,task_0188,1_047,9,149,task_0150,1_038,13.635630873583692,False
187,task_0188,1_047,10,48,task_0049,1_013,13.558136176713804,False
188,task_0189,2_001,1,190,task_0191,2_001,84.80863380453684,True
188,task_0189,2_001,2,191,task_0192,2_001,69.93462609201534,True
188,task_0189,2_001,3,189,task_0190,2_001,64.44355346778946,True
188,task_0189,2_001,4,284,task_0285,2_025,58.49254945902308,False
188,task_0189,2_001,5,212,task_0213,2_007,46.98619120157614,False
188,task_0189,2_001,6,286,task_0287,2_025,41.19039423542645,False
188,task_0189,2_001,7,239,task_0240,2_013,40.899209679953394,False
188,task_0189,2_001,8,213,task_0214,2_007,38.938403728227314,False
188,task_0189,2_001,9,237,task_0238,2_013,38.73615274473059,False
188,task_0189,2_001,10,236,task_0237,2_013,37.84977376387612,False
189,task_0190,2_001,1,191,task_0192,2_001,94.44018596860883,True
189,task_0190,2_001,2,190,task_0191,2_001,70.17473078826514,True
189,task_0190,2_001,3,188,task_0189,2_001,67.57090742869727,True
189,task_0190,2_001,4,286,task_0287,2_025,63.58139249475609,False
189,task_0190,2_001,5,284,task_0285,2_025,54.50498373121016,False
189,task_0190,2_001,6,208,task_0209,2_006,53.57734894965812,False
189,task_0190,2_001,7,239,task_0240,2_013,52.61119125873637,False
189,task_0190,2_001,8,237,task_0238,2_013,51.952004192547584,False
189,task_0190,2_001,9,320,task_0321,2_034,50.70405105055818,False
189,task_0190,2_001,10,210,task_0211,2_006,50.47811363653111,False
190,task_0191,2_001,1,188,task_0189,2_001,80.46625782749558,True
190,task_0191,2_001,2,191,task_0192,2_001,73.70806635959926,True
190,task_0191,2_001,3,284,task_0285,2_025,64.8668429533167,False
190,task_0191,2_001,4,189,task_0190,2_001,63.38515887272037,True
190,task_0191,2_001,5,286,task_0287,2_025,54.71024124184184,False
190,task_0191,2_001,6,212,task_0213,2_007,45.592406208437744,False
190,task_0191,2_001,7,237,task_0238,2_013,44.12938665277691,False
190,task_0191,2_001,8,239,task_0240,2_013,43.12161645890103,False
190,task_0191,2_001,9,320,task_0321,2_034,42.478006336759755,False
190,task_0191,2_001,10,208,task_0209,2_006,38.27964625190236,False
191,task_0192,2_001,1,189,task_0190,2_001,92.77046417065746,True
191,task_0192,2_001,2,190,task_0191,2_001,82.71376088549243,True
191,task_0192,2_001,3,188,task_0189,2_001,73.05027682813018,True
191,task_0192,2_001,4,284,task_0285,2_025,66.1142841746439,False
191,task_0192,2_001,5,237,task_0238,2_013,63.4661002388843,False
191,task_0192,2_001,6,239,task_0240,2_013,62.046693422670046,False
191,task_0192,2_001,7,320,task_0321,2_034,51.12928344935038,False
191,task_0192,2_001,8,286,task_0287,2_025,50.51603330727728,False
191,task_0192,2_001,9,208,task_0209,2_006,47.62704661843879,False
191,task_0192,2_001,10,212,task_0213,2_007,46.02927022532254,False
192,task_0193,2_002,1,194,task_0195,2_002,67.20724283589503,True
192,task_0193,2_002,2,298,task_0299,2_028,56.324203408479406,False
192,task_0193,2_002,3,299,task_0300,2_028,42.452243836079646,False
192,task_0193,2_002,4,304,task_0305,2_030,41.75136498004863,False
192,task_0193,2_002,5,207,task_0208,2_005,41.56143994459972,False
192,task_0193,2_002,6,306,task_0307,2_030,40.460332838641996,False
192,task_0193,2_002,7,195,task_0196,2_002,40.23094391748469,True
192,task_0193,2_002,8,323,task_0324,2_034,37.38975197747265,False
192,task_0193,2_002,9,296,task_0297,2_028,37.30978377220379,False
192,task_0193,2_002,10,208,task_0209,2_006,35.13067113295014,False
193,task_0194,2_002,1,260,task_0261,2_019,39.90623899163658,False
193,task_0194,2_002,2,296,task_0297,2_028,37.159644960133136,False
193,task_0194,2_002,3,262,task_0263,2_019,36.25219007932447,False
193,task_0194,2_002,4,194,task_0195,2_002,34.584717029320544,True
193,task_0194,2_002,5,330,task_0331,2_036,32.2859161900735,False
193,task_0194,2_002,6,328,task_0329,2_036,30.497258537411614,False
193,task_0194,2_002,7,297,task_0298,2_028,29.912810406712047,False
193,task_0194,2_002,8,189,task_0190,2_001,29.57738035661909,False
193,task_0194,2_002,9,285,task_0286,2_025,29.179296454290817,False
193,task_0194,2_002,10,263,task_0264,2_019,29.15169258702726,False
194,task_0195,2_002,1,298,task_0299,2_028,70.09095215627646,False
194,task_0195,2_002,2,192,task_0193,2_002,62.07178784408411,True
194,task_0195,2_002,3,297,task_0298,2_028,48.96435545503304,False
194,task_0195,2_002,4,304,task_0305,2_030,45.479204951049866,False
194,task_0195,2_002,5,296,task_0297,2_028,44.122914421882626,False
194,task_0195,2_002,6,195,task_0196,2_002,42.04227865833035,True
194,task_0195,2_002,7,307,task_0308,2_030,42.03640963212612,False
194,task_0195,2_002,8,335,task_0336,2_037,41.37252151311278,False
194,task_0195,2_002,9,262,task_0263,2_019,38.64514170740367,False
194,task_0195,2_002,10,193,task_0194,2_002,37.46943827370493,True
195,task_0196,2_002,1,260,task_0261,2_019,45.74177097208857,False
195,task_0196,2_002,2,194,task_0195,2_002,40.45038460411455,True
195,task_0196,2_002,3,191,task_0192,2_001,37.883499401024224,False
195,task_0196,2_002,4,285,task_0286,2_025,36.44478475546184,False
195,task_0196,2_002,5,287,task_0288,2_025,35.94910917970416,False
195,task_0196,2_002,6,286,task_0287,2_025,35.758603536735,False
195,task_0196,2_002,7,192,task_0193,2_002,34.50254322612595,True
195,task_0196,2_002,8,189,task_0190,2_001,33.97703119156334,False
195,task_0196,2_002,9,214,task_0215,2_007,32.91775794864277,False
195,task_0196,2_002,10,237,task_0238,2_013,32.50456846284383,False
196,task_0197,2_003,1,197,task_0198,2_003,109.48102646511562,True
196,task_0197,2_003,2,199,task_0200,2_003,89.67848528193034,True
196,task_0197,2_003,3,198,task_0199,2_003,85.45586404817072,True
196,task_0197,2_003,4,282,task_0283,2_024,46.47284575817759,False
196,task_0197,2_003,5,335,task_0336,2_037,45.568768043592,False
196,task_0197,2_003,6,226,task_0227,2_010,42.694671671195245,False
196,task_0197,2_003,7,227,task_0228,2_010,41.70255012191108,False
196,task_0197,2_003,8,324,task_0325,2_035,41.64998657885114,False
196,task_0197,2_003,9,314,task_0315,2_032,40.98652873356298,False
196,task_0197,2_003,10,224,task_0225,2_010,40.04668816102054,False
197,task_0198,2_003,1,199,task_0200,2_003,120.7876277869847,True
197,task_0198,2_003,2,196,task_0197,2_003,112.06283771708897,True
197,task_0198,2_003,3,198,task_0199,2_003,82.45948618237762,True
197,task_0198,2_003,4,227,task_0228,2_010,41.70255012191108,False
197,task_0198,2_003,5,251,task_0252,2_016,41.62064989151949,False
197,task_0198,2_003,6,226,task_0227,2_010,40.48579914931465,False
197,task_0198,2_003,7,221,task_0222,2_009,38.46424418834589,False
197,task_0198,2_003,8,294,task_0295,2_027,36.60455554667821,False
197,task_0198,2_003,9,282,task_0283,2_024,35.94251266733551,False
197,task_0198,2_003,10,249,task_0250,2_016,35.300052067434656,False
198,task_0199,2_003,1,199,task_0200,2_003,87.25803616279771,True
198,task_0199,2_003,2,196,task_0197,2_003,77.51466910518603,True
198,task_0199,2_003,3,197,task_0198,2_003,73.26393915964037,True
198,task_0199,2_003,4,226,task_0227,2_010,37.167984414535816,False
198,task_0199,2_003,5,280,task_0281,2_024,34.48594641322774,False
198,task_0199,2_003,6,224,task_0225,2_010,33.759482964879524,False
198,task_0199,2_003,7,283,task_0284,2_024,32.73979888060031,False
198,task_0199,2_003,8,242,task_0243,2_014,31.47167092109188,False
198,task_0199,2_003,9,240,task_0241,2_014,30.105478474842236,False
198,task_0199,2_003,10,227,task_0228,2_010,30.057341165027527,False
199,task_0200,2_003,1,197,task_0198,2_003,117.00403391008392,True
199,task_0200,2_003,2,198,task_0199,2_003,97.51245260066166,True
199,task_0200,2_003,3,196,task_0197,2_003,89.61489448543458,True
199,task_0200,2_003,4,251,task_0252,2_016,40.4967582392722,False
199,task_0200,2_003,5,221,task_0222,2_009,40.46209565293135,False
199,task_0200,2_003,6,226,task_0227,2_010,37.7838711395822,False
199,task_0200,2_003,7,224,task_0225,2_010,36.568579086482806,False
199,task_0200,2_003,8,243,task_0244,2_014,36.14458039542567,False
199,task_0200,2_003,9,241,task_0242,2_014,34.892412649625705,False
199,task_0200,2_003,10,227,task_0228,2_010,33.95955668178533,False
200,task_0201,2_004,1,202,task_0203,2_004,91.99847798512833,True
200,task_0201,2_004,2,201,task_0202,2_004,62.94710807458987,True
200,task_0201,2_004,3,237,task_0238,2_013,50.06868523819721,False
200,task_0201,2_004,4,203,task_0204,2_004,48.239627630444595,True
200,task_0201,2_004,5,239,task_0240,2_013,45.516912770223115,False
200,task_0201,2_004,6,210,task_0211,2_006,39.14985930421121,False
200,task_0201,2_004,7,208,task_0209,2_006,38.505702376074694,False
200,task_0201,2_004,8,207,task_0208,2_005,37.76155228640665,False
200,task_0201,2_004,9,189,task_0190,2_001,33.037596091938006,False
200,task_0201,2_004,10,233,task_0234,2_012,30.16814553925087,False
201,task_0202,2_004,1,200,task_0201,2_004,63.237172008636236,True
201,task_0202,2_004,2,208,task_0209,2_006,42.1529478489283,False
201,task_0202,2_004,3,237,task_0238,2_013,40.23521815395923,False
201,task_0202,2_004,4,284,task_0285,2_025,40.04196773286028,False
201,task_0202,2_004,5,239,task_0240,2_013,37.98634085986804,False
201,task_0202,2_004,6,286,task_0287,2_025,37.28538376875349,False
201,task_0202,2_004,7,213,task_0214,2_007,37.23606322487557,False
201,task_0202,2_004,8,207,task_0208,2_005,36.54835967515832,False
201,task_0202,2_004,9,210,task_0211,2_006,33.13246237752453,False
201,task_0202,2_004,10,215,task_0216,2_007,32.81425249537469,False
202,task_0203,2_004,1,200,task_0201,2_004,76.23138088175112,True
202,task_0203,2_004,2,201,task_0202,2_004,22.46516098917089,True
202,task_0203,2_004,3,14,task_0015,1_004,21.975754626324175,False
202,task_0203,2_004,4,602,task_0603,4_010,19.23351069580296,False
202,task_0203,2_004,5,603,task_0604,4_010,17.604373976761963,False
202,task_0203,2_004,6,630,task_0631,4_017,14.723950915654965,False
202,task_0203,2_004,7,214,task_0215,2_007,14.641908934517467,False
202,task_0203,2_004,8,628,task_0629,4_017,14.381410224314639,False
202,task_0203,2_004,9,213,task_0214,2_007,14.308276229452598,False
202,task_0203,2_004,10,361,task_0362,3_004,14.004982791901687,False
203,task_0204,2_004,1,200,task_0201,2_004,41.66721376623736,True
203,task_0204,2_004,2,199,task_0200,2_003,29.690993485741856,False
203,task_0204,2_004,3,244,task_0245,2_015,26.759672394189266,False
203,task_0204,2_004,4,324,task_0325,2_035,25.055460490590036,False
203,task_0204,2_004,5,201,task_0202,2_004,24.746154552352163,True
203,task_0204,2_004,6,246,task_0247,2_015,24.556728462438414,False
203,task_0204,2_004,7,196,task_0197,2_003,24.24677665050211,False
203,task_0204,2_004,8,326,task_0327,2_035,23.89606795669788,False
203,task_0204,2_004,9,198,task_0199,2_003,23.620524797775456,False
203,task_0204,2_004,10,232,task_0233,2_012,22.843435215947864,False
204,task_0205,2_005,1,206,task_0207,2_005,79.5262778734335,True
204,task_0205,2_005,2,205,task_0206,2_005,56.59138650604479,True
204,task_0205,2_005,3,207,task_0208,2_005,47.145872021609954,True
204,task_0205,2_005,4,260,task_0261,2_019,37.658734342424566,False
204,task_0205,2_005,5,292,task_0293,2_027,33.155354296669046,False
204,task_0205,2_005,6,192,task_0193,2_002,31.880039189081316,False
204,task_0205,2_005,7,282,task_0283,2_024,30.552891702835087,False
204,task_0205,2_005,8,280,task_0281,2_024,30.365971635579427,False
204,task_0205,2_005,9,208,task_0209,2_006,28.75767434118448,False
204,task_0205,2_005,10,283,task_0284,2_024,28.608869595553404,False
205,task_0206,2_005,1,206,task_0207,2_005,127.28146933736376,True
205,task_0206,2_005,2,207,task_0208,2_005,103.69272143522358,True
205,task_0206,2_005,3,204,task_0205,2_005,62.28964017803369,True
205,task_0206,2_005,4,277,task_0278,2_023,48.70118205844631,False
205,task_0206,2_005,5,296,task_0297,2_028,45.54585324066868,False
205,task_0206,2_005,6,279,task_0280,2_023,43.872649629337765,False
205,task_0206,2_005,7,335,task_0336,2_037,42.33884843587035,False
205,task_0206,2_005,8,299,task_0300,2_028,42.066573225584236,False
205,task_0206,2_005,9,286,task_0287,2_025,41.8718240733391,False
205,task_0206,2_005,10,262,task_0263,2_019,40.53514427177741,False
206,task_0207,2_005,1,205,task_0206,2_005,134.75030328730253,True
206,task_0207,2_005,2,207,task_0208,2_005,96.3314086117778,True
206,task_0207,2_005,3,204,task_0205,2_005,94.80307817195053,True
206,task_0207,2_005,4,299,task_0300,2_028,51.09376359851106,False
206,task_0207,2_005,5,277,task_0278,2_023,48.943793374684525,False
206,task_0207,2_005,6,296,task_0297,2_028,46.8609047227521,False
206,task_0207,2_005,7,239,task_0240,2_013,46.22146096072241,False
206,task_0207,2_005,8,279,task_0280,2_023,45.97741902755842,False
206,task_0207,2_005,9,269,task_0270,2_021,44.76979283217507,False
206,task_0207,2_005,10,270,task_0271,2_021,43.69294856416085,False
207,task_0208,2_005,1,205,task_0206,2_005,102.98255857226798,True
207,task_0208,2_005,2,206,task_0207,2_005,88.81106930051509,True
207,task_0208,2_005,3,204,task_0205,2_005,51.03626194399024,True
207,task_0208,2_005,4,237,task_0238,2_013,50.77848067765404,False
207,task_0208,2_005,5,192,task_0193,2_002,48.08511927671401,False
207,task_0208,2_005,6,239,task_0240,2_013,48.001299285029155,False
207,task_0208,2_005,7,279,task_0280,2_023,47.146857871244556,False
207,task_0208,2_005,8,277,task_0278,2_023,45.48780754154879,False
207,task_0208,2_005,9,296,task_0297,2_028,41.31720047227952,False
207,task_0208,2_005,10,335,task_0336,2_037,38.79635401795308,False
208,task_0209,2_006,1,239,task_0240,2_013,67.45285403802097,False
208,task_0209,2_006,2,237,task_0238,2_013,64.39732373403008,False
208,task_0209,2_006,3,299,task_0300,2_028,54.12208732001602,False
208,task_0209,2_006,4,210,task_0211,2_006,53.19869878286211,True
208,task_0209,2_006,5,189,task_0190,2_001,51.05481230617506,False
208,task_0209,2_006,6,191,task_0192,2_001,49.930993678374456,False
208,task_0209,2_006,7,209,task_0210,2_006,49.614361947052736,True
208,task_0209,2_006,8,286,task_0287,2_025,47.566389882916695,False
208,task_0209,2_006,9,328,task_0329,2_036,46.07283661833532,False
208,task_0209,2_006,10,201,task_0202,2_004,45.86847671378168,False
209,task_0210,2_006,1,208,task_0209,2_006,35.91455346560288,True
209,task_0210,2_006,2,191,task_0192,2_001,26.317840950862887,False
209,task_0210,2_006,3,246,task_0247,2_015,24.737372812273996,False
209,task_0210,2_006,4,304,task_0305,2_030,24.19305470071067,False
209,task_0210,2_006,5,306,task_0307,2_030,23.26122857458853,False
209,task_0210,2_006,6,316,task_0317,2_033,22.877444826902952,False
209,task_0210,2_006,7,318,task_0319,2_033,22.491052850724124,False
209,task_0210,2_006,8,307,task_0308,2_030,22.06226400875952,False
209,task_0210,2_006,9,305,task_0306,2_030,21.712068837854765,False
209,task_0210,2_006,10,244,task_0245,2_015,20.795762108355607,False
210,task_0211,2_006,1,239,task_0240,2_013,57.40134262386386,False
210,task_0211,2_006,2,208,task_0209,2_006,51.044039663990155,True
210,task_0211,2_006,3,237,task_0238,2_013,48.41874413946999,False
210,task_0211,2_006,4,189,task_0190,2_001,47.286010340197635,False
210,task_0211,2_006,5,200,task_0201,2_004,39.37738194502214,False
210,task_0211,2_006,6,206,task_0207,2_005,39.016259251937164,False
210,task_0211,2_006,7,191,task_0192,2_001,38.640245477138556,False
210,task_0211,2_006,8,286,task_0287,2_025,37.651049480768975,False
210,task_0211,2_006,9,188,task_0189,2_001,37.229552837333046,False
210,task_0211,2_006,10,190,task_0191,2_001,37.00794977682892,False
211,task_0212,2_006,1,329,task_0330,2_036,74.50126274790377,False
211,task_0212,2_006,2,331,task_0332,2_036,68.88446583193529,False
211,task_0212,2_006,3,330,task_0331,2_036,53.53259863978214,False
211,task_0212,2_006,4,328,task_0329,2_036,52.74565447473904,False
211,task_0212,2_006,5,285,task_0286,2_025,34.0590721954043,False
211,task_0212,2_006,6,194,task_0195,2_002,34.047511265188625,False
211,task_0212,2_006,7,287,task_0288,2_025,33.753714210209615,False
211,task_0212,2_006,8,208,task_0209,2_006,32.435831109699805,True
211,task_0212,2_006,9,307,task_0308,2_030,31.348067218608527,False
211,task_0212,2_006,10,263,task_0264,2_019,30.67906617262082,False
212,task_0213,2_007,1,214,task_0215,2_007,163.0067858479618,True
212,task_0213,2_007,2,215,task_0216,2_007,120.15967931087046,True
212,task_0213,2_007,3,213,task_0214,2_007,119.37812906186656,True
212,task_0213,2_007,4,286,task_0287,2_025,78.68108889003098,False
212,task_0213,2_007,5,321,task_0322,2_034,73.81223103534015,False
212,task_0213,2_007,6,323,task_0324,2_034,69.85683308801332,False
212,task_0213,2_007,7,284,task_0285,2_025,67.8767471318892,False
212,task_0213,2_007,8,266,task_0267,2_020,67.60775342751288,False
212,task_0213,2_007,9,320,task_0321,2_034,57.52335495694789,False
212,task_0213,2_007,10,191,task_0192,2_001,51.06833590595008,False
213,task_0214,2_007,1,215,task_0216,2_007,131.32419413118936,True
213,task_0214,2_007,2,214,task_0215,2_007,112.27427456781331,True
213,task_0214,2_007,3,212,task_0213,2_007,111.76062292583774,True
213,task_0214,2_007,4,266,task_0267,2_020,86.9637758953218,False
213,task_0214,2_007,5,284,task_0285,2_025,60.65859304421714,False
213,task_0214,2_007,6,286,task_0287,2_025,56.50724179746786,False
213,task_0214,2_007,7,265,task_0266,2_020,48.010571718251086,False
213,task_0214,2_007,8,190,task_0191,2_001,47.728889178254505,False
213,task_0214,2_007,9,191,task_0192,2_001,46.834398316571274,False
213,task_0214,2_007,10,264,task_0265,2_020,46.35110204246532,False
214,task_0215,2_007,1,212,task_0213,2_007,148.12439564978823,True
214,task_0215,2_007,2,215,task_0216,2_007,128.4152258681343,True
214,task_0215,2_007,3,213,task_0214,2_007,111.41605839197248,True
214,task_0215,2_007,4,286,task_0287,2_025,73.9812375330272,False
214,task_0215,2_007,5,323,task_0324,2_034,65.3152444642914,False
214,task_0215,2_007,6,266,task_0267,2_020,63.59064158735477,False
214,task_0215,2_007,7,321,task_0322,2_034,62.35821467876299,False
214,task_0215,2_007,8,284,task_0285,2_025,59.781875149435635,False
214,task_0215,2_007,9,265,task_0266,2_020,52.41031818984329,False
214,task_0215,2_007,10,320,task_0321,2_034,47.68889057146006,False
215,task_0216,2_007,1,214,task_0215,2_007,122.61243113969115,True
215,task_0216,2_007,2,213,task_0214,2_007,120.11288141678264,True
215,task_0216,2_007,3,212,task_0213,2_007,104.59276220207353,True
215,task_0216,2_007,4,266,task_0267,2_020,76.77729068902006,False
215,task_0216,2_007,5,286,task_0287,2_025,51.17416605157865,False
215,task_0216,2_007,6,265,task_0266,2_020,46.069282490981095,False
215,task_0216,2_007,7,58,task_0059,1_015,44.73065506011386,False
215,task_0216,2_007,8,56,task_0057,1_015,44.71205047376429,False
215,task_0216,2_007,9,264,task_0265,2_020,42.59553129870578,False
215,task_0216,2_007,10,284,task_0285,2_025,42.09604256639827,False
216,task_0217,2_008,1,218,task_0219,2_008,57.22553899222385,True
216,task_0217,2_008,2,219,task_0220,2_008,50.79633131159174,True
216,task_0217,2_008,3,217,task_0218,2_008,49.29337128447621,True
216,task_0217,2_008,4,238,task_0239,2_013,26.924309116086388,False
216,task_0217,2_008,5,377,task_0378,3_008,26.49423005345983,False
216,task_0217,2_008,6,236,task_0237,2_013,24.46970682374566,False
216,task_0217,2_008,7,222,task_0223,2_009,21.742815678968324,False
216,task_0217,2_008,8,375,task_0376,3_008,20.51600250123736,False
216,task_0217,2_008,9,308,task_0309,2_031,19.710680832530265,False
216,task_0217,2_008,10,258,task_0259,2_018,18.98963032719711,False
217,task_0218,2_008,1,219,task_0220,2_008,105.03630655723865,True
217,task_0218,2_008,2,218,task_0219,2_008,54.617822798869376,True
217,task_0218,2_008,3,216,task_0217,2_008,51.718198566477135,True
217,task_0218,2_008,4,29,task_0030,1_008,20.960254728774544,False
217,task_0218,2_008,5,593,task_0594,4_008,19.125497712322066,False
217,task_0218,2_008,6,285,task_0286,2_025,18.372590490009774,False
217,task_0218,2_008,7,238,task_0239,2_013,16.9454409244218,False
217,task_0218,2_008,8,377,task_0378,3_008,16.833821271088066,False
217,task_0218,2_008,9,601,task_0602,4_010,16.081223535001484,False
217,task_0218,2_008,10,323,task_0324,2_034,15.599252055822529,False
218,task_0219,2_008,1,216,task_0217,2_008,63.11917530730675,True
218,task_0219,2_008,2,217,task_0218,2_008,57.7560929662962,True
218,task_0219,2_008,3,219,task_0220,2_008,49.24141022312612,True
218,task_0219,2_008,4,236,task_0237,2_013,31.011479904705347,False
218,task_0219,2_008,5,238,task_0239,2_013,29.86822912155257,False
218,task_0219,2_008,6,320,task_0321,2_034,28.314451960997065,False
218,task_0219,2_008,7,284,task_0285,2_025,23.035824116551968,False
218,task_0219,2_008,8,191,task_0192,2_001,22.61742195720709,False
218,task_0219,2_008,9,286,task_0287,2_025,22.59036892410281,False
218,task_0219,2_008,10,30,task_0031,1_008,21.066517020577212,False
219,task_0220,2_008,1,217,task_0218,2_008,95.67974718401481,True
219,task_0220,2_008,2,216,task_0217,2_008,45.26125216416383,True
219,task_0220,2_008,3,218,task_0219,2_008,39.26925055401938,True
219,task_0220,2_008,4,209,task_0210,2_006,19.45492897391862,False
219,task_0220,2_008,5,208,task_0209,2_006,17.692069328458736,False
219,task_0220,2_008,6,31,task_0032,1_008,17.628518883109596,False
219,task_0220,2_008,7,378,task_0379,3_008,15.646002736017287,False
219,task_0220,2_008,8,595,task_0596,4_008,14.950669753077019,False
219,task_0220,2_008,9,188,task_0189,2_001,14.06083751146673,False
219,task_0220,2_008,10,237,task_0238,2_013,12.222403970492357,False
220,task_0221,2_009,1,222,task_0223,2_009,98.73723884176341,True
220,task_0221,2_009,2,221,task_0222,2_009,94.70854047355805,True
220,task_0221,2_009,3,337,task_0338,2_038,93.12618501397262,False
220,task_0221,2_009,4,341,task_0342,2_039,84.44713274416682,False
220,task_0221,2_009,5,339,task_0340,2_038,80.98635550025743,False
220,task_0221,2_009,6,335,task_0336,2_037,80.87739990478876,False
220,task_0221,2_009,7,223,task_0224,2_009,70.6528170190441,True
220,task_0221,2_009,8,324,task_0325,2_035,60.196297200691625,False
220,task_0221,2_009,9,225,task_0226,2_010,55.90486480720685,False
220,task_0221,2_009,10,326,task_0327,2_035,51.67961581579386,False
221,task_0222,2_009,1,220,task_0221,2_009,106.312016136956,True
221,task_0222,2_009,2,223,task_0224,2_009,104.6287692701677,True
221,task_0222,2_009,3,222,task_0223,2_009,97.55045423027613,True
221,task_0222,2_009,4,337,task_0338,2_038,90.45879911229534,False
221,task_0222,2_009,5,335,task_0336,2_037,88.88962812846421,False
221,task_0222,2_009,6,339,task_0340,2_038,86.74289222025195,False
221,task_0222,2_009,7,341,task_0342,2_039,83.03053000285009,False
221,task_0222,2_009,8,293,task_0294,2_027,64.43376787538148,False
221,task_0222,2_009,9,326,task_0327,2_035,63.59255615732341,False
221,task_0222,2_009,10,294,task_0295,2_027,57.59238371876017,False
222,task_0223,2_009,1,220,task_0221,2_009,99.68772162854572,True
222,task_0223,2_009,2,221,task_0222,2_009,90.70679624968753,True
222,task_0223,2_009,3,337,task_0338,2_038,89.78340383325298,False
222,task_0223,2_009,4,335,task_0336,2_037,85.02360892982597,False
222,task_0223,2_009,5,339,task_0340,2_038,84.86695193847183,False
222,task_0223,2_009,6,223,task_0224,2_009,84.56739713713078,True
222,task_0223,2_009,7,341,task_0342,2_039,79.2967662393265,False
222,task_0223,2_009,8,324,task_0325,2_035,52.76509143403842,False
222,task_0223,2_009,9,294,task_0295,2_027,51.71833075456137,False
222,task_0223,2_009,10,275,task_0276,2_022,50.55392973291074,False
223,task_0224,2_009,1,221,task_0222,2_009,82.38868527443101,True
223,task_0224,2_009,2,222,task_0223,2_009,70.99266957657018,True
223,task_0224,2_009,3,337,task_0338,2_038,66.4805080184693,False
223,task_0224,2_009,4,335,task_0336,2_037,63.93255896937757,False
223,task_0224,2_009,5,339,task_0340,2_038,63.7277824503702,False
223,task_0224,2_009,6,220,task_0221,2_009,62.80240672773113,True
223,task_0224,2_009,7,341,task_0342,2_039,61.43366141767386,False
223,task_0224,2_009,8,326,task_0327,2_035,32.698060835423014,False
223,task_0224,2_009,9,248,task_0249,2_016,31.867079227212926,False
223,task_0224,2_009,10,324,task_0325,2_035,31.02353108809215,False
224,task_0225,2_010,1,226,task_0227,2_010,115.63594843416426,True
224,task_0225,2_010,2,196,task_0197,2_003,42.02472566482217,False
224,task_0225,2_010,3,339,task_0340,2_038,41.38129034605158,False
224,task_0225,2_010,4,220,task_0221,2_009,38.76506252914244,False
224,task_0225,2_010,5,335,task_0336,2_037,37.851104667691565,False
224,task_0225,2_010,6,272,task_0273,2_022,37.36843022028394,False
224,task_0225,2_010,7,199,task_0200,2_003,37.328401696019064,False
224,task_0225,2_010,8,198,task_0199,2_003,36.771975903774155,False
224,task_0225,2_010,9,275,task_0276,2_022,36.46155439112028,False
224,task_0225,2_010,10,294,task_0295,2_027,34.606785159531285,False
225,task_0226,2_010,1,227,task_0228,2_010,114.68939991647467,True
225,task_0226,2_010,2,220,task_0221,2_009,48.21002137243148,False
225,task_0226,2_010,3,337,task_0338,2_038,36.86009717273812,False
225,task_0226,2_010,4,301,task_0302,2_029,36.68724721398973,False
225,task_0226,2_010,5,324,task_0325,2_035,36.02070301805471,False
225,task_0226,2_010,6,294,task_0295,2_027,32.44584329021785,False
225,task_0226,2_010,7,279,task_0280,2_023,30.94234058479953,False
225,task_0226,2_010,8,293,task_0294,2_027,30.69753582470507,False
225,task_0226,2_010,9,277,task_0278,2_023,30.65443674151609,False
225,task_0226,2_010,10,315,task_0316,2_032,30.48977291145272,False
226,task_0227,2_010,1,224,task_0225,2_010,114.2711655548618,True
226,task_0227,2_010,2,339,task_0340,2_038,45.333450220454786,False
226,task_0227,2_010,3,335,task_0336,2_037,43.748880430644014,False
226,task_0227,2_010,4,196,task_0197,2_003,42.25758186602594,False
226,task_0227,2_010,5,275,task_0276,2_022,40.68863074924871,False
226,task_0227,2_010,6,281,task_0282,2_024,40.616607533732775,False
226,task_0227,2_010,7,197,task_0198,2_003,39.80598375737197,False
226,task_0227,2_010,8,198,task_0199,2_003,39.5423606745562,False
226,task_0227,2_010,9,324,task_0325,2_035,37.66034750613932,False
226,task_0227,2_010,10,199,task_0200,2_003,37.375546330021734,False
227,task_0228,2_010,1,225,task_0226,2_010,118.80686248517719,True
227,task_0228,2_010,2,324,task_0325,2_035,48.10832075312905,False
227,task_0228,2_010,3,220,task_0221,2_009,46.35982581728365,False
227,task_0228,2_010,4,337,task_0338,2_038,42.99551775176045,False
227,task_0228,2_010,5,341,task_0342,2_039,40.32614546128613,False
227,task_0228,2_010,6,196,task_0197,2_003,40.183368509361785,False
227,task_0228,2_010,7,197,task_0198,2_003,39.051965574219686,False
227,task_0228,2_010,8,247,task_0248,2_015,37.783968830789135,False
227,task_0228,2_010,9,335,task_0336,2_037,36.81823797451671,False
227,task_0228,2_010,10,221,task_0222,2_009,33.912358251372076,False
228,task_0229,2_011,1,290,task_0291,2_026,51.30872021368477,False
228,task_0229,2_011,2,288,task_0289,2_026,50.67538026618318,False
228,task_0229,2_011,3,289,task_0290,2_026,34.90893312799899,False
228,task_0229,2_011,4,229,task_0230,2_011,24.904952433599718,True
228,task_0229,2_011,5,291,task_0292,2_026,20.084399678320395,False
228,task_0229,2_011,6,230,task_0231,2_011,19.67814255971694,True
228,task_0229,2_011,7,334,task_0335,2_037,19.019426786877386,False
228,task_0229,2_011,8,332,task_0333,2_037,15.915643695488106,False
228,task_0229,2_011,9,622,task_0623,4_015,15.639333511244509,False
228,task_0229,2_011,10,34,task_0035,1_009,14.827421373105746,False
229,task_0230,2_011,1,231,task_0232,2_011,76.3029742007309,True
229,task_0230,2_011,2,230,task_0231,2_011,56.23142488060234,True
229,task_0230,2_011,3,334,task_0335,2_037,52.91852026956088,False
229,task_0230,2_011,4,332,task_0333,2_037,43.62781434964242,False
229,task_0230,2_011,5,288,task_0289,2_026,33.090218236438574,False
229,task_0230,2_011,6,228,task_0229,2_011,31.89398223530546,True
229,task_0230,2_011,7,333,task_0334,2_037,26.523048913956387,False
229,task_0230,2_011,8,291,task_0292,2_026,26.321858021476604,False
229,task_0230,2_011,9,655,task_0656,4_023,25.745445856266908,False
229,task_0230,2_011,10,41,task_0042,1_011,25.31067101040025,False
230,task_0231,2_011,1,229,task_0230,2_011,55.26599210178433,True
230,task_0231,2_011,2,231,task_0232,2_011,54.244512922155074,True
230,task_0231,2_011,3,291,task_0292,2_026,51.07456846543088,False
230,task_0231,2_011,4,288,task_0289,2_026,37.608115960630755,False
230,task_0231,2_011,5,69,task_0070,1_018,37.46565632408169,False
230,task_0231,2_011,6,333,task_0334,2_037,30.436680831730282,False
230,task_0231,2_011,7,334,task_0335,2_037,29.31682159799162,False
230,task_0231,2_011,8,73,task_0074,1_019,25.84713223573846,False
230,task_0231,2_011,9,228,task_0229,2_011,25.80604202889198,True
230,task_0231,2_011,10,389,task_0390,3_011,24.91564099313091,False
231,task_0232,2_011,1,229,task_0230,2_011,75.443368344093,True
231,task_0232,2_011,2,291,task_0292,2_026,58.56625770393823,False
231,task_0232,2_011,3,230,task_0231,2_011,51.161397960422825,True
231,task_0232,2_011,4,333,task_0334,2_037,45.26334662513878,False
231,task_0232,2_011,5,334,task_0335,2_037,40.33514212984582,False
231,task_0232,2_011,6,288,task_0289,2_026,34.226348302686134,False
231,task_0232,2_011,7,73,task_0074,1_019,32.877812430462534,False
231,task_0232,2_011,8,332,task_0333,2_037,32.73784511487192,False
231,task_0232,2_011,9,75,task_0076,1_019,26.729300621605155,False
231,task_0232,2_011,10,69,task_0070,1_018,24.395637735516146,False
232,task_0233,2_012,1,234,task_0235,2_012,75.5048690125753,True
232,task_0233,2_012,2,233,task_0234,2_012,41.864985414132356,True
232,task_0233,2_012,3,262,task_0263,2_019,23.329888149936796,False
232,task_0233,2_012,4,195,task_0196,2_002,23.171306237505892,False
232,task_0233,2_012,5,208,task_0209,2_006,22.823172228299065,False
232,task_0233,2_012,6,285,task_0286,2_025,22.65157453092852,False
232,task_0233,2_012,7,203,task_0204,2_004,22.383580455371508,False
232,task_0233,2_012,8,246,task_0247,2_015,22.302812388022307,False
232,task_0233,2_012,9,608,task_0609,4_012,22.019282640950685,False
232,task_0233,2_012,10,204,task_0205,2_005,21.77215374579511,False
233,task_0234,2_012,1,234,task_0235,2_012,49.817927908734646,True
233,task_0234,2_012,2,232,task_0233,2_012,43.618608997128675,True
233,task_0234,2_012,3,208,task_0209,2_006,29.257897009367557,False
233,task_0234,2_012,4,200,task_0201,2_004,28.87255109808655,False
233,task_0234,2_012,5,195,task_0196,2_002,28.42902721320315,False
233,task_0234,2_012,6,188,task_0189,2_001,27.38169937269228,False
233,task_0234,2_012,7,320,task_0321,2_034,26.86989187815555,False
233,task_0234,2_012,8,269,task_0270,2_021,25.670916117954068,False
233,task_0234,2_012,9,236,task_0237,2_013,25.045713348264528,False
233,task_0234,2_012,10,191,task_0192,2_001,24.92934721434664,False
234,task_0235,2_012,1,232,task_0233,2_012,77.55869486392223,True
234,task_0235,2_012,2,233,task_0234,2_012,46.63356646481878,True
234,task_0235,2_012,3,195,task_0196,2_002,23.644772941274173,False
234,task_0235,2_012,4,190,task_0191,2_001,23.601985695133436,False
234,task_0235,2_012,5,610,task_0611,4_012,21.6771261777478,False
234,task_0235,2_012,6,191,task_0192,2_001,21.493629812407125,False
234,task_0235,2_012,7,46,task_0047,1_012,21.296124670260184,False
234,task_0235,2_012,8,284,task_0285,2_025,21.23385680482942,False
234,task_0235,2_012,9,286,task_0287,2_025,20.88020744438905,False
234,task_0235,2_012,10,194,task_0195,2_002,20.721138628571182,False
235,task_0236,2_012,1,232,task_0233,2_012,17.021773647638657,True
235,task_0236,2_012,2,205,task_0206,2_005,16.426809151879276,False
235,task_0236,2_012,3,47,task_0048,1_012,14.814492505780377,False
235,task_0236,2_012,4,204,task_0205,2_005,13.84370696077538,False
235,task_0236,2_012,5,233,task_0234,2_012,12.876769148387208,True
235,task_0236,2_012,6,195,task_0196,2_002,11.139816724720255,False
235,task_0236,2_012,7,611,task_0612,4_012,10.819710806438795,False
235,task_0236,2_012,8,234,task_0235,2_012,10.314148762777625,True
235,task_0236,2_012,9,394,task_0395,3_012,9.66827355267354,False
235,task_0236,2_012,10,79,task_0080,1_020,9.321814629853328,False
236,task_0237,2_013,1,238,task_0239,2_013,165.04332013192717,True
236,task_0237,2_013,2,268,task_0269,2_021,40.57891998632594,False
236,task_0237,2_013,3,206,task_0207,2_005,40.24592505417304,False
236,task_0237,2_013,4,299,task_0300,2_028,39.62609833442884,False
236,task_0237,2_013,5,239,task_0240,2_013,38.002574045682856,True
236,task_0237,2_013,6,207,task_0208,2_005,37.9750854183195,False
236,task_0237,2_013,7,205,task_0206,2_005,36.6636227813563,False
236,task_0237,2_013,8,188,task_0189,2_001,36.05289974846987,False
236,task_0237,2_013,9,237,task_0238,2_013,35.91416717503783,True
236,task_0237,2_013,10,246,task_0247,2_015,35.16914253623126,False
237,task_0238,2_013,1,239,task_0240,2_013,140.79321709351885,True
237,task_0238,2_013,2,191,task_0192,2_001,64.92478024496792,False
237,task_0238,2_013,3,208,task_0209,2_006,60.626746065649726,False
237,task_0238,2_013,4,262,task_0263,2_019,55.51180821646829,False
237,task_0238,2_013,5,189,task_0190,2_001,51.180703121469634,False
237,task_0238,2_013,6,299,task_0300,2_028,48.97424796572773,False
237,task_0238,2_013,7,207,task_0208,2_005,47.51949906452781,False
237,task_0238,2_013,8,200,task_0201,2_004,47.18646097273232,False
237,task_0238,2_013,9,286,task_0287,2_025,47.12313626270213,False
237,task_0238,2_013,10,190,task_0191,2_001,46.68693817924053,False
238,task_0239,2_013,1,236,task_0237,2_013,166.67911678089422,True
238,task_0239,2_013,2,239,task_0240,2_013,36.776438670598594,True
238,task_0239,2_013,3,237,task_0238,2_013,35.19162767811664,True
238,task_0239,2_013,4,313,task_0314,2_032,35.15654843471927,False
238,task_0239,2_013,5,216,task_0217,2_008,35.12987774915841,False
238,task_0239,2_013,6,218,task_0219,2_008,34.673507856465854,False
238,task_0239,2_013,7,299,task_0300,2_028,34.38033378084171,False
238,task_0239,2_013,8,190,task_0191,2_001,33.94296195407532,False
238,task_0239,2_013,9,277,task_0278,2_023,33.905584603807974,False
238,task_0239,2_013,10,279,task_0280,2_023,33.1362858566373,False
239,task_0240,2_013,1,237,task_0238,2_013,140.77557186337557,True
239,task_0240,2_013,2,208,task_0209,2_006,63.78432321499547,False
239,task_0240,2_013,3,191,task_0192,2_001,61.7960202016113,False
239,task_0240,2_013,4,210,task_0211,2_006,53.835075042634124,False
239,task_0240,2_013,5,286,task_0287,2_025,52.59951922789438,False
239,task_0240,2_013,6,262,task_0263,2_019,52.34315088703292,False
239,task_0240,2_013,7,189,task_0190,2_001,50.40864803669922,False
239,task_0240,2_013,8,299,task_0300,2_028,48.93487837984753,False
239,task_0240,2_013,9,207,task_0208,2_005,44.282502437922744,False
239,task_0240,2_013,10,190,task_0191,2_001,44.060133102450635,False
240,task_0241,2_014,1,242,task_0243,2_014,87.92067203300086,True
240,task_0241,2_014,2,241,task_0242,2_014,66.82788210913104,True
240,task_0241,2_014,3,243,task_0244,2_014,43.45810044233253,True
240,task_0241,2_014,4,251,task_0252,2_016,31.72051294581832,False
240,task_0241,2_014,5,198,task_0199,2_003,30.26918289303555,False
240,task_0241,2_014,6,199,task_0200,2_003,29.01022775456907,False
240,task_0241,2_014,7,248,task_0249,2_016,28.862035935298685,False
240,task_0241,2_014,8,250,task_0251,2_016,28.387186589001075,False
240,task_0241,2_014,9,223,task_0224,2_009,26.335645912511467,False
240,task_0241,2_014,10,196,task_0197,2_003,25.927429085895977,False
241,task_0242,2_014,1,242,task_0243,2_014,83.03001298565795,True
241,task_0242,2_014,2,240,task_0241,2_014,72.71522114647996,True
241,task_0242,2_014,3,251,task_0252,2_016,65.45965684926081,False
241,task_0242,2_014,4,248,task_0249,2_016,63.33909247664606,False
241,task_0242,2_014,5,243,task_0244,2_014,59.33716204630995,True
241,task_0242,2_014,6,250,task_0251,2_016,57.65380708052794,False
241,task_0242,2_014,7,199,task_0200,2_003,35.53847831097716,False
241,task_0242,2_014,8,197,task_0198,2_003,32.917591944641366,False
241,task_0242,2_014,9,249,task_0250,2_016,32.58636604106882,False
241,task_0242,2_014,10,198,task_0199,2_003,29.882852105239607,False
242,task_0243,2_014,1,240,task_0241,2_014,92.61819391543864,True
242,task_0243,2_014,2,241,task_0242,2_014,79.28035777785169,True
242,task_0243,2_014,3,243,task_0244,2_014,48.15189320417384,True
242,task_0243,2_014,4,251,task_0252,2_016,35.15014387253145,False
242,task_0243,2_014,5,248,task_0249,2_016,32.35091369633284,False
242,task_0243,2_014,6,198,task_0199,2_003,32.01355793462702,False
242,task_0243,2_014,7,250,task_0251,2_016,31.797513213078194,False
242,task_0243,2_014,8,238,task_0239,2_013,27.83325180600515,False
242,task_0243,2_014,9,196,task_0197,2_003,27.66450012821205,False
242,task_0243,2_014,10,199,task_0200,2_003,26.779148497245686,False
243,task_0244,2_014,1,241,task_0242,2_014,54.38583122417498,True
243,task_0244,2_014,2,251,task_0252,2_016,48.07060696969241,False
243,task_0244,2_014,3,242,task_0243,2_014,48.022618270205314,True
243,task_0244,2_014,4,240,task_0241,2_014,46.32218546002506,True
243,task_0244,2_014,5,248,task_0249,2_016,42.27510470176765,False
243,task_0244,2_014,6,250,task_0251,2_016,41.4926977840636,False
243,task_0244,2_014,7,249,task_0250,2_016,39.88367073329097,False
243,task_0244,2_014,8,199,task_0200,2_003,33.18210674686453,False
243,task_0244,2_014,9,197,task_0198,2_003,30.571241414770075,False
243,task_0244,2_014,10,341,task_0342,2_039,26.44889674509221,False
244,task_0245,2_015,1,246,task_0247,2_015,151.6066647283088,True
244,task_0245,2_015,2,247,task_0248,2_015,52.97484340770702,True
244,task_0245,2_015,3,307,task_0308,2_030,48.03064194422694,False
244,task_0245,2_015,4,305,task_0306,2_030,46.707219011520536,False
244,task_0245,2_015,5,222,task_0223,2_009,44.29282793443313,False
244,task_0245,2_015,6,306,task_0307,2_030,41.09518340108578,False
244,task_0245,2_015,7,304,task_0305,2_030,41.016610506115676,False
244,task_0245,2_015,8,326,task_0327,2_035,40.49840062175779,False
244,task_0245,2_015,9,245,task_0246,2_015,39.855658506898564,True
244,task_0245,2_015,10,324,task_0325,2_035,39.47755404906236,False
245,task_0246,2_015,1,247,task_0248,2_015,59.989737000219094,True
245,task_0246,2_015,2,244,task_0245,2_015,36.44750684645783,True
245,task_0246,2_015,3,246,task_0247,2_015,33.54819714482095,True
245,task_0246,2_015,4,192,task_0193,2_002,25.636228139217508,False
245,task_0246,2_015,5,296,task_0297,2_028,24.308007651022237,False
245,task_0246,2_015,6,207,task_0208,2_005,23.920312781425434,False
245,task_0246,2_015,7,298,task_0299,2_028,23.084583589438246,False
245,task_0246,2_015,8,32,task_0033,1_009,22.690430407112203,False
245,task_0246,2_015,9,61,task_0062,1_016,22.51797361546814,False
245,task_0246,2_015,10,203,task_0204,2_004,21.903201390661224,False
246,task_0247,2_015,1,244,task_0245,2_015,150.46411148310642,True
246,task_0247,2_015,2,247,task_0248,2_015,54.31800817428102,True
246,task_0247,2_015,3,305,task_0306,2_030,42.9129467662155,False
246,task_0247,2_015,4,307,task_0308,2_030,42.70982742858596,False
246,task_0247,2_015,5,306,task_0307,2_030,40.685511740563676,False
246,task_0247,2_015,6,245,task_0246,2_015,37.51083524664688,True
246,task_0247,2_015,7,270,task_0271,2_021,36.81016015167965,False
246,task_0247,2_015,8,263,task_0264,2_019,35.59269597967682,False
246,task_0247,2_015,9,206,task_0207,2_005,33.97878858009298,False
246,task_0247,2_015,10,304,task_0305,2_030,33.71251233150597,False
247,task_0248,2_015,1,245,task_0246,2_015,69.84763565292312,True
247,task_0248,2_015,2,246,task_0247,2_015,55.65496207618101,True
247,task_0248,2_015,3,244,task_0245,2_015,52.810970803750685,True
247,task_0248,2_015,4,227,task_0228,2_010,39.47444131139462,False
247,task_0248,2_015,5,331,task_0332,2_036,34.44168546358736,False
247,task_0248,2_015,6,211,task_0212,2_006,32.26069174053531,False
247,task_0248,2_015,7,329,task_0330,2_036,32.24922997497676,False
247,task_0248,2_015,8,324,task_0325,2_035,31.636533338328917,False
247,task_0248,2_015,9,307,task_0308,2_030,30.26723300261508,False
247,task_0248,2_015,10,154,task_0155,1_039,30.207266798185717,False
248,task_0249,2_016,1,250,task_0251,2_016,141.57362808116403,True
248,task_0249,2_016,2,251,task_0252,2_016,120.59247086732475,True
248,task_0249,2_016,3,249,task_0250,2_016,82.81099964276197,True
248,task_0249,2_016,4,241,task_0242,2_014,71.25116538039472,False
248,task_0249,2_016,5,243,task_0244,2_014,51.75113589197004,False
248,task_0249,2_016,6,281,task_0282,2_024,42.710541095049834,False
248,task_0249,2_016,7,242,task_0243,2_014,40.090720081652115,False
248,task_0249,2_016,8,240,task_0241,2_014,37.37660762124889,False
248,task_0249,2_016,9,282,task_0283,2_024,37.076465270547686,False
248,task_0249,2_016,10,223,task_0224,2_009,35.911489663365074,False
249,task_0250,2_016,1,251,task_0252,2_016,83.4882743409683,True
249,task_0250,2_016,2,248,task_0249,2_016,70.0000092629144,True
249,task_0250,2_016,3,250,task_0251,2_016,65.29950276120877,True
249,task_0250,2_016,4,243,task_0244,2_014,40.24248339005112,False
249,task_0250,2_016,5,220,task_0221,2_009,32.21280239174766,False
249,task_0250,2_016,6,335,task_0336,2_037,31.326420146372143,False
249,task_0250,2_016,7,197,task_0198,2_003,31.26389497463439,False
249,task_0250,2_016,8,196,task_0197,2_003,31.08745978503596,False
249,task_0250,2_016,9,227,task_0228,2_010,30.6793705544409,False
249,task_0250,2_016,10,241,task_0242,2_014,30.476268414744247,False
250,task_0251,2_016,1,248,task_0249,2_016,143.93940153448003,True
250,task_0251,2_016,2,251,task_0252,2_016,128.13111733860345,True
250,task_0251,2_016,3,249,task_0250,2_016,78.60058579431768,True
250,task_0251,2_016,4,241,task_0242,2_014,66.52430496466262,False
250,task_0251,2_016,5,243,task_0244,2_014,51.75113589197003,False
250,task_0251,2_016,6,282,task_0283,2_024,41.0872813805989,False
250,task_0251,2_016,7,242,task_0243,2_014,40.090720081652115,False
250,task_0251,2_016,8,280,task_0281,2_024,38.12489812253627,False
250,task_0251,2_016,9,240,task_0241,2_014,37.376607621248894,False
250,task_0251,2_016,10,197,task_0198,2_003,36.18417681226388,False
251,task_0252,2_016,1,250,task_0251,2_016,126.94462935444746,True
251,task_0252,2_016,2,248,task_0249,2_016,121.95652534720885,True
251,task_0252,2_016,3,249,task_0250,2_016,98.76453988641524,True
251,task_0252,2_016,4,241,task_0242,2_014,72.16221417948555,False
251,task_0252,2_016,5,243,task_0244,2_014,56.49379147103704,False
251,task_0252,2_016,6,339,task_0340,2_038,44.855037799264835,False
251,task_0252,2_016,7,335,task_0336,2_037,43.44266874479019,False
251,task_0252,2_016,8,199,task_0200,2_003,41.48446664548531,False
251,task_0252,2_016,9,197,task_0198,2_003,41.36617688029139,False
251,task_0252,2_016,10,242,task_0243,2_014,41.21743533072071,False
252,task_0253,2_017,1,254,task_0255,2_017,68.67930954966762,True
252,task_0253,2_017,2,255,task_0256,2_017,51.13701164894203,True
252,task_0253,2_017,3,253,task_0254,2_017,49.85119963371561,True
252,task_0253,2_017,4,329,task_0330,2_036,33.48631524591077,False
252,task_0253,2_017,5,296,task_0297,2_028,32.34763690863998,False
252,task_0253,2_017,6,262,task_0263,2_019,31.133512466359598,False
252,task_0253,2_017,7,237,task_0238,2_013,30.982750929117138,False
252,task_0253,2_017,8,297,task_0298,2_028,29.91729184364164,False
252,task_0253,2_017,9,330,task_0331,2_036,29.911271577764637,False
252,task_0253,2_017,10,328,task_0329,2_036,29.616714514155543,False
253,task_0254,2_017,1,255,task_0256,2_017,85.75966215094626,True
253,task_0254,2_017,2,260,task_0261,2_019,61.35974489505878,False
253,task_0254,2_017,3,252,task_0253,2_017,50.25448093790316,True
253,task_0254,2_017,4,262,task_0263,2_019,45.30250227274011,False
253,task_0254,2_017,5,254,task_0255,2_017,40.76857935841771,True
253,task_0254,2_017,6,263,task_0264,2_019,38.104288690644935,False
253,task_0254,2_017,7,191,task_0192,2_001,37.8343894449763,False
253,task_0254,2_017,8,237,task_0238,2_013,37.43390684109706,False
253,task_0254,2_017,9,239,task_0240,2_013,35.9605752542081,False
253,task_0254,2_017,10,189,task_0190,2_001,31.61122646727309,False
254,task_0255,2_017,1,252,task_0253,2_017,65.47654905005103,True
254,task_0255,2_017,2,255,task_0256,2_017,47.094431543849915,True
254,task_0255,2_017,3,253,task_0254,2_017,38.802844201152354,True
254,task_0255,2_017,4,297,task_0298,2_028,30.905677995616475,False
254,task_0255,2_017,5,329,task_0330,2_036,29.465065384980758,False
254,task_0255,2_017,6,302,task_0303,2_029,28.94349941272281,False
254,task_0255,2_017,7,299,task_0300,2_028,28.09012157394085,False
254,task_0255,2_017,8,237,task_0238,2_013,25.60740941211939,False
254,task_0255,2_017,9,330,task_0331,2_036,25.000093453259282,False
254,task_0255,2_017,10,262,task_0263,2_019,24.954600741699448,False
255,task_0256,2_017,1,253,task_0254,2_017,79.29282161543328,True
255,task_0256,2_017,2,262,task_0263,2_019,47.75122670318389,False
255,task_0256,2_017,3,252,task_0253,2_017,47.350659543517715,True
255,task_0256,2_017,4,254,task_0255,2_017,45.151345004347604,True
255,task_0256,2_017,5,237,task_0238,2_013,36.25967363637657,False
255,task_0256,2_017,6,260,task_0261,2_019,35.51470681151429,False
255,task_0256,2_017,7,239,task_0240,2_013,34.79302668644971,False
255,task_0256,2_017,8,261,task_0262,2_019,31.801152617385984,False
255,task_0256,2_017,9,263,task_0264,2_019,26.779503066510348,False
255,task_0256,2_017,10,191,task_0192,2_001,26.396619643144955,False
256,task_0257,2_018,1,258,task_0259,2_018,104.17263430248009,True
256,task_0257,2_018,2,257,task_0258,2_018,52.99566816457538,True
256,task_0257,2_018,3,259,task_0260,2_018,52.0740620553734,True
256,task_0257,2_018,4,300,task_0301,2_029,43.70314561095159,False
256,task_0257,2_018,5,324,task_0325,2_035,42.39786200555918,False
256,task_0257,2_018,6,302,task_0303,2_029,40.66287357132411,False
256,task_0257,2_018,7,339,task_0340,2_038,39.48322820829535,False
256,task_0257,2_018,8,282,task_0283,2_024,39.4715399576541,False
256,task_0257,2_018,9,303,task_0304,2_029,37.891372106255375,False
256,task_0257,2_018,10,335,task_0336,2_037,37.82322074327229,False
257,task_0258,2_018,1,259,task_0260,2_018,82.0554517584186,True
257,task_0258,2_018,2,258,task_0259,2_018,61.31263867373542,True
257,task_0258,2_018,3,256,task_0257,2_018,51.23765603951946,True
257,task_0258,2_018,4,335,task_0336,2_037,34.60716507895759,False
257,task_0258,2_018,5,314,task_0315,2_032,33.517343594576325,False
257,task_0258,2_018,6,337,task_0338,2_038,30.27475265481671,False
257,task_0258,2_018,7,221,task_0222,2_009,28.122472032694425,False
257,task_0258,2_018,8,296,task_0297,2_028,27.952661384785245,False
257,task_0258,2_018,9,207,task_0208,2_005,27.88705044693802,False
257,task_0258,2_018,10,313,task_0314,2_032,26.401115147750858,False
258,task_0259,2_018,1,256,task_0257,2_018,102.09183218303254,True
258,task_0259,2_018,2,257,task_0258,2_018,63.024218038199876,True
258,task_0259,2_018,3,259,task_0260,2_018,48.16817555208273,True
258,task_0259,2_018,4,324,task_0325,2_035,45.061313904748026,False
258,task_0259,2_018,5,314,task_0315,2_032,43.64416215363231,False
258,task_0259,2_018,6,339,task_0340,2_038,41.53020211102983,False
258,task_0259,2_018,7,303,task_0304,2_029,41.00433201084115,False
258,task_0259,2_018,8,312,task_0313,2_032,40.97382907441892,False
258,task_0259,2_018,9,335,task_0336,2_037,40.81515681737613,False
258,task_0259,2_018,10,282,task_0283,2_024,39.04782045726748,False
259,task_0260,2_018,1,257,task_0258,2_018,81.09311757154862,True
259,task_0260,2_018,2,256,task_0257,2_018,50.612276099062484,True
259,task_0260,2_018,3,258,task_0259,2_018,47.409370322857164,True
259,task_0260,2_018,4,314,task_0315,2_032,40.258087101338006,False
259,task_0260,2_018,5,227,task_0228,2_010,31.559015418548725,False
259,task_0260,2_018,6,297,task_0298,2_028,30.880613767113875,False
259,task_0260,2_018,7,298,task_0299,2_028,30.49683286493238,False
259,task_0260,2_018,8,326,task_0327,2_035,29.506229114089454,False
259,task_0260,2_018,9,225,task_0226,2_010,28.94913721255772,False
259,task_0260,2_018,10,313,task_0314,2_032,28.64721675864546,False
260,task_0261,2_019,1,262,task_0263,2_019,87.43473512980545,True
260,task_0261,2_019,2,253,task_0254,2_017,71.50814557457501,False
260,task_0261,2_019,3,263,task_0264,2_019,60.85083859951443,True
260,task_0261,2_019,4,299,task_0300,2_028,51.71469354811248,False
260,task_0261,2_019,5,195,task_0196,2_002,51.071730239978656,False
260,task_0261,2_019,6,307,task_0308,2_030,50.606366514198804,False
260,task_0261,2_019,7,297,task_0298,2_028,47.15531186172274,False
260,task_0261,2_019,8,193,task_0194,2_002,46.61829873489507,False
260,task_0261,2_019,9,255,task_0256,2_017,45.306136911676624,False
260,task_0261,2_019,10,194,task_0195,2_002,44.62515185891797,False
261,task_0262,2_019,1,263,task_0264,2_019,72.62479478244707,True
261,task_0262,2_019,2,307,task_0308,2_030,50.428602371534694,False
261,task_0262,2_019,3,262,task_0263,2_019,44.57675395913495,True
261,task_0262,2_019,4,305,task_0306,2_030,44.15052600895705,False
261,task_0262,2_019,5,306,task_0307,2_030,44.048603575376966,False
261,task_0262,2_019,6,304,task_0305,2_030,40.05308693194332,False
261,task_0262,2_019,7,255,task_0256,2_017,39.857992719729744,False
261,task_0262,2_019,8,260,task_0261,2_019,39.68218857969855,True
261,task_0262,2_019,9,285,task_0286,2_025,37.21272745962864,False
261,task_0262,2_019,10,194,task_0195,2_002,36.18572439062387,False
262,task_0263,2_019,1,260,task_0261,2_019,84.91001342800901,True
262,task_0263,2_019,2,263,task_0264,2_019,64.05161393833183,True
262,task_0263,2_019,3,255,task_0256,2_017,58.437488696578676,False
262,task_0263,2_019,4,299,task_0300,2_028,54.16974294338932,False
262,task_0263,2_019,5,237,task_0238,2_013,52.27904977182397,False
262,task_0263,2_019,6,253,task_0254,2_017,52.25689475397699,False
262,task_0263,2_019,7,297,task_0298,2_028,51.038276412553884,False
262,task_0263,2_019,8,261,task_0262,2_019,47.06184441518996,True
262,task_0263,2_019,9,239,task_0240,2_013,46.38191657118354,False
262,task_0263,2_019,10,307,task_0308,2_030,45.01833339272866,False
263,task_0264,2_019,1,261,task_0262,2_019,82.92148074370287,True
263,task_0264,2_019,2,262,task_0263,2_019,68.72676621740901,True
263,task_0264,2_019,3,260,task_0261,2_019,59.563168538147394,True
263,task_0264,2_019,4,307,task_0308,2_030,53.627126860469915,False
263,task_0264,2_019,5,253,task_0254,2_017,46.37863297771314,False
263,task_0264,2_019,6,306,task_0307,2_030,46.28185065050169,False
263,task_0264,2_019,7,239,task_0240,2_013,41.36756337340803,False
263,task_0264,2_019,8,320,task_0321,2_034,40.80123761952324,False
263,task_0264,2_019,9,304,task_0305,2_030,40.40616898271417,False
263,task_0264,2_019,10,93,task_0094,1_024,39.61543401667562,False
264,task_0265,2_020,1,265,task_0266,2_020,90.70369851497423,True
264,task_0265,2_020,2,266,task_0267,2_020,52.16656955992643,True
264,task_0265,2_020,3,213,task_0214,2_007,40.795328165016635,False
264,task_0265,2_020,4,58,task_0059,1_015,38.71092716995287,False
264,task_0265,2_020,5,267,task_0268,2_020,38.708853804976144,True
264,task_0265,2_020,6,57,task_0058,1_015,37.8698064545304,False
264,task_0265,2_020,7,56,task_0057,1_015,37.84133721138601,False
264,task_0265,2_020,8,10,task_0011,1_003,37.70895541180168,False
264,task_0265,2_020,9,279,task_0280,2_023,36.39985761396183,False
264,task_0265,2_020,10,215,task_0216,2_007,36.01029150687253,False
265,task_0266,2_020,1,267,task_0268,2_020,90.62470858782909,True
265,task_0266,2_020,2,264,task_0265,2_020,90.03549691907224,True
265,task_0266,2_020,3,266,task_0267,2_020,50.05503114402791,True
265,task_0266,2_020,4,214,task_0215,2_007,43.45909637950114,False
265,task_0266,2_020,5,213,task_0214,2_007,41.899913835556205,False
265,task_0266,2_020,6,215,task_0216,2_007,38.36672338818989,False
265,task_0266,2_020,7,212,task_0213,2_007,35.78877956233045,False
265,task_0266,2_020,8,286,task_0287,2_025,30.419628364890954,False
265,task_0266,2_020,9,56,task_0057,1_015,28.651505274631518,False
265,task_0266,2_020,10,58,task_0059,1_015,28.647006805548052,False
266,task_0267,2_020,1,213,task_0214,2_007,70.44797424955556,False
266,task_0267,2_020,2,215,task_0216,2_007,69.11101533296025,False
266,task_0267,2_020,3,267,task_0268,2_020,61.41211368849224,True
266,task_0267,2_020,4,264,task_0265,2_020,48.12313197979391,True
266,task_0267,2_020,5,265,task_0266,2_020,47.26310958085801,True
266,task_0267,2_020,6,214,task_0215,2_007,47.04843534996406,False
266,task_0267,2_020,7,58,task_0059,1_015,46.77652806330598,False
266,task_0267,2_020,8,212,task_0213,2_007,46.76226283518965,False
266,task_0267,2_020,9,56,task_0057,1_015,46.07272788974198,False
266,task_0267,2_020,10,286,task_0287,2_025,33.10395251612613,False
267,task_0268,2_020,1,265,task_0266,2_020,87.11380037968937,True
267,task_0268,2_020,2,266,task_0267,2_020,64.24950534876844,True
267,task_0268,2_020,3,213,task_0214,2_007,37.82295286661175,False
267,task_0268,2_020,4,264,task_0265,2_020,36.72390573875811,True
267,task_0268,2_020,5,655,task_0656,4_023,34.65985313177587,False
267,task_0268,2_020,6,215,task_0216,2_007,33.80591400045197,False
267,task_0268,2_020,7,212,task_0213,2_007,32.92881812037669,False
267,task_0268,2_020,8,214,task_0215,2_007,30.636834749863482,False
267,task_0268,2_020,9,239,task_0240,2_013,28.154812312697857,False
267,task_0268,2_020,10,190,task_0191,2_001,28.008883950521426,False
268,task_0269,2_021,1,270,task_0271,2_021,65.99880368570311,True
268,task_0269,2_021,2,269,task_0270,2_021,54.87611403177625,True
268,task_0269,2_021,3,271,task_0272,2_021,47.24840454425111,True
268,task_0269,2_021,4,283,task_0284,2_024,35.41324325310024,False
268,task_0269,2_021,5,236,task_0237,2_013,33.04557454998759,False
268,task_0269,2_021,6,280,task_0281,2_024,32.9394606633406,False
268,task_0269,2_021,7,282,task_0283,2_024,31.551082943522804,False
268,task_0269,2_021,8,300,task_0301,2_029,28.794858196424524,False
268,task_0269,2_021,9,302,task_0303,2_029,28.237355005821954,False
268,task_0269,2_021,10,206,task_0207,2_005,28.042249070146916,False
269,task_0270,2_021,1,271,task_0272,2_021,87.59850049821726,True
269,task_0270,2_021,2,270,task_0271,2_021,67.11656897010461,True
269,task_0270,2_021,3,268,task_0269,2_021,54.59558595684848,True
269,task_0270,2_021,4,280,task_0281,2_024,48.37361603161063,False
269,task_0270,2_021,5,283,task_0284,2_024,41.482832975114405,False
269,task_0270,2_021,6,282,task_0283,2_024,37.04951646692722,False
269,task_0270,2_021,7,281,task_0282,2_024,36.483806516327576,False
269,task_0270,2_021,8,206,task_0207,2_005,35.98991974874937,False
269,task_0270,2_021,9,302,task_0303,2_029,31.752010450920448,False
269,task_0270,2_021,10,300,task_0301,2_029,30.76321677552632,False
270,task_0271,2_021,1,271,task_0272,2_021,92.77904705378009,True
270,task_0271,2_021,2,269,task_0270,2_021,65.74116629302489,True
270,task_0271,2_021,3,268,task_0269,2_021,65.49370611792189,True
270,task_0271,2_021,4,280,task_0281,2_024,44.10000303209313,False
270,task_0271,2_021,5,283,task_0284,2_024,40.53808076928901,False
270,task_0271,2_021,6,222,task_0223,2_009,36.51635174247503,False
270,task_0271,2_021,7,281,task_0282,2_024,35.79532444435639,False
270,task_0271,2_021,8,206,task_0207,2_005,35.52351778355927,False
270,task_0271,2_021,9,282,task_0283,2_024,34.87105501239817,False
270,task_0271,2_021,10,302,task_0303,2_029,31.252548874300054,False
271,task_0272,2_021,1,270,task_0271,2_021,94.27287182862996,True
271,task_0272,2_021,2,269,task_0270,2_021,86.98618247225443,True
271,task_0272,2_021,3,268,task_0269,2_021,47.13533007882754,True
271,task_0272,2_021,4,280,task_0281,2_024,45.78869447910985,False
271,task_0272,2_021,5,283,task_0284,2_024,44.47571732431666,False
271,task_0272,2_021,6,282,task_0283,2_024,38.793891508518705,False
271,task_0272,2_021,7,281,task_0282,2_024,38.264356531508525,False
271,task_0272,2_021,8,206,task_0207,2_005,34.162878162948324,False
271,task_0272,2_021,9,303,task_0304,2_029,31.727368677953862,False
271,task_0272,2_021,10,302,task_0303,2_029,30.111320402913453,False
272,task_0273,2_022,1,274,task_0275,2_022,102.06597479437752,True
272,task_0273,2_022,2,275,task_0276,2_022,64.75605008186811,True
272,task_0273,2_022,3,273,task_0274,2_022,59.98228011052091,True
272,task_0273,2_022,4,221,task_0222,2_009,34.731341434364715,False
272,task_0273,2_022,5,224,task_0225,2_010,33.84977588588316,False
272,task_0273,2_022,6,339,task_0340,2_038,33.53997906959444,False
272,task_0273,2_022,7,341,task_0342,2_039,33.44173102806489,False
272,task_0273,2_022,8,294,task_0295,2_027,28.782281715553065,False
272,task_0273,2_022,9,223,task_0224,2_009,28.608660069972313,False
272,task_0273,2_022,10,251,task_0252,2_016,27.606696680274354,False
273,task_0274,2_022,1,274,task_0275,2_022,56.725782825451134,True
273,task_0274,2_022,2,272,task_0273,2_022,53.549155847058294,True
273,task_0274,2_022,3,275,task_0276,2_022,44.89845403834364,True
273,task_0274,2_022,4,293,task_0294,2_027,27.722174090967087,False
273,task_0274,2_022,5,313,task_0314,2_032,25.366461522440098,False
273,task_0274,2_022,6,295,task_0296,2_027,22.69694882264103,False
273,task_0274,2_022,7,312,task_0313,2_032,22.1007568691996,False
273,task_0274,2_022,8,196,task_0197,2_003,22.04282429028678,False
273,task_0274,2_022,9,197,task_0198,2_003,21.545189746493662,False
273,task_0274,2_022,10,221,task_0222,2_009,20.302842237211483,False
274,task_0275,2_022,1,272,task_0273,2_022,99.73968009582569,True
274,task_0275,2_022,2,275,task_0276,2_022,68.80678955660403,True
274,task_0275,2_022,3,273,task_0274,2_022,60.959168291519966,True
274,task_0275,2_022,4,220,task_0221,2_009,39.23433198744706,False
274,task_0275,2_022,5,296,task_0297,2_028,34.07623374475581,False
274,task_0275,2_022,6,224,task_0225,2_010,30.83424319733903,False
274,task_0275,2_022,7,282,task_0283,2_024,29.158772425207783,False
274,task_0275,2_022,8,313,task_0314,2_032,27.995974571479643,False
274,task_0275,2_022,9,227,task_0228,2_010,27.109356214426413,False
274,task_0275,2_022,10,335,task_0336,2_037,26.20534130331381,False
275,task_0276,2_022,1,274,task_0275,2_022,73.27591994210759,True
275,task_0276,2_022,2,272,task_0273,2_022,69.0020311074087,True
275,task_0276,2_022,3,293,task_0294,2_027,56.86600057616827,False
275,task_0276,2_022,4,295,task_0296,2_027,55.943547930139765,False
275,task_0276,2_022,5,273,task_0274,2_022,50.83256649974139,True
275,task_0276,2_022,6,222,task_0223,2_009,46.24048934722619,False
275,task_0276,2_022,7,221,task_0222,2_009,45.75466015401954,False
275,task_0276,2_022,8,294,task_0295,2_027,44.293705134134804,False
275,task_0276,2_022,9,281,task_0282,2_024,43.65407194386191,False
275,task_0276,2_022,10,312,task_0313,2_032,39.01516803265274,False
276,task_0277,2_023,1,279,task_0280,2_023,91.29196950035197,True
276,task_0277,2_023,2,277,task_0278,2_023,81.23672093991328,True
276,task_0277,2_023,3,278,task_0279,2_023,51.13050385169996,True
276,task_0277,2_023,4,215,task_0216,2_007,27.866233846345178,False
276,task_0277,2_023,5,320,task_0321,2_034,27.84664208172754,False
276,task_0277,2_023,6,334,task_0335,2_037,27.64575705600641,False
276,task_0277,2_023,7,321,task_0322,2_034,25.7218403372798,False
276,task_0277,2_023,8,302,task_0303,2_029,24.354470232896237,False
276,task_0277,2_023,9,212,task_0213,2_007,24.128579401602767,False
276,task_0277,2_023,10,301,task_0302,2_029,23.710460352225343,False
277,task_0278,2_023,1,279,task_0280,2_023,181.7027410462144,True
277,task_0278,2_023,2,276,task_0277,2_023,92.81591828260082,True
277,task_0278,2_023,3,205,task_0206,2_005,49.29938652161067,False
277,task_0278,2_023,4,207,task_0208,2_005,46.367068612446715,False
277,task_0278,2_023,5,206,task_0207,2_005,46.23922606916322,False
277,task_0278,2_023,6,302,task_0303,2_029,40.373884121889006,False
277,task_0278,2_023,7,300,task_0301,2_029,40.282632134304386,False
277,task_0278,2_023,8,264,task_0265,2_020,35.457404550640966,False
277,task_0278,2_023,9,278,task_0279,2_023,34.61881320591815,True
277,task_0278,2_023,10,238,task_0239,2_013,34.60667644128615,False
278,task_0279,2_023,1,276,task_0277,2_023,47.62902069639625,True
278,task_0279,2_023,2,279,task_0280,2_023,35.55151951485547,True
278,task_0279,2_023,3,277,task_0278,2_023,30.02662230672404,True
278,task_0279,2_023,4,287,task_0288,2_025,20.196575237961376,False
278,task_0279,2_023,5,9,task_0010,1_003,18.04214253834423,False
278,task_0279,2_023,6,11,task_0012,1_003,16.795352025392226,False
278,task_0279,2_023,7,367,task_0368,3_006,16.56445300970972,False
278,task_0279,2_023,8,64,task_0065,1_017,14.285862228408481,False
278,task_0279,2_023,9,37,task_0038,1_010,14.20846323116135,False
278,task_0279,2_023,10,19,task_0020,1_005,14.15766676857071,False
279,task_0280,2_023,1,277,task_0278,2_023,179.7902581005159,True
279,task_0280,2_023,2,276,task_0277,2_023,102.83742872057377,True
279,task_0280,2_023,3,207,task_0208,2_005,47.554296838241584,False
279,task_0280,2_023,4,205,task_0206,2_005,44.234522866198894,False
279,task_0280,2_023,5,206,task_0207,2_005,43.02003722155413,False
279,task_0280,2_023,6,278,task_0279,2_023,41.31982660355961,True
279,task_0280,2_023,7,300,task_0301,2_029,40.282632134304386,False
279,task_0280,2_023,8,302,task_0303,2_029,39.72244105259229,False
279,task_0280,2_023,9,264,task_0265,2_020,38.096595183658366,False
279,task_0280,2_023,10,215,task_0216,2_007,35.73605314807084,False
280,task_0281,2_024,1,283,task_0284,2_024,89.37303190917046,True
280,task_0281,2_024,2,282,task_0283,2_024,88.70065427177953,True
280,task_0281,2_024,3,281,task_0282,2_024,72.05783932709231,True
280,task_0281,2_024,4,314,task_0315,2_032,50.10792359197366,False
280,task_0281,2_024,5,269,task_0270,2_021,47.94518454939586,False
280,task_0281,2_024,6,271,task_0272,2_021,44.977910683235024,False
280,task_0281,2_024,7,270,task_0271,2_021,44.94436081547352,False
280,task_0281,2_024,8,321,task_0322,2_034,34.243102016638794,False
280,task_0281,2_024,9,323,task_0324,2_034,34.18054398428111,False
280,task_0281,2_024,10,212,task_0213,2_007,34.06863406073263,False
281,task_0282,2_024,1,282,task_0283,2_024,80.5445993656906,True
281,task_0282,2_024,2,283,task_0284,2_024,75.99599974406036,True
281,task_0282,2_024,3,280,task_0281,2_024,72.24186720136541,True
281,task_0282,2_024,4,275,task_0276,2_022,42.448247974947634,False
281,task_0282,2_024,5,324,task_0325,2_035,39.66515281358152,False
281,task_0282,2_024,6,271,task_0272,2_021,39.05159062244734,False
281,task_0282,2_024,7,312,task_0313,2_032,38.10035909294892,False
281,task_0282,2_024,8,302,task_0303,2_029,37.400211704820165,False
281,task_0282,2_024,9,269,task_0270,2_021,37.34187800875003,False
281,task_0282,2_024,10,226,task_0227,2_010,37.254439944395244,False
282,task_0283,2_024,1,280,task_0281,2_024,90.82673856131869,True
282,task_0283,2_024,2,283,task_0284,2_024,84.36319498220884,True
282,task_0283,2_024,3,281,task_0282,2_024,82.31751493464365,True
282,task_0283,2_024,4,312,task_0313,2_032,51.54932620489163,False
282,task_0283,2_024,5,314,task_0315,2_032,43.99430036874137,False
282,task_0283,2_024,6,294,task_0295,2_027,42.541943735591396,False
282,task_0283,2_024,7,196,task_0197,2_003,41.94943856018437,False
282,task_0283,2_024,8,222,task_0223,2_009,41.499471210695006,False
282,task_0283,2_024,9,335,task_0336,2_037,41.15519719054339,False
282,task_0283,2_024,10,221,task_0222,2_009,39.585376149232125,False
283,task_0284,2_024,1,280,task_0281,2_024,86.36032799474214,True
283,task_0284,2_024,2,282,task_0283,2_024,79.58657251065102,True
283,task_0284,2_024,3,281,task_0282,2_024,73.26162436165566,True
283,task_0284,2_024,4,271,task_0272,2_021,43.961799586544466,False
283,task_0284,2_024,5,269,task_0270,2_021,40.9286534832238,False
283,task_0284,2_024,6,270,task_0271,2_021,40.46050334947099,False
283,task_0284,2_024,7,323,task_0324,2_034,35.62085045517317,False
283,task_0284,2_024,8,268,task_0269,2_021,34.344322144943156,False
283,task_0284,2_024,9,214,task_0215,2_007,32.3042366735124,False
283,task_0284,2_024,10,321,task_0322,2_034,32.23188887860675,False
284,task_0285,2_025,1,286,task_0287,2_025,105.20432487280193,True
284,task_0285,2_025,2,190,task_0191,2_001,61.58486365953314,False
284,task_0285,2_025,3,191,task_0192,2_001,56.71217680663239,False
284,task_0285,2_025,4,320,task_0321,2_034,56.14297647466283,False
284,task_0285,2_025,5,188,task_0189,2_001,53.25579676030861,False
284,task_0285,2_025,6,212,task_0213,2_007,51.60347477283972,False
284,task_0285,2_025,7,285,task_0286,2_025,48.85678164597744,True
284,task_0285,2_025,8,214,task_0215,2_007,46.44279361584921,False
284,task_0285,2_025,9,213,task_0214,2_007,46.31504898575163,False
284,task_0285,2_025,10,189,task_0190,2_001,46.181514418487055,False
285,task_0286,2_025,1,287,task_0288,2_025,80.59665386163832,True
285,task_0286,2_025,2,286,task_0287,2_025,62.9832742860332,True
285,task_0286,2_025,3,323,task_0324,2_034,49.375717222908754,False
285,task_0286,2_025,4,284,task_0285,2_025,47.992471602863134,True
285,task_0286,2_025,5,321,task_0322,2_034,45.96407333744938,False
285,task_0286,2_025,6,195,task_0196,2_002,42.55980701769023,False
285,task_0286,2_025,7,261,task_0262,2_019,37.641427694585275,False
285,task_0286,2_025,8,320,task_0321,2_034,36.42914555841129,False
285,task_0286,2_025,9,263,task_0264,2_019,34.57441799038816,False
285,task_0286,2_025,10,237,task_0238,2_013,33.49700456295501,False
286,task_0287,2_025,1,284,task_0285,2_025,107.19579058104055,True
286,task_0287,2_025,2,285,task_0286,2_025,67.61545775610993,True
286,task_0287,2_025,3,214,task_0215,2_007,58.18553427529697,False
286,task_0287,2_025,4,212,task_0213,2_007,56.65264017091684,False
286,task_0287,2_025,5,189,task_0190,2_001,55.24361711710075,False
286,task_0287,2_025,6,287,task_0288,2_025,54.27725313524262,True
286,task_0287,2_025,7,190,task_0191,2_001,53.434730068370946,False
286,task_0287,2_025,8,320,task_0321,2_034,50.414359319719026,False
286,task_0287,2_025,9,215,task_0216,2_007,49.73445920649982,False
286,task_0287,2_025,10,213,task_0214,2_007,48.90568587050228,False
287,task_0288,2_025,1,285,task_0286,2_025,82.22792175865665,True
287,task_0288,2_025,2,286,task_0287,2_025,50.985781190471265,True
287,task_0288,2_025,3,323,task_0324,2_034,47.86544698189271,False
287,task_0288,2_025,4,195,task_0196,2_002,46.93913476882639,False
287,task_0288,2_025,5,321,task_0322,2_034,41.30396104196093,False
287,task_0288,2_025,6,284,task_0285,2_025,40.97764890280584,True
287,task_0288,2_025,7,237,task_0238,2_013,35.08780099440895,False
287,task_0288,2_025,8,211,task_0212,2_006,34.487270879707246,False
287,task_0288,2_025,9,253,task_0254,2_017,33.31757513693675,False
287,task_0288,2_025,10,191,task_0192,2_001,30.670511343678164,False
288,task_0289,2_026,1,290,task_0291,2_026,99.32713280216548,True
288,task_0289,2_026,2,291,task_0292,2_026,92.25002403030584,True
288,task_0289,2_026,3,289,task_0290,2_026,82.81666021866788,True
288,task_0289,2_026,4,228,task_0229,2_011,54.48340724125315,False
288,task_0289,2_026,5,323,task_0324,2_034,37.69760343634283,False
288,task_0289,2_026,6,321,task_0322,2_034,37.284590404616154,False
288,task_0289,2_026,7,231,task_0232,2_011,35.1746233326983,False
288,task_0289,2_026,8,332,task_0333,2_037,33.37475898952479,False
288,task_0289,2_026,9,230,task_0231,2_011,32.25895897005505,False
288,task_0289,2_026,10,334,task_0335,2_037,31.816241932688342,False
289,task_0290,2_026,1,290,task_0291,2_026,92.72233303680798,True
289,task_0290,2_026,2,291,task_0292,2_026,90.15724040428097,True
289,task_0290,2_026,3,288,task_0289,2_026,86.45105011685692,True
289,task_0290,2_026,4,228,task_0229,2_011,38.20789278390112,False
289,task_0290,2_026,5,323,task_0324,2_034,34.777370414168104,False
289,task_0290,2_026,6,321,task_0322,2_034,34.23826452455104,False
289,task_0290,2_026,7,69,task_0070,1_018,28.60569926889588,False
289,task_0290,2_026,8,285,task_0286,2_025,22.26893747832829,False
289,task_0290,2_026,9,73,task_0074,1_019,20.28580656284005,False
289,task_0290,2_026,10,230,task_0231,2_011,20.085289223777057,False
290,task_0291,2_026,1,288,task_0289,2_026,91.66058934039745,True
290,task_0291,2_026,2,289,task_0290,2_026,82.25400035358061,True
290,task_0291,2_026,3,291,task_0292,2_026,51.86329293095714,True
290,task_0291,2_026,4,228,task_0229,2_011,50.34669126408612,False
290,task_0291,2_026,5,323,task_0324,2_034,18.762025496790688,False
290,task_0291,2_026,6,321,task_0322,2_034,18.440887146643668,False
290,task_0291,2_026,7,334,task_0335,2_037,17.82031153328842,False
290,task_0291,2_026,8,229,task_0230,2_011,16.795884249059178,False
290,task_0291,2_026,9,332,task_0333,2_037,16.22247733177368,False
290,task_0291,2_026,10,230,task_0231,2_011,15.677808605753103,False
291,task_0292,2_026,1,288,task_0289,2_026,102.86235980600456,True
291,task_0292,2_026,2,289,task_0290,2_026,94.7053150099359,True
291,task_0292,2_026,3,290,task_0291,2_026,62.92996722173248,True
291,task_0292,2_026,4,231,task_0232,2_011,61.45978864346324,False
291,task_0292,2_026,5,69,task_0070,1_018,49.733667836836126,False
291,task_0292,2_026,6,230,task_0231,2_011,48.455642907242215,False
291,task_0292,2_026,7,333,task_0334,2_037,34.54446005941775,False
291,task_0292,2_026,8,75,task_0076,1_019,33.64950810102905,False
291,task_0292,2_026,9,323,task_0324,2_034,33.271391171666906,False
291,task_0292,2_026,10,73,task_0074,1_019,30.325375722959762,False
292,task_0293,2_027,1,293,task_0294,2_027,123.5884577484141,True
292,task_0293,2_027,2,294,task_0295,2_027,122.17315530022,True
292,task_0293,2_027,3,295,task_0296,2_027,97.48042016281711,True
292,task_0293,2_027,4,314,task_0315,2_032,64.36154886905757,False
292,task_0293,2_027,5,312,task_0313,2_032,56.99764103324701,False
292,task_0293,2_027,6,313,task_0314,2_032,51.10375803175266,False
292,task_0293,2_027,7,315,task_0316,2_032,49.24132172416289,False
292,task_0293,2_027,8,221,task_0222,2_009,40.38221006859178,False
292,task_0293,2_027,9,222,task_0223,2_009,39.68490137983829,False
292,task_0293,2_027,10,326,task_0327,2_035,38.34431436436747,False
293,task_0294,2_027,1,292,task_0293,2_027,133.9214651459134,True
293,task_0294,2_027,2,295,task_0296,2_027,120.61562563704874,True
293,task_0294,2_027,3,294,task_0295,2_027,119.79036503504456,True
293,task_0294,2_027,4,314,task_0315,2_032,71.08472536841242,False
293,task_0294,2_027,5,312,task_0313,2_032,64.91294138718392,False
293,task_0294,2_027,6,221,task_0222,2_009,59.10488922579458,False
293,task_0294,2_027,7,275,task_0276,2_022,59.09198622405589,False
293,task_0294,2_027,8,313,task_0314,2_032,54.84030555278437,False
293,task_0294,2_027,9,326,task_0327,2_035,45.231722637849494,False
293,task_0294,2_027,10,324,task_0325,2_035,43.738224184818485,False
294,task_0295,2_027,1,292,task_0293,2_027,125.37616649434811,True
294,task_0295,2_027,2,295,task_0296,2_027,116.37625981072365,True
294,task_0295,2_027,3,293,task_0294,2_027,112.43752080156456,True
294,task_0295,2_027,4,312,task_0313,2_032,60.60250779146079,False
294,task_0295,2_027,5,314,task_0315,2_032,54.88686895017284,False
294,task_0295,2_027,6,313,task_0314,2_032,50.993095050566495,False
294,task_0295,2_027,7,221,task_0222,2_009,50.782934630366206,False
294,task_0295,2_027,8,222,task_0223,2_009,49.57680142006075,False
294,task_0295,2_027,9,315,task_0316,2_032,45.913249534052646,False
294,task_0295,2_027,10,326,task_0327,2_035,45.806874806871626,False
295,task_0296,2_027,1,294,task_0295,2_027,115.01372319165573,True
295,task_0296,2_027,2,293,task_0294,2_027,109.61300082569251,True
295,task_0296,2_027,3,292,task_0293,2_027,99.10457535819226,True
295,task_0296,2_027,4,275,task_0276,2_022,57.39028571440953,False
295,task_0296,2_027,5,313,task_0314,2_032,47.9324525029532,False
295,task_0296,2_027,6,312,task_0313,2_032,46.80426369106285,False
295,task_0296,2_027,7,315,task_0316,2_032,43.78749990472288,False
295,task_0296,2_027,8,324,task_0325,2_035,42.38704123019939,False
295,task_0296,2_027,9,220,task_0221,2_009,40.9462512657698,False
295,task_0296,2_027,10,221,task_0222,2_009,37.69364921352798,False
296,task_0297,2_028,1,298,task_0299,2_028,80.12839364113066,True
296,task_0297,2_028,2,299,task_0300,2_028,76.89456987484,True
296,task_0297,2_028,3,306,task_0307,2_030,52.87456927804337,False
296,task_0297,2_028,4,307,task_0308,2_030,52.82148622348983,False
296,task_0297,2_028,5,297,task_0298,2_028,52.272939654187056,True
296,task_0297,2_028,6,304,task_0305,2_030,52.041181156337785,False
296,task_0297,2_028,7,194,task_0195,2_002,50.50548373993756,False
296,task_0297,2_028,8,192,task_0193,2_002,42.67215660857612,False
296,task_0297,2_028,9,193,task_0194,2_002,42.32151486850145,False
296,task_0297,2_028,10,205,task_0206,2_005,42.207679799264604,False
297,task_0298,2_028,1,299,task_0300,2_028,122.37720174431274,True
297,task_0298,2_028,2,298,task_0299,2_028,102.50920770764954,True
297,task_0298,2_028,3,304,task_0305,2_030,59.722814970249516,False
297,task_0298,2_028,4,194,task_0195,2_002,59.42112458475334,False
297,task_0298,2_028,5,296,task_0297,2_028,58.68651564765148,True
297,task_0298,2_028,6,306,task_0307,2_030,55.83482812268469,False
297,task_0298,2_028,7,262,task_0263,2_019,51.865640664869275,False
297,task_0298,2_028,8,326,task_0327,2_035,49.96924908261681,False
297,task_0298,2_028,9,314,task_0315,2_032,49.47053324718358,False
297,task_0298,2_028,10,260,task_0261,2_019,45.097838775031846,False
298,task_0299,2_028,1,297,task_0298,2_028,96.13156231155024,True
298,task_0299,2_028,2,296,task_0297,2_028,83.2915839524469,True
298,task_0299,2_028,3,194,task_0195,2_002,79.36631185986691,False
298,task_0299,2_028,4,192,task_0193,2_002,60.10175680168768,False
298,task_0299,2_028,5,299,task_0300,2_028,55.685704504189644,True
298,task_0299,2_028,6,306,task_0307,2_030,52.472768816172014,False
298,task_0299,2_028,7,304,task_0305,2_030,51.900068780498536,False
298,task_0299,2_028,8,307,task_0308,2_030,48.39058578791796,False
298,task_0299,2_028,9,262,task_0263,2_019,37.50953870586445,False
298,task_0299,2_028,10,294,task_0295,2_027,37.06224600783223,False
299,task_0300,2_028,1,297,task_0298,2_028,123.67449232180498,True
299,task_0300,2_028,2,296,task_0297,2_028,89.68076648514433,True
299,task_0300,2_028,3,306,task_0307,2_030,68.09929808065833,False
299,task_0300,2_028,4,298,task_0299,2_028,65.75973054507165,True
299,task_0300,2_028,5,304,task_0305,2_030,64.86981582725241,False
299,task_0300,2_028,6,307,task_0308,2_030,61.08393576309778,False
299,task_0300,2_028,7,262,task_0263,2_019,59.51902719105518,False
299,task_0300,2_028,8,208,task_0209,2_006,59.24254736408715,False
299,task_0300,2_028,9,260,task_0261,2_019,54.85601198027762,False
299,task_0300,2_028,10,192,task_0193,2_002,53.430814667985686,False
300,task_0301,2_029,1,302,task_0303,2_029,106.06951801221417,True
300,task_0301,2_029,2,303,task_0304,2_029,74.8659581730071,True
300,task_0301,2_029,3,301,task_0302,2_029,66.84477823964755,True
300,task_0301,2_029,4,324,task_0325,2_035,45.75964228246674,False
300,task_0301,2_029,5,335,task_0336,2_037,41.14954729819079,False
300,task_0301,2_029,6,256,task_0257,2_018,41.11379393556035,False
300,task_0301,2_029,7,339,task_0340,2_038,40.020492518641554,False
300,task_0301,2_029,8,337,task_0338,2_038,38.754711465439435,False
300,task_0301,2_029,9,220,task_0221,2_009,38.69918243704861,False
300,task_0301,2_029,10,296,task_0297,2_028,38.37158615346984,False
301,task_0302,2_029,1,303,task_0304,2_029,74.66217919135002,True
301,task_0302,2_029,2,302,task_0303,2_029,66.98005870230327,True
301,task_0302,2_029,3,300,task_0301,2_029,64.20367836809217,True
301,task_0302,2_029,4,225,task_0226,2_010,34.244622227729494,False
301,task_0302,2_029,5,281,task_0282,2_024,32.10049239933181,False
301,task_0302,2_029,6,324,task_0325,2_035,31.251711978302254,False
301,task_0302,2_029,7,258,task_0259,2_018,31.069878836603955,False
301,task_0302,2_029,8,256,task_0257,2_018,30.42916038360064,False
301,task_0302,2_029,9,227,task_0228,2_010,30.28983927949492,False
301,task_0302,2_029,10,326,task_0327,2_035,29.350012475423956,False
302,task_0303,2_029,1,300,task_0301,2_029,105.45111307052461,True
302,task_0303,2_029,2,303,task_0304,2_029,73.16116250653579,True
302,task_0303,2_029,3,301,task_0302,2_029,68.54025629056127,True
302,task_0303,2_029,4,337,task_0338,2_038,41.754009906891405,False
302,task_0303,2_029,5,341,task_0342,2_039,40.268125388162424,False
302,task_0303,2_029,6,324,task_0325,2_035,38.68043296679521,False
302,task_0303,2_029,7,256,task_0257,2_018,38.65496116427914,False
302,task_0303,2_029,8,339,task_0340,2_038,38.19252254022933,False
302,task_0303,2_029,9,326,task_0327,2_035,37.371560229277875,False
302,task_0303,2_029,10,335,task_0336,2_037,36.494860559608554,False
303,task_0304,2_029,1,301,task_0302,2_029,74.05650886588892,True
303,task_0304,2_029,2,300,task_0301,2_029,71.3856856457756,True
303,task_0304,2_029,3,302,task_0303,2_029,70.6620916858192,True
303,task_0304,2_029,4,324,task_0325,2_035,41.82153018689706,False
303,task_0304,2_029,5,339,task_0340,2_038,41.80035473207367,False
303,task_0304,2_029,6,326,task_0327,2_035,39.235739169590076,False
303,task_0304,2_029,7,335,task_0336,2_037,37.53879558408693,False
303,task_0304,2_029,8,258,task_0259,2_018,37.4815539294187,False
303,task_0304,2_029,9,337,task_0338,2_038,37.46198784565482,False
303,task_0304,2_029,10,327,task_0328,2_035,35.045170213999874,False
304,task_0305,2_030,1,306,task_0307,2_030,194.72372121804315,True
304,task_0305,2_030,2,307,task_0308,2_030,153.02246293348588,True
304,task_0305,2_030,3,305,task_0306,2_030,110.59843193848899,True
304,task_0305,2_030,4,297,task_0298,2_028,63.649692109215934,False
304,task_0305,2_030,5,296,task_0297,2_028,62.51235350601773,False
304,task_0305,2_030,6,299,task_0300,2_028,60.823622083241595,False
304,task_0305,2_030,7,298,task_0299,2_028,59.82347895818029,False
304,task_0305,2_030,8,316,task_0317,2_033,55.23114451268786,False
304,task_0305,2_030,9,194,task_0195,2_002,53.18125212898748,False
304,task_0305,2_030,10,318,task_0319,2_033,51.73996031740524,False
305,task_0306,2_030,1,307,task_0308,2_030,78.82445804548479,True
305,task_0306,2_030,2,304,task_0305,2_030,76.44785141410993,True
305,task_0306,2_030,3,306,task_0307,2_030,75.169758731307,True
305,task_0306,2_030,4,318,task_0319,2_033,47.295658296535,False
305,task_0306,2_030,5,316,task_0317,2_033,46.67287959192086,False
305,task_0306,2_030,6,319,task_0320,2_033,40.55493132124328,False
305,task_0306,2_030,7,244,task_0245,2_015,38.71884895457105,False
305,task_0306,2_030,8,261,task_0262,2_019,38.419113716134184,False
305,task_0306,2_030,9,317,task_0318,2_033,37.49540153236794,False
305,task_0306,2_030,10,246,task_0247,2_015,35.06005807769073,False
306,task_0307,2_030,1,304,task_0305,2_030,185.14800161884708,True
306,task_0307,2_030,2,307,task_0308,2_030,158.30970925301654,True
306,task_0307,2_030,3,305,task_0306,2_030,103.98945199695018,True
306,task_0307,2_030,4,299,task_0300,2_028,61.08968835551197,False
306,task_0307,2_030,5,298,task_0299,2_028,59.39414252390825,False
306,task_0307,2_030,6,297,task_0298,2_028,57.37150810164204,False
306,task_0307,2_030,7,296,task_0297,2_028,57.132425263342796,False
306,task_0307,2_030,8,316,task_0317,2_033,48.632921753211576,False
306,task_0307,2_030,9,261,task_0262,2_019,48.03829040673254,False
306,task_0307,2_030,10,244,task_0245,2_015,47.399109892761345,False
307,task_0308,2_030,1,306,task_0307,2_030,159.8182364552054,True
307,task_0308,2_030,2,304,task_0305,2_030,149.17668519816846,True
307,task_0308,2_030,3,305,task_0306,2_030,106.94784207874518,True
307,task_0308,2_030,4,296,task_0297,2_028,59.48902230147208,False
307,task_0308,2_030,5,299,task_0300,2_028,56.75316242746335,False
307,task_0308,2_030,6,261,task_0262,2_019,56.68709386279072,False
307,task_0308,2_030,7,298,task_0299,2_028,55.22969223671039,False
307,task_0308,2_030,8,260,task_0261,2_019,54.20500062763048,False
307,task_0308,2_030,9,263,task_0264,2_019,53.48542988322069,False
307,task_0308,2_030,10,318,task_0319,2_033,53.14103326216471,False
308,task_0309,2_031,1,310,task_0311,2_031,151.45740504388078,True
308,task_0309,2_031,2,311,task_0312,2_031,121.7279284047747,True
308,task_0309,2_031,3,309,task_0310,2_031,107.54341120663005,True
308,task_0309,2_031,4,340,task_0341,2_039,33.77346337533557,False
308,task_0309,2_031,5,129,task_0130,1_033,32.17514111752624,False
308,task_0309,2_031,6,165,task_0166,1_042,26.635033240391824,False
308,task_0309,2_031,7,336,task_0337,2_038,25.390309453472298,False
308,task_0309,2_031,8,135,task_0136,1_034,25.11081373785605,False
308,task_0309,2_031,9,131,task_0132,1_033,23.796818586372,False
308,task_0309,2_031,10,261,task_0262,2_019,23.657620739640706,False
309,task_0310,2_031,1,311,task_0312,2_031,229.29038646228466,True
309,task_0310,2_031,2,310,task_0311,2_031,166.1944953291407,True
309,task_0310,2_031,3,308,task_0309,2_031,133.51580673324958,True
309,task_0310,2_031,4,129,task_0130,1_033,56.819062652365794,False
309,task_0310,2_031,5,135,task_0136,1_034,55.741754022444745,False
309,task_0310,2_031,6,133,task_0134,1_034,47.05862468336537,False
309,task_0310,2_031,7,340,task_0341,2_039,46.46608807817165,False
309,task_0310,2_031,8,78,task_0079,1_020,46.31457972948074,False
309,task_0310,2_031,9,82,task_0083,1_021,43.265702571809086,False
309,task_0310,2_031,10,152,task_0153,1_039,41.405784159957086,False
310,task_0311,2_031,1,308,task_0309,2_031,183.21799265704442,True
310,task_0311,2_031,2,309,task_0310,2_031,162.96238193234825,True
310,task_0311,2_031,3,311,task_0312,2_031,135.16272254015,True
310,task_0311,2_031,4,129,task_0130,1_033,52.3291493593352,False
310,task_0311,2_031,5,340,task_0341,2_039,47.403703044157226,False
310,task_0311,2_031,6,82,task_0083,1_021,42.93888031194138,False
310,task_0311,2_031,7,78,task_0079,1_020,38.48547552382734,False
310,task_0311,2_031,8,444,task_0445,3_025,38.26993019825247,False
310,task_0311,2_031,9,133,task_0134,1_034,37.274284621144965,False
310,task_0311,2_031,10,131,task_0132,1_033,36.36018567516686,False
311,task_0312,2_031,1,309,task_0310,2_031,176.1974284785041,True
311,task_0312,2_031,2,308,task_0309,2_031,124.58859618255326,True
311,task_0312,2_031,3,310,task_0311,2_031,105.22450074140296,True
311,task_0312,2_031,4,135,task_0136,1_034,51.90956518767325,False
311,task_0312,2_031,5,129,task_0130,1_033,41.50815137611854,False
311,task_0312,2_031,6,133,task_0134,1_034,40.544094951901734,False
311,task_0312,2_031,7,131,task_0132,1_033,33.44938946994679,False
311,task_0312,2_031,8,340,task_0341,2_039,26.457228546102648,False
311,task_0312,2_031,9,78,task_0079,1_020,22.66648206222064,False
311,task_0312,2_031,10,341,task_0342,2_039,21.92812522477028,False
312,task_0313,2_032,1,314,task_0315,2_032,88.17914496570559,True
312,task_0313,2_032,2,313,task_0314,2_032,69.375339840356,True
312,task_0313,2_032,3,293,task_0294,2_027,67.85145375723914,False
312,task_0313,2_032,4,315,task_0316,2_032,63.91408010757342,True
312,task_0313,2_032,5,294,task_0295,2_027,63.760537655193716,False
312,task_0313,2_032,6,292,task_0293,2_027,61.77508584306243,False
312,task_0313,2_032,7,282,task_0283,2_024,53.43504587364268,False
312,task_0313,2_032,8,295,task_0296,2_027,49.41042522726257,False
312,task_0313,2_032,9,335,task_0336,2_037,45.78709051397989,False
312,task_0313,2_032,10,258,task_0259,2_018,44.073732784164015,False
313,task_0314,2_032,1,312,task_0313,2_032,65.99915450995864,True
313,task_0314,2_032,2,314,task_0315,2_032,62.5627208678699,True
313,task_0314,2_032,3,315,task_0316,2_032,52.25650555251921,True
313,task_0314,2_032,4,293,task_0294,2_027,49.88873462850584,False
313,task_0314,2_032,5,294,task_0295,2_027,48.925234929608045,False
313,task_0314,2_032,6,292,task_0293,2_027,47.48452155835194,False
313,task_0314,2_032,7,295,task_0296,2_027,45.58314394166815,False
313,task_0314,2_032,8,258,task_0259,2_018,39.10101842045132,False
313,task_0314,2_032,9,256,task_0257,2_018,37.20094542448916,False
313,task_0314,2_032,10,206,task_0207,2_005,36.392129548037374,False
314,task_0315,2_032,1,312,task_0313,2_032,92.30108904654448,True
314,task_0315,2_032,2,293,task_0294,2_027,70.33544755875084,False
314,task_0315,2_032,3,315,task_0316,2_032,68.89533652869275,True
314,task_0315,2_032,4,292,task_0293,2_027,68.64445105078256,False
314,task_0315,2_032,5,313,task_0314,2_032,66.97857948850057,True
314,task_0315,2_032,6,294,task_0295,2_027,58.634129087927285,False
314,task_0315,2_032,7,326,task_0327,2_035,54.77724508689468,False
314,task_0315,2_032,8,339,task_0340,2_038,53.47743516585309,False
314,task_0315,2_032,9,280,task_0281,2_024,53.159433376241,False
314,task_0315,2_032,10,258,task_0259,2_018,52.200240168599656,False
315,task_0316,2_032,1,314,task_0315,2_032,52.62114093553376,True
315,task_0316,2_032,2,312,task_0313,2_032,49.406358167378144,True
315,task_0316,2_032,3,313,task_0314,2_032,42.785255904405474,True
315,task_0316,2_032,4,292,task_0293,2_027,39.13361044266448,False
315,task_0316,2_032,5,294,task_0295,2_027,36.26090257364883,False
315,task_0316,2_032,6,295,task_0296,2_027,34.286528561852464,False
315,task_0316,2_032,7,293,task_0294,2_027,33.60992571012886,False
315,task_0316,2_032,8,258,task_0259,2_018,30.537117703838053,False
315,task_0316,2_032,9,225,task_0226,2_010,29.047854447775975,False
315,task_0316,2_032,10,256,task_0257,2_018,28.90595002164569,False
316,task_0317,2_033,1,318,task_0319,2_033,160.9909958040402,True
316,task_0317,2_033,2,317,task_0318,2_033,128.47243346032877,True
316,task_0317,2_033,3,319,task_0320,2_033,121.99224551193632,True
316,task_0317,2_033,4,305,task_0306,2_030,56.31581320318355,False
316,task_0317,2_033,5,304,task_0305,2_030,47.325931105281484,False
316,task_0317,2_033,6,307,task_0308,2_030,47.15455860149993,False
316,task_0317,2_033,7,306,task_0307,2_030,40.71221585636146,False
316,task_0317,2_033,8,260,task_0261,2_019,33.827426557223035,False
316,task_0317,2_033,9,263,task_0264,2_019,29.98092394882672,False
316,task_0317,2_033,10,195,task_0196,2_002,29.832831344213215,False
317,task_0318,2_033,1,319,task_0320,2_033,143.64342395771575,True
317,task_0318,2_033,2,316,task_0317,2_033,135.4472759249402,True
317,task_0318,2_033,3,318,task_0319,2_033,134.86383042421934,True
317,task_0318,2_033,4,305,task_0306,2_030,49.22788945356215,False
317,task_0318,2_033,5,304,task_0305,2_030,43.05179692564205,False
317,task_0318,2_033,6,307,task_0308,2_030,38.81148143403742,False
317,task_0318,2_033,7,306,task_0307,2_030,34.68935475437632,False
317,task_0318,2_033,8,79,task_0080,1_020,32.10294938846405,False
317,task_0318,2_033,9,298,task_0299,2_028,30.735424182789565,False
317,task_0318,2_033,10,331,task_0332,2_036,29.93168783152474,False
318,task_0319,2_033,1,316,task_0317,2_033,153.68941501791556,True
318,task_0319,2_033,2,317,task_0318,2_033,122.85372491440582,True
318,task_0319,2_033,3,319,task_0320,2_033,122.51322398104884,True
318,task_0319,2_033,4,305,task_0306,2_030,53.86458690384694,False
318,task_0319,2_033,5,307,task_0308,2_030,48.056959929400556,False
318,task_0319,2_033,6,304,task_0305,2_030,41.75339397614428,False
318,task_0319,2_033,7,306,task_0307,2_030,35.62013460067672,False
318,task_0319,2_033,8,263,task_0264,2_019,33.89736954240716,False
318,task_0319,2_033,9,261,task_0262,2_019,31.60849118558892,False
318,task_0319,2_033,10,260,task_0261,2_019,28.29101700562716,False
319,task_0320,2_033,1,317,task_0318,2_033,131.06310931279273,True
319,task_0320,2_033,2,318,task_0319,2_033,120.80614103206435,True
319,task_0320,2_033,3,316,task_0317,2_033,115.66879827784021,True
319,task_0320,2_033,4,305,task_0306,2_030,49.22788945356215,False
319,task_0320,2_033,5,304,task_0305,2_030,39.75999989938225,False
319,task_0320,2_033,6,307,task_0308,2_030,38.653970598550856,False
319,task_0320,2_033,7,263,task_0264,2_019,37.3581748123242,False
319,task_0320,2_033,8,306,task_0307,2_030,31.115395853312254,False
319,task_0320,2_033,9,261,task_0262,2_019,30.400739647571463,False
319,task_0320,2_033,10,331,task_0332,2_036,30.003568546624525,False
320,task_0321,2_034,1,322,task_0323,2_034,219.93172375811417,True
320,task_0321,2_034,2,323,task_0324,2_034,166.77468300410655,True
320,task_0321,2_034,3,321,task_0322,2_034,164.25069416912595,True
320,task_0321,2_034,4,284,task_0285,2_025,73.23860639885392,False
320,task_0321,2_034,5,286,task_0287,2_025,67.55251076040372,False
320,task_0321,2_034,6,189,task_0190,2_001,60.564574575609775,False
320,task_0321,2_034,7,191,task_0192,2_001,60.34315168211907,False
320,task_0321,2_034,8,212,task_0213,2_007,56.329445829467936,False
320,task_0321,2_034,9,190,task_0191,2_001,50.96679175252401,False
320,task_0321,2_034,10,208,task_0209,2_006,50.7529603446015,False
321,task_0322,2_034,1,323,task_0324,2_034,237.9973420667237,True
321,task_0322,2_034,2,320,task_0321,2_034,169.48884451295325,True
321,task_0322,2_034,3,322,task_0323,2_034,145.08604793842005,True
321,task_0322,2_034,4,212,task_0213,2_007,74.4574649367393,False
321,task_0322,2_034,5,214,task_0215,2_007,72.47763574845476,False
321,task_0322,2_034,6,285,task_0286,2_025,55.34152915750252,False
321,task_0322,2_034,7,280,task_0281,2_024,49.576268991678035,False
321,task_0322,2_034,8,287,task_0288,2_025,47.88678590453621,False
321,task_0322,2_034,9,281,task_0282,2_024,47.59869086798736,False
321,task_0322,2_034,10,288,task_0289,2_026,47.47736557687694,False
322,task_0323,2_034,1,320,task_0321,2_034,190.53795172811903,True
322,task_0323,2_034,2,321,task_0322,2_034,120.55656042770555,True
322,task_0323,2_034,3,323,task_0324,2_034,117.38822526330395,True
322,task_0323,2_034,4,284,task_0285,2_025,48.78751207335733,False
322,task_0323,2_034,5,340,task_0341,2_039,40.43623316119718,False
322,task_0323,2_034,6,336,task_0337,2_038,37.379686244647345,False
322,task_0323,2_034,7,189,task_0190,2_001,36.32458546825147,False
322,task_0323,2_034,8,286,task_0287,2_025,35.21178962305462,False
322,task_0323,2_034,9,342,task_0343,2_039,33.961495461921736,False
322,task_0323,2_034,10,191,task_0192,2_001,33.50808180540761,False
323,task_0324,2_034,1,321,task_0322,2_034,229.64103423392498,True
323,task_0324,2_034,2,320,task_0321,2_034,165.77491300281943,True
323,task_0324,2_034,3,322,task_0323,2_034,137.61632310892526,True
323,task_0324,2_034,4,214,task_0215,2_007,68.14811167822768,False
323,task_0324,2_034,5,212,task_0213,2_007,66.28711421004667,False
323,task_0324,2_034,6,285,task_0286,2_025,58.04375572340044,False
323,task_0324,2_034,7,287,task_0288,2_025,55.063988493926324,False
323,task_0324,2_034,8,286,task_0287,2_025,53.0555096693791,False
323,task_0324,2_034,9,283,task_0284,2_024,49.999353588760286,False
323,task_0324,2_034,10,280,task_0281,2_024,48.59579188513686,False
324,task_0325,2_035,1,326,task_0327,2_035,154.5924047886999,True
324,task_0325,2_035,2,335,task_0336,2_037,76.79666689074598,False
324,task_0325,2_035,3,337,task_0338,2_038,74.62529537087154,False
324,task_0325,2_035,4,327,task_0328,2_035,72.06464711762884,True
324,task_0325,2_035,5,339,task_0340,2_038,65.49072827193812,False
324,task_0325,2_035,6,220,task_0221,2_009,64.06695872441094,False
324,task_0325,2_035,7,221,task_0222,2_009,59.98121875158352,False
324,task_0325,2_035,8,258,task_0259,2_018,58.79891489178822,False
324,task_0325,2_035,9,300,task_0301,2_029,56.97115025283059,False
324,task_0325,2_035,10,222,task_0223,2_009,56.10372417354887,False
325,task_0326,2_035,1,327,task_0328,2_035,44.66891150314016,True
325,task_0326,2_035,2,324,task_0325,2_035,39.387507844828434,True
325,task_0326,2_035,3,326,task_0327,2_035,36.975377974950746,True
325,task_0326,2_035,4,221,task_0222,2_009,27.467458540187163,False
325,task_0326,2_035,5,337,task_0338,2_038,27.267794515489186,False
325,task_0326,2_035,6,275,task_0276,2_022,26.247849392896498,False
325,task_0326,2_035,7,335,task_0336,2_037,26.150319447672842,False
325,task_0326,2_035,8,312,task_0313,2_032,25.556879182594795,False
325,task_0326,2_035,9,293,task_0294,2_027,25.26373055801464,False
325,task_0326,2_035,10,339,task_0340,2_038,22.881380085306255,False
326,task_0327,2_035,1,324,task_0325,2_035,151.28128898548223,True
326,task_0327,2_035,2,339,task_0340,2_038,73.04895307961029,False
326,task_0327,2_035,3,335,task_0336,2_037,71.91181192568965,False
326,task_0327,2_035,4,327,task_0328,2_035,66.70521217115594,True
326,task_0327,2_035,5,221,task_0222,2_009,66.51504139741661,False
326,task_0327,2_035,6,341,task_0342,2_039,62.47991706219198,False
326,task_0327,2_035,7,337,task_0338,2_038,61.134082872446626,False
326,task_0327,2_035,8,314,task_0315,2_032,60.28329667674791,False
326,task_0327,2_035,9,220,task_0221,2_009,55.15217537975297,False
326,task_0327,2_035,10,297,task_0298,2_028,53.235597463954065,False
327,task_0328,2_035,1,324,task_0325,2_035,56.26867195503746,True
327,task_0328,2_035,2,326,task_0327,2_035,53.978626635048165,True
327,task_0328,2_035,3,325,task_0326,2_035,48.302594663618095,True
327,task_0328,2_035,4,339,task_0340,2_038,44.54854801896915,False
327,task_0328,2_035,5,337,task_0338,2_038,43.55928545844444,False
327,task_0328,2_035,6,341,task_0342,2_039,40.7670185805151,False
327,task_0328,2_035,7,314,task_0315,2_032,38.854833307889436,False
327,task_0328,2_035,8,335,task_0336,2_037,36.70232171500913,False
327,task_0328,2_035,9,221,task_0222,2_009,34.601626509853,False
327,task_0328,2_035,10,303,task_0304,2_029,32.810289551232025,False
328,task_0329,2_036,1,330,task_0331,2_036,132.4671251519297,True
328,task_0329,2_036,2,331,task_0332,2_036,117.23039734693646,True
328,task_0329,2_036,3,329,task_0330,2_036,117.11763365294063,True
328,task_0329,2_036,4,211,task_0212,2_006,57.13635725730917,False
328,task_0329,2_036,5,208,task_0209,2_006,45.401880178349025,False
328,task_0329,2_036,6,299,task_0300,2_028,38.599129997447825,False
328,task_0329,2_036,7,262,task_0263,2_019,35.56487381316652,False
328,task_0329,2_036,8,193,task_0194,2_002,34.79366746693116,False
328,task_0329,2_036,9,320,task_0321,2_034,34.40097177867863,False
328,task_0329,2_036,10,285,task_0286,2_025,33.18663228372556,False
329,task_0330,2_036,1,331,task_0332,2_036,144.0453644066182,True
329,task_0330,2_036,2,330,task_0331,2_036,129.093554545717,True
329,task_0330,2_036,3,328,task_0329,2_036,112.01175341018117,True
329,task_0330,2_036,4,211,task_0212,2_006,78.76605844064954,False
329,task_0330,2_036,5,262,task_0263,2_019,40.980745137759044,False
329,task_0330,2_036,6,299,task_0300,2_028,39.52106270229022,False
329,task_0330,2_036,7,208,task_0209,2_006,36.0040620462172,False
329,task_0330,2_036,8,252,task_0253,2_017,35.85925838393814,False
329,task_0330,2_036,9,192,task_0193,2_002,35.729072999139426,False
329,task_0330,2_036,10,194,task_0195,2_002,33.781142114679575,False
330,task_0331,2_036,1,331,task_0332,2_036,135.06175251143517,True
330,task_0331,2_036,2,329,task_0330,2_036,133.07965650462447,True
330,task_0331,2_036,3,328,task_0329,2_036,130.72245852508573,True
330,task_0331,2_036,4,211,task_0212,2_006,56.62010983268481,False
330,task_0331,2_036,5,208,task_0209,2_006,42.63088200463249,False
330,task_0331,2_036,6,262,task_0263,2_019,41.31325333042601,False
330,task_0331,2_036,7,299,task_0300,2_028,40.727837566547905,False
330,task_0331,2_036,8,192,task_0193,2_002,38.05602986864565,False
330,task_0331,2_036,9,320,task_0321,2_034,38.046286482313164,False
330,task_0331,2_036,10,193,task_0194,2_002,37.57894779063415,False
331,task_0332,2_036,1,329,task_0330,2_036,145.8174043674991,True
331,task_0332,2_036,2,330,task_0331,2_036,132.6146728845497,True
331,task_0332,2_036,3,328,task_0329,2_036,113.48726580477165,True
331,task_0332,2_036,4,211,task_0212,2_006,73.56328796031603,False
331,task_0332,2_036,5,208,task_0209,2_006,36.46282149599403,False
331,task_0332,2_036,6,299,task_0300,2_028,34.76901168408943,False
331,task_0332,2_036,7,262,task_0263,2_019,33.21131387035014,False
331,task_0332,2_036,8,247,task_0248,2_015,32.666379279945005,False
331,task_0332,2_036,9,261,task_0262,2_019,30.001867943549676,False
331,task_0332,2_036,10,192,task_0193,2_002,29.79472521162929,False
332,task_0333,2_037,1,334,task_0335,2_037,149.12596809036543,True
332,task_0333,2_037,2,333,task_0334,2_037,123.59858503010017,True
332,task_0333,2_037,3,73,task_0074,1_019,46.745750695868,False
332,task_0333,2_037,4,229,task_0230,2_011,45.161329100831104,False
332,task_0333,2_037,5,304,task_0305,2_030,42.49417986879825,False
332,task_0333,2_037,6,231,task_0232,2_011,42.325358827271806,False
332,task_0333,2_037,7,306,task_0307,2_030,41.84987083186338,False
332,task_0333,2_037,8,288,task_0289,2_026,33.86853805000759,False
332,task_0333,2_037,9,208,task_0209,2_006,33.53581399489789,False
332,task_0333,2_037,10,307,task_0308,2_030,33.193379900427686,False
333,task_0334,2_037,1,332,task_0333,2_037,116.97588429004439,True
333,task_0334,2_037,2,334,task_0335,2_037,115.95020407807544,True
333,task_0334,2_037,3,231,task_0232,2_011,52.01232418787225,False
333,task_0334,2_037,4,73,task_0074,1_019,41.16723872201357,False
333,task_0334,2_037,5,208,task_0209,2_006,34.05939629812516,False
333,task_0334,2_037,6,291,task_0292,2_026,32.31920834011161,False
333,task_0334,2_037,7,304,task_0305,2_030,32.073075602429384,False
333,task_0334,2_037,8,69,task_0070,1_018,31.914386121803982,False
333,task_0334,2_037,9,107,task_0108,1_027,31.137149398061766,False
333,task_0334,2_037,10,230,task_0231,2_011,30.681437731320162,False
334,task_0335,2_037,1,332,task_0333,2_037,168.09323556243308,True
334,task_0335,2_037,2,333,task_0334,2_037,144.5862278978645,True
334,task_0335,2_037,3,229,task_0230,2_011,60.22824596800987,False
334,task_0335,2_037,4,231,task_0232,2_011,54.85799184753773,False
334,task_0335,2_037,5,73,task_0074,1_019,51.7378657710467,False
334,task_0335,2_037,6,304,task_0305,2_030,50.555915046776676,False
334,task_0335,2_037,7,306,task_0307,2_030,47.97687765173852,False
334,task_0335,2_037,8,69,task_0070,1_018,43.424050886509164,False
334,task_0335,2_037,9,208,task_0209,2_006,42.68160829117246,False
334,task_0335,2_037,10,307,task_0308,2_030,39.4266020316657,False
335,task_0336,2_037,1,339,task_0340,2_038,152.49224809329928,False
335,task_0336,2_037,2,337,task_0338,2_038,143.43336580610952,False
335,task_0336,2_037,3,341,task_0342,2_039,129.1377990775141,False
335,task_0336,2_037,4,221,task_0222,2_009,88.42982405382378,False
335,task_0336,2_037,5,220,task_0221,2_009,85.59105875656434,False
335,task_0336,2_037,6,222,task_0223,2_009,84.71518488413157,False
335,task_0336,2_037,7,223,task_0224,2_009,75.1439750904131,False
335,task_0336,2_037,8,324,task_0325,2_035,71.57652766894617,False
335,task_0336,2_037,9,326,task_0327,2_035,66.99516543138665,False
335,task_0336,2_037,10,312,task_0313,2_032,51.23286168124224,False
336,task_0337,2_038,1,340,task_0341,2_039,168.35473912229344,False
336,task_0337,2_038,2,342,task_0343,2_039,148.86069874696364,False
336,task_0337,2_038,3,338,task_0339,2_038,120.49618301331171,True
336,task_0337,2_038,4,78,task_0079,1_020,72.72771395961105,False
336,task_0337,2_038,5,82,task_0083,1_021,69.46849536499408,False
336,task_0337,2_038,6,129,task_0130,1_033,63.14718917749117,False
336,task_0337,2_038,7,133,task_0134,1_034,57.38016092173359,False
336,task_0337,2_038,8,76,task_0077,1_020,47.42930864769152,False
336,task_0337,2_038,9,93,task_0094,1_024,46.39213934723704,False
336,task_0337,2_038,10,309,task_0310,2_031,36.323074378797784,False
337,task_0338,2_038,1,341,task_0342,2_039,136.23637941150173,False
337,task_0338,2_038,2,335,task_0336,2_037,136.08989946411478,False
337,task_0338,2_038,3,339,task_0340,2_038,123.41695471295836,True
337,task_0338,2_038,4,220,task_0221,2_009,91.59488776418283,False
337,task_0338,2_038,5,222,task_0223,2_009,85.42900755245614,False
337,task_0338,2_038,6,221,task_0222,2_009,81.34113649326603,False
337,task_0338,2_038,7,223,task_0224,2_009,71.98466190914199,False
337,task_0338,2_038,8,324,task_0325,2_035,65.6555685457777,False
337,task_0338,2_038,9,326,task_0327,2_035,54.732537182053406,False
337,task_0338,2_038,10,327,task_0328,2_035,52.53516944470697,False
338,task_0339,2_038,1,342,task_0343,2_039,105.36250811845225,False
338,task_0339,2_038,2,336,task_0337,2_038,102.80159238761328,True
338,task_0339,2_038,3,340,task_0341,2_039,92.41234317099529,False
338,task_0339,2_038,4,93,task_0094,1_024,36.98307865437059,False
338,task_0339,2_038,5,76,task_0077,1_020,36.131148763242074,False
338,task_0339,2_038,6,78,task_0079,1_020,35.02618511873832,False
338,task_0339,2_038,7,80,task_0081,1_021,33.29228644656056,False
338,task_0339,2_038,8,82,task_0083,1_021,32.74436411305421,False
338,task_0339,2_038,9,133,task_0134,1_034,28.024427852332394,False
338,task_0339,2_038,10,139,task_0140,1_035,27.111947849053816,False
339,task_0340,2_038,1,335,task_0336,2_037,149.0332927043756,False
339,task_0340,2_038,2,341,task_0342,2_039,144.94145874411808,False
339,task_0340,2_038,3,337,task_0338,2_038,128.62687007773326,True
339,task_0340,2_038,4,222,task_0223,2_009,84.68650891582179,False
339,task_0340,2_038,5,221,task_0222,2_009,82.63774868524638,False
339,task_0340,2_038,6,220,task_0221,2_009,82.09226688745383,False
339,task_0340,2_038,7,223,task_0224,2_009,71.98466190914199,False
339,task_0340,2_038,8,326,task_0327,2_035,66.81989673303822,False
339,task_0340,2_038,9,324,task_0325,2_035,59.996333197586786,False
339,task_0340,2_038,10,327,task_0328,2_035,53.31536786332009,False
340,task_0341,2_039,1,336,task_0337,2_038,175.56128615745536,False
340,task_0341,2_039,2,342,task_0343,2_039,145.9182796491018,True
340,task_0341,2_039,3,338,task_0339,2_038,116.22440936728486,False
340,task_0341,2_039,4,129,task_0130,1_033,75.7078472493658,False
340,task_0341,2_039,5,82,task_0083,1_021,71.06178999220047,False
340,task_0341,2_039,6,78,task_0079,1_020,68.60828072317135,False
340,task_0341,2_039,7,133,task_0134,1_034,68.4761729916705,False
340,task_0341,2_039,8,135,task_0136,1_034,47.135391760383804,False
340,task_0341,2_039,9,310,task_0311,2_031,45.69878159764737,False
340,task_0341,2_039,10,309,task_0310,2_031,45.147309793577676,False
341,task_0342,2_039,1,339,task_0340,2_038,144.36702717009086,False
341,task_0342,2_039,2,337,task_0338,2_038,138.3207556601488,False
341,task_0342,2_039,3,335,task_0336,2_037,126.37720571190309,False
341,task_0342,2_039,4,220,task_0221,2_009,86.01151778666875,False
341,task_0342,2_039,5,221,task_0222,2_009,77.78103262819194,False
341,task_0342,2_039,6,222,task_0223,2_009,77.19643427445126,False
341,task_0342,2_039,7,223,task_0224,2_009,68.47355767989669,False
341,task_0342,2_039,8,326,task_0327,2_035,56.21989681638716,False
341,task_0342,2_039,9,324,task_0325,2_035,51.17574884426374,False
341,task_0342,2_039,10,327,task_0328,2_035,47.51714158260276,False
342,task_0343,2_039,1,336,task_0337,2_038,148.73672196265252,False
342,task_0343,2_039,2,340,task_0341,2_039,139.7994879696476,True
342,task_0343,2_039,3,338,task_0339,2_038,124.73927913982673,False
342,task_0343,2_039,4,78,task_0079,1_020,56.46346761759901,False
342,task_0343,2_039,5,82,task_0083,1_021,54.838851463371874,False
342,task_0343,2_039,6,129,task_0130,1_033,47.785509458797236,False
342,task_0343,2_039,7,133,task_0134,1_034,44.95787528362435,False
342,task_0343,2_039,8,93,task_0094,1_024,42.75219730675868,False
342,task_0343,2_039,9,76,task_0077,1_020,37.2121821606428,False
342,task_0343,2_039,10,155,task_0156,1_039,33.673153670250336,False
343,task_0344,2_039,1,345,task_0346,2_040,64.06648516577823,False
343,task_0344,2_039,2,346,task_0347,2_040,36.26531506545365,False
343,task_0344,2_039,3,344,task_0345,2_040,28.368859827060085,False
343,task_0344,2_039,4,245,task_0246,2_015,19.189893227586822,False
343,task_0344,2_039,5,130,task_0131,1_033,18.316574582986892,False
343,task_0344,2_039,6,268,task_0269,2_021,16.711246415366976,False
343,task_0344,2_039,7,238,task_0239,2_013,16.616096579076448,False
343,task_0344,2_039,8,184,task_0185,1_047,16.456040175991127,False
343,task_0344,2_039,9,236,task_0237,2_013,15.011582236511657,False
343,task_0344,2_039,10,249,task_0250,2_016,14.992006947087509,False
344,task_0345,2_040,1,345,task_0346,2_040,121.1904044824789,True
344,task_0345,2_040,2,346,task_0347,2_040,108.30706676044274,True
344,task_0345,2_040,3,343,task_0344,2_039,38.120769504907344,False
344,task_0345,2_040,4,360,task_0361,3_004,30.91611378319045,False
344,task_0345,2_040,5,226,task_0227,2_010,27.560913445044296,False
344,task_0345,2_040,6,339,task_0340,2_038,26.416314040744616,False
344,task_0345,2_040,7,448,task_0449,3_026,26.10035874207772,False
344,task_0345,2_040,8,279,task_0280,2_023,25.518829761520724,False
344,task_0345,2_040,9,157,task_0158,1_040,25.278988594489412,False
344,task_0345,2_040,10,277,task_0278,2_023,25.25200186977177,False
345,task_0346,2_040,1,344,task_0345,2_040,127.43428859695985,True
345,task_0346,2_040,2,346,task_0347,2_040,88.0824102339758,True
345,task_0346,2_040,3,343,task_0344,2_039,84.97789125985763,False
345,task_0346,2_040,4,448,task_0449,3_026,33.80824794058199,False
345,task_0346,2_040,5,258,task_0259,2_018,31.243456602135762,False
345,task_0346,2_040,6,130,task_0131,1_033,30.433633854852317,False
345,task_0346,2_040,7,184,task_0185,1_047,28.98732331927076,False
345,task_0346,2_040,8,268,task_0269,2_021,28.063756309937894,False
345,task_0346,2_040,9,158,task_0159,1_040,27.855558002781184,False
345,task_0346,2_040,10,357,task_0358,3_003,26.74450979174741,False
346,task_0347,2_040,1,344,task_0345,2_040,85.522459095311,True
346,task_0347,2_040,2,345,task_0346,2_040,68.41333511247109,True
346,task_0347,2_040,3,343,task_0344,2_039,38.27745263424148,False
346,task_0347,2_040,4,159,task_0160,1_040,24.348791747730296,False
346,task_0347,2_040,5,236,task_0237,2_013,20.869068687190136,False
346,task_0347,2_040,6,279,task_0280,2_023,18.805396837279584,False
346,task_0347,2_040,7,277,task_0278,2_023,18.615442598768148,False
346,task_0347,2_040,8,506,task_0507,3_040,18.568963772601077,False
346,task_0347,2_040,9,303,task_0304,2_029,18.378860910044317,False
346,task_0347,2_040,10,301,task_0302,2_029,18.07498719481868,False
347,task_0348,3_001,1,349,task_0350,3_001,139.89549617638244,True
347,task_0348,3_001,2,348,task_0349,3_001,104.11259249046319,True
347,task_0348,3_001,3,350,task_0351,3_001,92.58849273590354,True
347,task_0348,3_001,4,373,task_0374,3_007,58.87782800037244,False
347,task_0348,3_001,5,371,task_0372,3_007,58.09387857366822,False
347,task_0348,3_001,6,485,task_0486,3_035,57.99093142720637,False
347,task_0348,3_001,7,473,task_0474,3_032,57.48522478458637,False
347,task_0348,3_001,8,462,task_0463,3_029,55.49407722991514,False
347,task_0348,3_001,9,458,task_0459,3_028,54.272171789190125,False
347,task_0348,3_001,10,483,task_0484,3_035,54.12931566559779,False
348,task_0349,3_001,1,349,task_0350,3_001,104.98286649330191,True
348,task_0349,3_001,2,347,task_0348,3_001,98.61053130806297,True
348,task_0349,3_001,3,350,task_0351,3_001,81.11076622294378,True
348,task_0349,3_001,4,485,task_0486,3_035,55.73640746077731,False
348,task_0349,3_001,5,486,task_0487,3_035,55.47932548985969,False
348,task_0349,3_001,6,483,task_0484,3_035,53.320067716568715,False
348,task_0349,3_001,7,484,task_0485,3_035,50.31955067662469,False
348,task_0349,3_001,8,415,task_0416,3_018,49.965549762083135,False
348,task_0349,3_001,9,458,task_0459,3_028,49.79740532453041,False
348,task_0349,3_001,10,411,task_0412,3_017,48.51575906017763,False
349,task_0350,3_001,1,347,task_0348,3_001,136.0109746477566,True
349,task_0350,3_001,2,348,task_0349,3_001,106.40319662395956,True
349,task_0350,3_001,3,350,task_0351,3_001,96.93002461523054,True
349,task_0350,3_001,4,485,task_0486,3_035,59.279317756633255,False
349,task_0350,3_001,5,486,task_0487,3_035,58.825503085398324,False
349,task_0350,3_001,6,462,task_0463,3_029,55.49407722991514,False
349,task_0350,3_001,7,458,task_0459,3_028,54.272171789190125,False
349,task_0350,3_001,8,373,task_0374,3_007,52.92484376327769,False
349,task_0350,3_001,9,371,task_0372,3_007,52.11502782823705,False
349,task_0350,3_001,10,460,task_0461,3_029,51.6445707114807,False
350,task_0351,3_001,1,349,task_0350,3_001,87.26430230852671,True
350,task_0351,3_001,2,347,task_0348,3_001,80.73055585221437,True
350,task_0351,3_001,3,348,task_0349,3_001,70.64424183629875,True
350,task_0351,3_001,4,458,task_0459,3_028,46.34065768335267,False
350,task_0351,3_001,5,456,task_0457,3_028,44.38678798582601,False
350,task_0351,3_001,6,462,task_0463,3_029,42.67415748250433,False
350,task_0351,3_001,7,485,task_0486,3_035,38.10289100386234,False
350,task_0351,3_001,8,460,task_0461,3_029,37.510409318215515,False
350,task_0351,3_001,9,483,task_0484,3_035,34.82542881658563,False
350,task_0351,3_001,10,486,task_0487,3_035,34.47381141967828,False
351,task_0352,3_002,1,353,task_0354,3_002,157.7744324926376,True
351,task_0352,3_002,2,352,task_0353,3_002,136.85518940704748,True
351,task_0352,3_002,3,354,task_0355,3_002,122.93692586624881,True
351,task_0352,3_002,4,441,task_0442,3_024,45.6174715205875,False
351,task_0352,3_002,5,348,task_0349,3_001,45.06718654766292,False
351,task_0352,3_002,6,522,task_0523,3_044,44.68806865659952,False
351,task_0352,3_002,7,347,task_0348,3_001,44.17460434026303,False
351,task_0352,3_002,8,431,task_0432,3_022,43.626141665288145,False
351,task_0352,3_002,9,483,task_0484,3_035,43.32786176141459,False
351,task_0352,3_002,10,526,task_0527,3_045,43.01752603705722,False
352,task_0353,3_002,1,354,task_0355,3_002,160.99863891914808,True
352,task_0353,3_002,2,351,task_0352,3_002,143.6014367452479,True
352,task_0353,3_002,3,353,task_0354,3_002,133.91179489350716,True
352,task_0353,3_002,4,526,task_0527,3_045,55.308828632223346,False
352,task_0353,3_002,5,522,task_0523,3_044,48.598103503448236,False
352,task_0353,3_002,6,469,task_0470,3_031,48.4042222698717,False
352,task_0353,3_002,7,347,task_0348,3_001,48.3651020818229,False
352,task_0353,3_002,8,473,task_0474,3_032,48.18470950335004,False
352,task_0353,3_002,9,437,task_0438,3_023,46.29085793070637,False
352,task_0353,3_002,10,349,task_0350,3_001,46.12374559565346,False
353,task_0354,3_002,1,351,task_0352,3_002,158.24990266914813,True
353,task_0354,3_002,2,354,task_0355,3_002,133.15891417658418,True
353,task_0354,3_002,3,352,task_0353,3_002,128.2831266972345,True
353,task_0354,3_002,4,348,task_0349,3_001,43.44223247643543,False
353,task_0354,3_002,5,347,task_0348,3_001,42.67284519477791,False
353,task_0354,3_002,6,483,task_0484,3_035,42.2264348807372,False
353,task_0354,3_002,7,522,task_0523,3_044,41.087175134934846,False
353,task_0354,3_002,8,526,task_0527,3_045,41.087175134934846,False
353,task_0354,3_002,9,349,task_0350,3_001,40.356764107672376,False
353,task_0354,3_002,10,473,task_0474,3_032,40.13290099343942,False
354,task_0355,3_002,1,352,task_0353,3_002,156.45504340362325,True
354,task_0355,3_002,2,353,task_0354,3_002,133.56187845206765,True
354,task_0355,3_002,3,351,task_0352,3_002,125.39784090627269,True
354,task_0355,3_002,4,526,task_0527,3_045,46.91030259919886,False
354,task_0355,3_002,5,522,task_0523,3_044,42.434259646612254,False
354,task_0355,3_002,6,347,task_0348,3_001,42.23407827185869,False
354,task_0355,3_002,7,437,task_0438,3_023,41.27662789675701,False
354,task_0355,3_002,8,473,task_0474,3_032,41.23160338667899,False
354,task_0355,3_002,9,464,task_0465,3_030,41.17572955331972,False
354,task_0355,3_002,10,349,task_0350,3_001,39.886499590558216,False
355,task_0356,3_003,1,357,task_0358,3_003,94.59881498985396,True
355,task_0356,3_003,2,432,task_0433,3_022,39.67498839756348,False
355,task_0356,3_003,3,436,task_0437,3_023,34.53724151712073,False
355,task_0356,3_003,4,457,task_0458,3_028,34.11228304662095,False
355,task_0356,3_003,5,455,task_0456,3_028,32.070679101855546,False
355,task_0356,3_003,6,459,task_0460,3_029,31.213926115181984,False
355,task_0356,3_003,7,477,task_0478,3_033,31.09388912737615,False
355,task_0356,3_003,8,359,task_0360,3_004,29.709384461540047,False
355,task_0356,3_003,9,479,task_0480,3_034,28.614300600869107,False
355,task_0356,3_003,10,481,task_0482,3_034,28.531393241933635,False
356,task_0357,3_003,1,358,task_0359,3_003,44.785251378990296,True
356,task_0357,3_003,2,365,task_0366,3_005,21.096706096650777,False
356,task_0357,3_003,3,366,task_0367,3_005,20.754680367669003,False
356,task_0357,3_003,4,369,task_0370,3_006,20.14079757990961,False
356,task_0357,3_003,5,347,task_0348,3_001,18.600420885900384,False
356,task_0357,3_003,6,349,task_0350,3_001,17.973955617598882,False
356,task_0357,3_003,7,435,task_0436,3_023,17.777603614346944,False
356,task_0357,3_003,8,431,task_0432,3_022,17.749070627408027,False
356,task_0357,3_003,9,374,task_0375,3_007,17.708088704342366,False
356,task_0357,3_003,10,417,task_0418,3_018,17.36218615852692,False
357,task_0358,3_003,1,355,task_0356,3_003,105.50438865750274,True
357,task_0358,3_003,2,455,task_0456,3_028,33.639091001420034,False
357,task_0358,3_003,3,485,task_0486,3_035,32.73938803057205,False
357,task_0358,3_003,4,477,task_0478,3_033,32.098600199394824,False
357,task_0358,3_003,5,481,task_0482,3_034,31.573607049852342,False
357,task_0358,3_003,6,479,task_0480,3_034,30.996947377766382,False
357,task_0358,3_003,7,475,task_0476,3_033,30.68891240704066,False
357,task_0358,3_003,8,457,task_0458,3_028,30.351261500960984,False
357,task_0358,3_003,9,540,task_0541,3_049,29.336331292215647,False
357,task_0358,3_003,10,9,task_0010,1_003,29.038705718269803,False
358,task_0359,3_003,1,356,task_0357,3_003,44.92130922769781,True
358,task_0359,3_003,2,552,task_0553,3_052,31.630736342072364,False
358,task_0359,3_003,3,553,task_0554,3_052,31.62974349470552,False
358,task_0359,3_003,4,402,task_0403,3_014,29.963817399666244,False
358,task_0359,3_003,5,542,task_0543,3_049,26.833582120340143,False
358,task_0359,3_003,6,544,task_0545,3_050,25.916984224535568,False
358,task_0359,3_003,7,546,task_0547,3_050,25.377133022517285,False
358,task_0359,3_003,8,487,task_0488,1_048,24.400827699446687,False
358,task_0359,3_003,9,425,task_0426,3_020,24.04683661536664,False
358,task_0359,3_003,10,555,task_0556,3_052,23.700956773343822,False
359,task_0360,3_004,1,361,task_0362,3_004,133.31735907583388,True
359,task_0360,3_004,2,436,task_0437,3_023,96.66283778807068,False
359,task_0360,3_004,3,432,task_0433,3_022,92.67627816391173,False
359,task_0360,3_004,4,521,task_0522,3_044,36.165668367341006,False
359,task_0360,3_004,5,525,task_0526,3_045,33.77398595478027,False
359,task_0360,3_004,6,519,task_0520,3_043,31.45688964551144,False
359,task_0360,3_004,7,523,task_0524,3_044,29.860978183369134,False
359,task_0360,3_004,8,410,task_0411,3_016,28.901835707595893,False
359,task_0360,3_004,9,355,task_0356,3_003,27.440924493518114,False
359,task_0360,3_004,10,12,task_0013,1_004,24.991218093353417,False
360,task_0361,3_004,1,362,task_0363,3_004,113.87417481968386,True
360,task_0361,3_004,2,442,task_0443,3_024,77.44763506084598,False
360,task_0361,3_004,3,446,task_0447,3_025,72.64664278926843,False
360,task_0361,3_004,4,344,task_0345,2_040,29.36436120407313,False
360,task_0361,3_004,5,24,task_0025,1_007,26.61718094247167,False
360,task_0361,3_004,6,22,task_0023,1_006,25.9965005592861,False
360,task_0361,3_004,7,175,task_0176,1_044,24.475121638762406,False
360,task_0361,3_004,8,444,task_0445,3_025,24.13731253066792,False
360,task_0361,3_004,9,130,task_0131,1_033,23.933406985221993,False
360,task_0361,3_004,10,18,task_0019,1_005,23.081593825659482,False
361,task_0362,3_004,1,359,task_0360,3_004,130.1368535512529,True
361,task_0362,3_004,2,432,task_0433,3_022,77.99990840206203,False
361,task_0362,3_004,3,436,task_0437,3_023,76.0767335567518,False
361,task_0362,3_004,4,521,task_0522,3_044,33.95286062161608,False
361,task_0362,3_004,5,525,task_0526,3_045,33.77398595478027,False
361,task_0362,3_004,6,519,task_0520,3_043,31.45688964551144,False
361,task_0362,3_004,7,523,task_0524,3_044,29.860978183369134,False
361,task_0362,3_004,8,410,task_0411,3_016,24.168838864125195,False
361,task_0362,3_004,9,355,task_0356,3_003,21.564807946796787,False
361,task_0362,3_004,10,388,task_0389,3_011,20.765038941600135,False
362,task_0363,3_004,1,360,task_0361,3_004,114.91641804154483,True
362,task_0363,3_004,2,442,task_0443,3_024,77.08286675370073,False
362,task_0363,3_004,3,446,task_0447,3_025,72.27956086491538,False
362,task_0363,3_004,4,122,task_0123,1_031,37.656365492933965,False
362,task_0363,3_004,5,120,task_0121,1_031,35.15148628632301,False
362,task_0363,3_004,6,22,task_0023,1_006,31.855738678269425,False
362,task_0363,3_004,7,24,task_0025,1_007,31.64290713191322,False
362,task_0363,3_004,8,37,task_0038,1_010,28.325091228285586,False
362,task_0363,3_004,9,130,task_0131,1_033,27.527426081815022,False
362,task_0363,3_004,10,450,task_0451,3_026,27.31066299102917,False
363,task_0364,3_005,1,364,task_0365,3_005,92.97956695819457,True
363,task_0364,3_005,2,365,task_0366,3_005,78.61051380335891,True
363,task_0364,3_005,3,366,task_0367,3_005,77.12653464378252,True
363,task_0364,3_005,4,532,task_0533,3_047,40.074668147675645,False
363,task_0364,3_005,5,530,task_0531,3_046,39.85985248383818,False
363,task_0364,3_005,6,414,task_0415,3_017,39.60388611434779,False
363,task_0364,3_005,7,528,task_0529,3_046,38.95113601759127,False
363,task_0364,3_005,8,534,task_0535,3_047,38.82009452268683,False
363,task_0364,3_005,9,468,task_0469,3_031,33.38250719413635,False
363,task_0364,3_005,10,472,task_0473,3_032,29.971449710279806,False
364,task_0365,3_005,1,366,task_0367,3_005,174.97102597801174,True
364,task_0365,3_005,2,365,task_0366,3_005,166.7518479951843,True
364,task_0365,3_005,3,363,task_0364,3_005,119.04178177913384,True
364,task_0365,3_005,4,414,task_0415,3_017,52.290631496251144,False
364,task_0365,3_005,5,532,task_0533,3_047,50.609450703975135,False
364,task_0365,3_005,6,530,task_0531,3_046,50.338054115433664,False
364,task_0365,3_005,7,528,task_0529,3_046,49.20912766261619,False
364,task_0365,3_005,8,534,task_0535,3_047,49.024512169486435,False
364,task_0365,3_005,9,468,task_0469,3_031,43.24826192374031,False
364,task_0365,3_005,10,472,task_0473,3_032,40.116413317135226,False
365,task_0366,3_005,1,366,task_0367,3_005,201.9939090240301,True
365,task_0366,3_005,2,364,task_0365,3_005,163.05708059430526,True
365,task_0366,3_005,3,363,task_0364,3_005,93.40838826434174,True
365,task_0366,3_005,4,472,task_0473,3_032,69.98710153681596,False
365,task_0366,3_005,5,468,task_0469,3_031,58.96197556064657,False
365,task_0366,3_005,6,470,task_0471,3_031,47.97668863686256,False
365,task_0366,3_005,7,448,task_0449,3_026,44.16209133137497,False
365,task_0366,3_005,8,548,task_0549,3_051,41.80756521866123,False
365,task_0366,3_005,9,498,task_0499,3_038,41.525978410098816,False
365,task_0366,3_005,10,377,task_0378,3_008,40.425608452376125,False
366,task_0367,3_005,1,365,task_0366,3_005,207.32736085471038,True
366,task_0367,3_005,2,364,task_0365,3_005,175.22041438020733,True
366,task_0367,3_005,3,363,task_0364,3_005,93.40838826434174,True
366,task_0367,3_005,4,472,task_0473,3_032,56.558863891568535,False
366,task_0367,3_005,5,468,task_0469,3_031,54.810746534940336,False
366,task_0367,3_005,6,470,task_0471,3_031,44.19310668989698,False
366,task_0367,3_005,7,474,task_0475,3_032,40.853992158418095,False
366,task_0367,3_005,8,448,task_0449,3_026,39.70279691163657,False
366,task_0367,3_005,9,377,task_0378,3_008,38.21082461120437,False
366,task_0367,3_005,10,548,task_0549,3_051,38.044810923220226,False
367,task_0368,3_006,1,370,task_0371,3_006,73.20043533194308,True
367,task_0368,3_006,2,368,task_0369,3_006,62.74692462662319,True
367,task_0368,3_006,3,369,task_0370,3_006,51.70677732756797,True
367,task_0368,3_006,4,459,task_0460,3_029,46.18062031732771,False
367,task_0368,3_006,5,461,task_0462,3_029,38.6955003512332,False
367,task_0368,3_006,6,455,task_0456,3_028,38.257549399342366,False
367,task_0368,3_006,7,475,task_0476,3_033,37.9575702604552,False
367,task_0368,3_006,8,457,task_0458,3_028,36.14868189437322,False
367,task_0368,3_006,9,477,task_0478,3_033,30.083875063333586,False
367,task_0368,3_006,10,489,task_0490,3_036,29.496125519226837,False
368,task_0369,3_006,1,370,task_0371,3_006,121.78276779294347,True
368,task_0369,3_006,2,369,task_0370,3_006,113.50847595865407,True
368,task_0369,3_006,3,367,task_0368,3_006,81.7623303869707,True
368,task_0369,3_006,4,461,task_0462,3_029,63.58273977661821,False
368,task_0369,3_006,5,537,task_0538,3_048,63.45308316225652,False
368,task_0369,3_006,6,455,task_0456,3_028,62.915351722589236,False
368,task_0369,3_006,7,457,task_0458,3_028,62.656386361198166,False
368,task_0369,3_006,8,560,task_0561,3_054,57.55221701668199,False
368,task_0369,3_006,9,536,task_0537,3_048,56.38093484424579,False
368,task_0369,3_006,10,538,task_0539,3_048,50.156557077761036,False
369,task_0370,3_006,1,368,task_0369,3_006,128.40716059182364,True
369,task_0370,3_006,2,370,task_0371,3_006,101.29711135688845,True
369,task_0370,3_006,3,367,task_0368,3_006,69.98179821424492,True
369,task_0370,3_006,4,560,task_0561,3_054,66.21925584786528,False
369,task_0370,3_006,5,461,task_0462,3_029,65.94460993275743,False
369,task_0370,3_006,6,455,task_0456,3_028,65.2487074625462,False
369,task_0370,3_006,7,457,task_0458,3_028,64.79600773896102,False
369,task_0370,3_006,8,556,task_0557,3_053,59.07404686976752,False
369,task_0370,3_006,9,537,task_0538,3_048,50.43313291728791,False
369,task_0370,3_006,10,562,task_0563,3_054,49.344318058602354,False
370,task_0371,3_006,1,368,task_0369,3_006,105.8319105733194,True
370,task_0371,3_006,2,369,task_0370,3_006,81.69909802638206,True
370,task_0371,3_006,3,367,task_0368,3_006,80.47823295779487,True
370,task_0371,3_006,4,461,task_0462,3_029,58.57752752587341,False
370,task_0371,3_006,5,457,task_0458,3_028,58.063813026732674,False
370,task_0371,3_006,6,455,task_0456,3_028,57.962592965901116,False
370,task_0371,3_006,7,537,task_0538,3_048,47.98736219588396,False
370,task_0371,3_006,8,459,task_0460,3_029,47.664735797999946,False
370,task_0371,3_006,9,475,task_0476,3_033,45.139020768744146,False
370,task_0371,3_006,10,560,task_0561,3_054,42.8318657611553,False
371,task_0372,3_007,1,373,task_0374,3_007,129.0063539266975,True
371,task_0372,3_007,2,372,task_0373,3_007,118.10202489957247,True
371,task_0372,3_007,3,374,task_0375,3_007,86.11240288644065,True
371,task_0372,3_007,4,347,task_0348,3_001,55.402810724238016,False
371,task_0372,3_007,5,417,task_0418,3_018,52.85370323510878,False
371,task_0372,3_007,6,349,task_0350,3_001,51.60803756955714,False
371,task_0372,3_007,7,483,task_0484,3_035,51.574508210209565,False
371,task_0372,3_007,8,465,task_0466,3_030,50.87228847737869,False
371,task_0372,3_007,9,463,task_0464,3_030,50.82552729530342,False
371,task_0372,3_007,10,467,task_0468,3_031,49.9721875011393,False
372,task_0373,3_007,1,371,task_0372,3_007,119.04141865957484,True
372,task_0373,3_007,2,373,task_0374,3_007,118.68558454738826,True
372,task_0373,3_007,3,374,task_0375,3_007,90.4931730963413,True
372,task_0373,3_007,4,469,task_0470,3_031,55.1979216246258,False
372,task_0373,3_007,5,473,task_0474,3_032,54.671741475926616,False
372,task_0373,3_007,6,347,task_0348,3_001,52.89926240493936,False
372,task_0373,3_007,7,417,task_0418,3_018,52.85370323510878,False
372,task_0373,3_007,8,467,task_0468,3_031,51.93632007861651,False
372,task_0373,3_007,9,349,task_0350,3_001,49.04905854405217,False
372,task_0373,3_007,10,413,task_0414,3_017,49.00690781165368,False
373,task_0374,3_007,1,371,task_0372,3_007,128.61443888379102,True
373,task_0374,3_007,2,372,task_0373,3_007,120.63866506820919,True
373,task_0374,3_007,3,374,task_0375,3_007,90.68001266738158,True
373,task_0374,3_007,4,347,task_0348,3_001,55.402810724238016,False
373,task_0374,3_007,5,417,task_0418,3_018,52.85370323510878,False
373,task_0374,3_007,6,349,task_0350,3_001,51.60803756955714,False
373,task_0374,3_007,7,483,task_0484,3_035,51.574508210209565,False
373,task_0374,3_007,8,465,task_0466,3_030,50.87228847737869,False
373,task_0374,3_007,9,463,task_0464,3_030,50.82552729530342,False
373,task_0374,3_007,10,467,task_0468,3_031,49.9721875011393,False
374,task_0375,3_007,1,372,task_0373,3_007,76.85692435532937,True
374,task_0375,3_007,2,373,task_0374,3_007,75.83507749537229,True
374,task_0375,3_007,3,371,task_0372,3_007,71.04335767756677,True
374,task_0375,3_007,4,417,task_0418,3_018,42.35519281884414,False
374,task_0375,3_007,5,503,task_0504,3_039,38.832273041389215,False
374,task_0375,3_007,6,505,task_0506,3_040,38.832273041389215,False
374,task_0375,3_007,7,347,task_0348,3_001,38.078774229038814,False
374,task_0375,3_007,8,349,task_0350,3_001,37.851794010072076,False
374,task_0375,3_007,9,504,task_0505,3_040,36.80169677213226,False
374,task_0375,3_007,10,506,task_0507,3_040,36.80169677213226,False
375,task_0376,3_008,1,377,task_0378,3_008,97.67081675756924,True
375,task_0376,3_008,2,474,task_0475,3_032,35.71030187428499,False
375,task_0376,3_008,3,548,task_0549,3_051,35.587277161779625,False
375,task_0376,3_008,4,550,task_0551,3_051,34.83860051075921,False
375,task_0376,3_008,5,470,task_0471,3_031,32.45703731429042,False
375,task_0376,3_008,6,394,task_0395,3_012,30.071591594769604,False
375,task_0376,3_008,7,448,task_0449,3_026,25.622343144998982,False
375,task_0376,3_008,8,468,task_0469,3_031,22.45048293627482,False
375,task_0376,3_008,9,472,task_0473,3_032,21.579192783964075,False
375,task_0376,3_008,10,392,task_0393,3_012,21.259162387834838,False
376,task_0377,3_008,1,378,task_0379,3_008,164.6401929381422,True
376,task_0377,3_008,2,418,task_0419,3_018,29.43640980035103,False
376,task_0377,3_008,3,474,task_0475,3_032,27.16631000034079,False
376,task_0377,3_008,4,548,task_0549,3_051,27.12517446992446,False
376,task_0377,3_008,5,550,task_0551,3_051,26.59287720751789,False
376,task_0377,3_008,6,470,task_0471,3_031,26.040395176910682,False
376,task_0377,3_008,7,28,task_0029,1_008,24.813593722845166,False
376,task_0377,3_008,8,447,task_0448,3_026,24.721006787948536,False
376,task_0377,3_008,9,416,task_0417,3_018,24.398840865770268,False
376,task_0377,3_008,10,375,task_0376,3_008,23.303210916977832,True
377,task_0378,3_008,1,375,task_0376,3_008,101.36839415407418,True
377,task_0378,3_008,2,470,task_0471,3_031,40.3003306587523,False
377,task_0378,3_008,3,474,task_0475,3_032,37.869481397044886,False
377,task_0378,3_008,4,365,task_0366,3_005,32.46310272200346,False
377,task_0378,3_008,5,472,task_0473,3_032,31.62610222333797,False
377,task_0378,3_008,6,366,task_0367,3_005,30.13367271359538,False
377,task_0378,3_008,7,392,task_0393,3_012,28.104688849314474,False
377,task_0378,3_008,8,216,task_0217,2_008,26.549530301080313,False
377,task_0378,3_008,9,550,task_0551,3_051,25.688002841363172,False
377,task_0378,3_008,10,378,task_0379,3_008,25.57009845310029,True
378,task_0379,3_008,1,376,task_0377,3_008,170.75035668855384,True
378,task_0379,3_008,2,418,task_0419,3_018,30.616313164183374,False
378,task_0379,3_008,3,474,task_0475,3_032,30.3346551286327,False
378,task_0379,3_008,4,294,task_0295,2_027,30.28737336233202,False
378,task_0379,3_008,5,416,task_0417,3_018,29.341400697377793,False
378,task_0379,3_008,6,377,task_0378,3_008,27.35919960947092,True
378,task_0379,3_008,7,548,task_0549,3_051,26.536671874888924,False
378,task_0379,3_008,8,295,task_0296,2_027,26.374756106465306,False
378,task_0379,3_008,9,550,task_0551,3_051,25.583436138106546,False
378,task_0379,3_008,10,470,task_0471,3_031,24.50430699707432,False
379,task_0380,3_009,1,381,task_0382,3_009,129.3096280907213,True
379,task_0380,3_009,2,553,task_0554,3_052,34.609974408437026,False
379,task_0380,3_009,3,493,task_0494,3_037,32.99384044276726,False
379,task_0380,3_009,4,555,task_0556,3_052,32.74159740830258,False
379,task_0380,3_009,5,540,task_0541,3_049,30.215490624289217,False
379,task_0380,3_009,6,491,task_0492,3_036,29.182828508263487,False
379,task_0380,3_009,7,544,task_0545,3_050,28.64029390568185,False
379,task_0380,3_009,8,542,task_0543,3_049,26.896110205400767,False
379,task_0380,3_009,9,552,task_0553,3_052,25.99600291386577,False
379,task_0380,3_009,10,518,task_0519,3_043,25.31757976916881,False
380,task_0381,3_009,1,382,task_0383,3_009,91.3135794641326,True
380,task_0381,3_009,2,386,task_0387,3_010,52.399063172567914,False
380,task_0381,3_009,3,464,task_0465,3_030,50.26283579952506,False
380,task_0381,3_009,4,559,task_0560,3_053,47.19584998722127,False
380,task_0381,3_009,5,426,task_0427,3_020,47.112596512502,False
380,task_0381,3_009,6,522,task_0523,3_044,47.01513675420484,False
380,task_0381,3_009,7,483,task_0484,3_035,44.93011681186874,False
380,task_0381,3_009,8,485,task_0486,3_035,44.676325371911695,False
380,task_0381,3_009,9,563,task_0564,3_054,43.72486414859633,False
380,task_0381,3_009,10,484,task_0485,3_035,43.23059736450992,False
381,task_0382,3_009,1,379,task_0380,3_009,140.1000904331055,True
381,task_0382,3_009,2,491,task_0492,3_036,47.547699597762715,False
381,task_0382,3_009,3,493,task_0494,3_037,46.31957587607294,False
381,task_0382,3_009,4,540,task_0541,3_049,46.15193371727226,False
381,task_0382,3_009,5,544,task_0545,3_050,37.26167051998985,False
381,task_0382,3_009,6,553,task_0554,3_052,36.86104342423592,False
381,task_0382,3_009,7,546,task_0547,3_050,36.175079420315186,False
381,task_0382,3_009,8,555,task_0556,3_052,35.21238278436402,False
381,task_0382,3_009,9,487,task_0488,1_048,33.58787147844214,False
381,task_0382,3_009,10,396,task_0397,3_013,32.41886910775473,False
382,task_0383,3_009,1,380,task_0381,3_009,87.5908349481169,True
382,task_0383,3_009,2,464,task_0465,3_030,56.20338182166061,False
382,task_0383,3_009,3,563,task_0564,3_054,51.49769736163255,False
382,task_0383,3_009,4,559,task_0560,3_053,50.332413186560316,False
382,task_0383,3_009,5,386,task_0387,3_010,49.460920431729924,False
382,task_0383,3_009,6,522,task_0523,3_044,47.07549266106219,False
382,task_0383,3_009,7,526,task_0527,3_045,45.78929524200739,False
382,task_0383,3_009,8,485,task_0486,3_035,41.86245014957166,False
382,task_0383,3_009,9,483,task_0484,3_035,41.34497639986787,False
382,task_0383,3_009,10,426,task_0427,3_020,40.51890972776074,False
383,task_0384,3_010,1,385,task_0386,3_010,118.76197385858174,True
383,task_0384,3_010,2,386,task_0387,3_010,73.3425768405985,True
383,task_0384,3_010,3,485,task_0486,3_035,45.28684707045171,False
383,task_0384,3_010,4,545,task_0546,3_050,44.253258417697865,False
383,task_0384,3_010,5,483,task_0484,3_035,43.50164594990169,False
383,task_0384,3_010,6,473,task_0474,3_032,43.385506505948946,False
383,task_0384,3_010,7,469,task_0470,3_031,43.346135411083814,False
383,task_0384,3_010,8,431,task_0432,3_022,42.944992303282866,False
383,task_0384,3_010,9,464,task_0465,3_030,42.78749925715037,False
383,task_0384,3_010,10,435,task_0436,3_023,41.81839497043037,False
384,task_0385,3_010,1,386,task_0387,3_010,53.21830611759776,True
384,task_0385,3_010,2,466,task_0467,3_030,46.810628470486755,False
384,task_0385,3_010,3,557,task_0558,3_053,42.88178089980056,False
384,task_0385,3_010,4,561,task_0562,3_054,42.88178089980056,False
384,task_0385,3_010,5,559,task_0560,3_053,42.2782744270729,False
384,task_0385,3_010,6,464,task_0465,3_030,41.82353646337534,False
384,task_0385,3_010,7,563,task_0564,3_054,41.161278549159505,False
384,task_0385,3_010,8,462,task_0463,3_029,33.92265020863134,False
384,task_0385,3_010,9,382,task_0383,3_009,33.83798954671555,False
384,task_0385,3_010,10,456,task_0457,3_028,31.975645807626826,False
385,task_0386,3_010,1,383,task_0384,3_010,118.76197385858174,True
385,task_0386,3_010,2,386,task_0387,3_010,80.12700850217736,True
385,task_0386,3_010,3,485,task_0486,3_035,43.34228453144482,False
385,task_0386,3_010,4,545,task_0546,3_050,41.97140505101625,False
385,task_0386,3_010,5,483,task_0484,3_035,41.52461296869945,False
385,task_0386,3_010,6,469,task_0470,3_031,41.24016152928595,False
385,task_0386,3_010,7,431,task_0432,3_022,40.95689351757791,False
385,task_0386,3_010,8,464,task_0465,3_030,40.63036650286079,False
385,task_0386,3_010,9,473,task_0474,3_032,40.32534658784469,False
385,task_0386,3_010,10,435,task_0436,3_023,39.81910580842847,False
386,task_0387,3_010,1,385,task_0386,3_010,85.90714551672991,True
386,task_0387,3_010,2,383,task_0384,3_010,77.11068227210069,True
386,task_0387,3_010,3,563,task_0564,3_054,69.15464287345277,False
386,task_0387,3_010,4,559,task_0560,3_053,66.56428468229021,False
386,task_0387,3_010,5,464,task_0465,3_030,65.34573766821026,False
386,task_0387,3_010,6,384,task_0385,3_010,60.053263363930974,True
386,task_0387,3_010,7,486,task_0487,3_035,58.87455852939571,False
386,task_0387,3_010,8,484,task_0485,3_035,56.81926974806351,False
386,task_0387,3_010,9,522,task_0523,3_044,56.38139003893554,False
386,task_0387,3_010,10,526,task_0527,3_045,56.38139003893554,False
387,task_0388,3_011,1,389,task_0390,3_011,127.23808647596198,True
387,task_0388,3_011,2,390,task_0391,3_011,111.98088772869501,True
387,task_0388,3_011,3,388,task_0389,3_011,90.16843804799684,True
387,task_0388,3_011,4,425,task_0426,3_020,50.7793055536411,False
387,task_0388,3_011,5,424,task_0425,3_020,50.007159901208794,False
387,task_0388,3_011,6,482,task_0483,3_034,40.41634314131947,False
387,task_0388,3_011,7,484,task_0485,3_035,39.61501105052663,False
387,task_0388,3_011,8,549,task_0550,3_051,39.58197740375466,False
387,task_0388,3_011,9,426,task_0427,3_020,38.37204734916642,False
387,task_0388,3_011,10,40,task_0041,1_011,36.397647366765135,False
388,task_0389,3_011,1,390,task_0391,3_011,113.95077642708127,True
388,task_0389,3_011,2,389,task_0390,3_011,82.07786210492438,True
388,task_0389,3_011,3,387,task_0388,3_011,80.73421240261105,True
388,task_0389,3_011,4,425,task_0426,3_020,45.12657372530157,False
388,task_0389,3_011,5,482,task_0483,3_034,40.74745519930066,False
388,task_0389,3_011,6,424,task_0425,3_020,34.82492356165961,False
388,task_0389,3_011,7,480,task_0481,3_034,34.56841376747683,False
388,task_0389,3_011,8,494,task_0495,3_037,30.14298093918152,False
388,task_0389,3_011,9,524,task_0525,3_045,29.026448251798232,False
388,task_0389,3_011,10,520,task_0521,3_044,27.269172224054934,False
389,task_0390,3_011,1,387,task_0388,3_011,120.5974664754703,True
389,task_0390,3_011,2,390,task_0391,3_011,88.49635018479447,True
389,task_0390,3_011,3,388,task_0389,3_011,87.59451221201952,True
389,task_0390,3_011,4,424,task_0425,3_020,55.36431459109758,False
389,task_0390,3_011,5,425,task_0426,3_020,53.135866339251415,False
389,task_0390,3_011,6,524,task_0525,3_045,39.82826553468865,False
389,task_0390,3_011,7,426,task_0427,3_020,39.80186387495322,False
389,task_0390,3_011,8,494,task_0495,3_037,38.54533152586708,False
389,task_0390,3_011,9,520,task_0521,3_044,38.275232227846224,False
389,task_0390,3_011,10,431,task_0432,3_022,36.59318972690455,False
390,task_0391,3_011,1,388,task_0389,3_011,125.31576545022143,True
390,task_0391,3_011,2,387,task_0388,3_011,112.80200422669284,True
390,task_0391,3_011,3,389,task_0390,3_011,93.13937144245624,True
390,task_0391,3_011,4,425,task_0426,3_020,51.860763791530175,False
390,task_0391,3_011,5,424,task_0425,3_020,48.44778636335372,False
390,task_0391,3_011,6,482,task_0483,3_034,47.35774126865368,False
390,task_0391,3_011,7,549,task_0550,3_051,39.874257148417676,False
390,task_0391,3_011,8,480,task_0481,3_034,37.581410242026436,False
390,task_0391,3_011,9,426,task_0427,3_020,35.35283635155172,False
390,task_0391,3_011,10,494,task_0495,3_037,33.871526357936844,False
391,task_0392,3_012,1,394,task_0395,3_012,113.80474805412209,True
391,task_0392,3_012,2,392,task_0393,3_012,98.52990873143138,True
391,task_0392,3_012,3,393,task_0394,3_012,82.20818298236289,True
391,task_0392,3_012,4,389,task_0390,3_011,31.068593215078703,False
391,task_0392,3_012,5,366,task_0367,3_005,31.054105881755753,False
391,task_0392,3_012,6,365,task_0366,3_005,30.70827758364305,False
391,task_0392,3_012,7,448,task_0449,3_026,30.38080263461899,False
391,task_0392,3_012,8,390,task_0391,3_011,30.191089419628543,False
391,task_0392,3_012,9,520,task_0521,3_044,27.669759573457625,False
391,task_0392,3_012,10,470,task_0471,3_031,27.537799074970792,False
392,task_0393,3_012,1,394,task_0395,3_012,168.75279034104554,True
392,task_0393,3_012,2,391,task_0392,3_012,101.00169302649286,True
392,task_0393,3_012,3,393,task_0394,3_012,54.735600414678125,True
392,task_0393,3_012,4,448,task_0449,3_026,53.64012145380503,False
392,task_0393,3_012,5,450,task_0451,3_026,48.164694988849156,False
392,task_0393,3_012,6,470,task_0471,3_031,40.31692429871518,False
392,task_0393,3_012,7,498,task_0499,3_038,37.57596662734985,False
392,task_0393,3_012,8,474,task_0475,3_032,36.6196698133748,False
392,task_0393,3_012,9,365,task_0366,3_005,35.45121292615674,False
392,task_0393,3_012,10,472,task_0473,3_032,32.31157803452607,False
393,task_0394,3_012,1,391,task_0392,3_012,55.139318533548305,True
393,task_0394,3_012,2,392,task_0393,3_012,33.259948979757354,True
393,task_0394,3_012,3,394,task_0395,3_012,32.014480980017765,True
393,task_0394,3_012,4,46,task_0047,1_012,12.464091437488946,False
393,task_0394,3_012,5,610,task_0611,4_012,12.162121315974636,False
393,task_0394,3_012,6,366,task_0367,3_005,11.610903976784222,False
393,task_0394,3_012,7,374,task_0375,3_007,11.574609401649207,False
393,task_0394,3_012,8,234,task_0235,2_012,11.545579281313156,False
393,task_0394,3_012,9,360,task_0361,3_004,11.453759890692536,False
393,task_0394,3_012,10,362,task_0363,3_004,11.297509929725798,False
394,task_0395,3_012,1,392,task_0393,3_012,153.25202892573384,True
394,task_0395,3_012,2,391,task_0392,3_012,108.21350344040152,True
394,task_0395,3_012,3,393,task_0394,3_012,51.321544223237254,True
394,task_0395,3_012,4,448,task_0449,3_026,41.729502765069604,False
394,task_0395,3_012,5,450,task_0451,3_026,39.54057990204895,False
394,task_0395,3_012,6,474,task_0475,3_032,32.95902120104674,False
394,task_0395,3_012,7,470,task_0471,3_031,32.13216993068723,False
394,task_0395,3_012,8,375,task_0376,3_008,30.575818937552768,False
394,task_0395,3_012,9,366,task_0367,3_005,27.89999012375336,False
394,task_0395,3_012,10,365,task_0366,3_005,27.508492748851424,False
395,task_0396,3_013,1,399,task_0400,3_014,38.07454149572963,False
395,task_0396,3_013,2,397,task_0398,3_013,33.833418255804965,True
395,task_0396,3_013,3,401,task_0402,3_014,28.934661229531045,False
395,task_0396,3_013,4,441,task_0442,3_024,26.625941284371546,False
395,task_0396,3_013,5,417,task_0418,3_018,25.860033660207858,False
395,task_0396,3_013,6,413,task_0414,3_017,25.091687387677716,False
395,task_0396,3_013,7,443,task_0444,3_025,24.82624196503786,False
395,task_0396,3_013,8,439,task_0440,3_024,24.618691344392207,False
395,task_0396,3_013,9,529,task_0530,3_046,24.57531911742569,False
395,task_0396,3_013,10,465,task_0466,3_030,24.212290870308518,False
396,task_0397,3_013,1,400,task_0401,3_014,118.54811900813172,False
396,task_0397,3_013,2,540,task_0541,3_049,75.48250420921991,False
396,task_0397,3_013,3,558,task_0559,3_053,58.524927603300114,False
396,task_0397,3_013,4,562,task_0563,3_054,56.95102474750398,False
396,task_0397,3_013,5,546,task_0547,3_050,56.72155520036161,False
396,task_0397,3_013,6,544,task_0545,3_050,54.760310200906375,False
396,task_0397,3_013,7,542,task_0543,3_049,54.55119997753043,False
396,task_0397,3_013,8,402,task_0403,3_014,51.29847820174947,False
396,task_0397,3_013,9,398,task_0399,3_013,48.97801042565719,True
396,task_0397,3_013,10,556,task_0557,3_053,44.15734805621578,False
397,task_0398,3_013,1,401,task_0402,3_014,62.89664803101823,False
397,task_0398,3_013,2,395,task_0396,3_013,37.240986388771674,True
397,task_0398,3_013,3,399,task_0400,3_014,31.864067047089417,False
397,task_0398,3_013,4,417,task_0418,3_018,30.908604169428035,False
397,task_0398,3_013,5,439,task_0440,3_024,29.98397940620895,False
397,task_0398,3_013,6,483,task_0484,3_035,29.918469303986328,False
397,task_0398,3_013,7,465,task_0466,3_030,28.66804092608356,False
397,task_0398,3_013,8,463,task_0464,3_030,28.597557716750522,False
397,task_0398,3_013,9,549,task_0550,3_051,28.206352609039996,False
397,task_0398,3_013,10,413,task_0414,3_017,27.074216010141015,False
398,task_0399,3_013,1,402,task_0403,3_014,148.73663779834757,False
398,task_0399,3_013,2,542,task_0543,3_049,85.06255711655835,False
398,task_0399,3_013,3,546,task_0547,3_050,73.90886632216345,False
398,task_0399,3_013,4,516,task_0517,3_043,52.445528642197004,False
398,task_0399,3_013,5,518,task_0519,3_043,49.570172349103885,False
398,task_0399,3_013,6,396,task_0397,3_013,48.52458934190868,True
398,task_0399,3_013,7,400,task_0401,3_014,47.707336436771925,False
398,task_0399,3_013,8,425,task_0426,3_020,47.47906478515655,False
398,task_0399,3_013,9,540,task_0541,3_049,40.485158232139696,False
398,task_0399,3_013,10,422,task_0423,3_019,40.08406960802403,False
399,task_0400,3_014,1,395,task_0396,3_013,38.03091867511864,False
399,task_0400,3_014,2,401,task_0402,3_014,33.833418255804965,True
399,task_0400,3_014,3,397,task_0398,3_013,28.934661229531045,False
399,task_0400,3_014,4,441,task_0442,3_024,26.134972526948406,False
399,task_0400,3_014,5,417,task_0418,3_018,25.55974040147894,False
399,task_0400,3_014,6,413,task_0414,3_017,24.781428301456323,False
399,task_0400,3_014,7,443,task_0444,3_025,24.326525391834423,False
399,task_0400,3_014,8,439,task_0440,3_024,24.078460689390806,False
399,task_0400,3_014,9,529,task_0530,3_046,24.077376957042787,False
399,task_0400,3_014,10,465,task_0466,3_030,23.669494347664468,False
400,task_0401,3_014,1,396,task_0397,3_013,122.74460832942401,False
400,task_0401,3_014,2,540,task_0541,3_049,70.82067738769723,False
400,task_0401,3_014,3,402,task_0403,3_014,61.39738611022241,True
400,task_0401,3_014,4,562,task_0563,3_054,56.538142605406385,False
400,task_0401,3_014,5,558,task_0559,3_053,53.812285705550515,False
400,task_0401,3_014,6,546,task_0547,3_050,51.681731060156295,False
400,task_0401,3_014,7,542,task_0543,3_049,49.42226030767577,False
400,task_0401,3_014,8,398,task_0399,3_013,49.2735178882624,False
400,task_0401,3_014,9,491,task_0492,3_036,45.752146364946704,False
400,task_0401,3_014,10,544,task_0545,3_050,45.1537311393154,False
401,task_0402,3_014,1,397,task_0398,3_013,62.97554875652609,False
401,task_0402,3_014,2,399,task_0400,3_014,37.28460920938267,True
401,task_0402,3_014,3,395,task_0396,3_013,31.820444226478422,False
401,task_0402,3_014,4,417,task_0418,3_018,30.908604169428035,False
401,task_0402,3_014,5,439,task_0440,3_024,29.98397940620895,False
401,task_0402,3_014,6,483,task_0484,3_035,29.918469303986328,False
401,task_0402,3_014,7,465,task_0466,3_030,28.66804092608356,False
401,task_0402,3_014,8,463,task_0464,3_030,28.597557716750522,False
401,task_0402,3_014,9,549,task_0550,3_051,28.206352609039996,False
401,task_0402,3_014,10,413,task_0414,3_017,27.074216010141015,False
402,task_0403,3_014,1,398,task_0399,3_013,151.39338179635314,False
402,task_0403,3_014,2,546,task_0547,3_050,109.63356981109487,False
402,task_0403,3_014,3,542,task_0543,3_049,68.02924669654954,False
402,task_0403,3_014,4,400,task_0401,3_014,60.044875752112,True
402,task_0403,3_014,5,516,task_0517,3_043,57.72817100167323,False
402,task_0403,3_014,6,396,task_0397,3_013,52.90817719777261,False
402,task_0403,3_014,7,422,task_0423,3_019,48.45924873406135,False
402,task_0403,3_014,8,518,task_0519,3_043,44.487559965150304,False
402,task_0403,3_014,9,555,task_0556,3_052,43.20633917052215,False
402,task_0403,3_014,10,558,task_0559,3_053,42.80965554127557,False
403,task_0404,3_015,1,407,task_0408,3_016,108.30608117564914,False
403,task_0404,3_015,2,405,task_0406,3_015,58.61556418221031,True
403,task_0404,3_015,3,409,task_0410,3_016,51.77210116842845,False
403,task_0404,3_015,4,413,task_0414,3_017,47.07499460470041,False
403,task_0404,3_015,5,465,task_0466,3_030,46.51112073797032,False
403,task_0404,3_015,6,463,task_0464,3_030,46.46435955589505,False
403,task_0404,3_015,7,415,task_0416,3_018,46.129301228763886,False
403,task_0404,3_015,8,453,task_0454,3_027,45.75541104014539,False
403,task_0404,3_015,9,451,task_0452,3_027,45.67567539214112,False
403,task_0404,3_015,10,458,task_0459,3_028,44.98444361758857,False
404,task_0405,3_015,1,408,task_0409,3_016,31.937433065538418,False
404,task_0405,3_015,2,410,task_0411,3_016,29.416927873198794,False
404,task_0405,3_015,3,406,task_0407,3_015,28.68576788935642,True
404,task_0405,3_015,4,412,task_0413,3_017,27.874429707535384,False
404,task_0405,3_015,5,416,task_0417,3_018,25.562305151609507,False
404,task_0405,3_015,6,57,task_0058,1_015,23.940868146983874,False
404,task_0405,3_015,7,444,task_0445,3_025,22.857582134707815,False
404,task_0405,3_015,8,34,task_0035,1_009,21.564867667868107,False
404,task_0405,3_015,9,605,task_0606,4_011,21.282831746765687,False
404,task_0405,3_015,10,380,task_0381,3_009,19.68002270465064,False
405,task_0406,3_015,1,409,task_0410,3_016,50.633844516460144,False
405,task_0406,3_015,2,403,task_0404,3_015,48.405228908586004,True
405,task_0406,3_015,3,407,task_0408,3_016,42.2348135208464,False
405,task_0406,3_015,4,488,task_0489,3_036,35.87897334593761,False
405,task_0406,3_015,5,492,task_0493,3_037,28.996235825530277,False
405,task_0406,3_015,6,399,task_0400,3_014,27.6869727548614,False
405,task_0406,3_015,7,490,task_0491,3_036,26.759610804421,False
405,task_0406,3_015,8,559,task_0560,3_053,26.03410659790108,False
405,task_0406,3_015,9,373,task_0374,3_007,25.57537358465978,False
405,task_0406,3_015,10,563,task_0564,3_054,25.34731822012902,False
406,task_0407,3_015,1,410,task_0411,3_016,88.84108114929657,False
406,task_0407,3_015,2,408,task_0409,3_016,28.566212895787544,False
406,task_0407,3_015,3,404,task_0405,3_015,24.707690046227107,True
406,task_0407,3_015,4,59,task_0060,1_015,18.269020401106793,False
406,task_0407,3_015,5,412,task_0413,3_017,14.731725304340317,False
406,task_0407,3_015,6,172,task_0173,1_044,13.661550647741842,False
406,task_0407,3_015,7,416,task_0417,3_018,13.534579162368164,False
406,task_0407,3_015,8,57,task_0058,1_015,13.095014006674322,False
406,task_0407,3_015,9,421,task_0422,3_019,12.562117356230022,False
406,task_0407,3_015,10,493,task_0494,3_037,10.963642475722832,False
407,task_0408,3_016,1,403,task_0404,3_015,109.47524139174784,False
407,task_0408,3_016,2,409,task_0410,3_016,56.44590633635869,True
407,task_0408,3_016,3,405,task_0406,3_015,51.373893636397185,False
407,task_0408,3_016,4,465,task_0466,3_030,46.51112073797032,False
407,task_0408,3_016,5,463,task_0464,3_030,46.46435955589505,False
407,task_0408,3_016,6,415,task_0416,3_018,46.129301228763886,False
407,task_0408,3_016,7,453,task_0454,3_027,45.75541104014539,False
407,task_0408,3_016,8,451,task_0452,3_027,45.67567539214112,False
407,task_0408,3_016,9,411,task_0412,3_017,44.93300063063695,False
407,task_0408,3_016,10,458,task_0459,3_028,43.30063340414159,False
408,task_0409,3_016,1,444,task_0445,3_025,49.599449550024474,False
408,task_0409,3_016,2,410,task_0411,3_016,44.36915227323152,True
408,task_0409,3_016,3,404,task_0405,3_015,32.211800755180455,False
408,task_0409,3_016,4,58,task_0059,1_015,29.74421211322656,False
408,task_0409,3_016,5,406,task_0407,3_015,27.990300479642862,False
408,task_0409,3_016,6,57,task_0058,1_015,25.066445077861804,False
408,task_0409,3_016,7,56,task_0057,1_015,24.256845729392786,False
408,task_0409,3_016,8,264,task_0265,2_020,23.38938221400243,False
408,task_0409,3_016,9,142,task_0143,1_036,21.931630659764288,False
408,task_0409,3_016,10,79,task_0080,1_020,21.031970046345684,False
409,task_0410,3_016,1,405,task_0406,3_015,53.17618985489871,False
409,task_0410,3_016,2,407,task_0408,3_016,48.32905718674318,True
409,task_0410,3_016,3,403,task_0404,3_015,44.97496267298508,False
409,task_0410,3_016,4,563,task_0564,3_054,34.867147150711496,False
409,task_0410,3_016,5,490,task_0491,3_036,33.63285975344447,False
409,task_0410,3_016,6,559,task_0560,3_053,33.2772391182441,False
409,task_0410,3_016,7,526,task_0527,3_045,32.27688058219085,False
409,task_0410,3_016,8,522,task_0523,3_044,29.555776131429468,False
409,task_0410,3_016,9,382,task_0383,3_009,28.8325647160314,False
409,task_0410,3_016,10,488,task_0489,3_036,26.81380396733224,False
410,task_0411,3_016,1,406,task_0407,3_015,109.87893765192538,False
410,task_0411,3_016,2,408,task_0409,3_016,50.36663636147966,True
410,task_0411,3_016,3,404,task_0405,3_015,33.082288645363775,False
410,task_0411,3_016,4,359,task_0360,3_004,27.557456931984067,False
410,task_0411,3_016,5,251,task_0252,2_016,27.402213133192202,False
410,task_0411,3_016,6,436,task_0437,3_023,26.988644050110658,False
410,task_0411,3_016,7,432,task_0433,3_022,26.974572156171153,False
410,task_0411,3_016,8,22,task_0023,1_006,26.383057598725006,False
410,task_0411,3_016,9,361,task_0362,3_004,26.202007707614072,False
410,task_0411,3_016,10,444,task_0445,3_025,25.517279483504236,False
411,task_0412,3_017,1,415,task_0416,3_018,126.58413235153706,False
411,task_0412,3_017,2,413,task_0414,3_017,95.03732285070633,True
411,task_0412,3_017,3,417,task_0418,3_018,84.55087569273358,False
411,task_0412,3_017,4,465,task_0466,3_030,59.42735954417889,False
411,task_0412,3_017,5,463,task_0464,3_030,59.38059836210362,False
411,task_0412,3_017,6,469,task_0470,3_031,51.57545317230909,False
411,task_0412,3_017,7,473,task_0474,3_032,51.37485489319024,False
411,task_0412,3_017,8,454,task_0455,3_027,50.33363362360506,False
411,task_0412,3_017,9,453,task_0454,3_027,50.32938337130013,False
411,task_0412,3_017,10,467,task_0468,3_031,49.04183446495764,False
412,task_0413,3_017,1,416,task_0417,3_018,66.50226628169065,False
412,task_0413,3_017,2,414,task_0415,3_017,40.08957908600667,True
412,task_0413,3_017,3,418,task_0419,3_018,25.36253968330986,False
412,task_0413,3_017,4,404,task_0405,3_015,24.110276871276643,False
412,task_0413,3_017,5,363,task_0364,3_005,23.25080906105476,False
412,task_0413,3_017,6,532,task_0533,3_047,23.08373359544643,False
412,task_0413,3_017,7,530,task_0531,3_046,22.96472242034248,False
412,task_0413,3_017,8,528,task_0529,3_046,22.428617261124593,False
412,task_0413,3_017,9,534,task_0535,3_047,22.388164714975026,False
412,task_0413,3_017,10,548,task_0549,3_051,20.708552175099268,False
413,task_0414,3_017,1,417,task_0418,3_018,107.9059237027755,False
413,task_0414,3_017,2,411,task_0412,3_017,88.6189874504404,True
413,task_0414,3_017,3,415,task_0416,3_018,86.82014178687106,False
413,task_0414,3_017,4,465,task_0466,3_030,66.64280460244298,False
413,task_0414,3_017,5,463,task_0464,3_030,63.30627000865155,False
413,task_0414,3_017,6,483,task_0484,3_035,52.6968119680445,False
413,task_0414,3_017,7,503,task_0504,3_039,51.96531448264054,False
413,task_0414,3_017,8,505,task_0506,3_040,51.96531448264054,False
413,task_0414,3_017,9,527,task_0528,3_045,51.65129937773292,False
413,task_0414,3_017,10,473,task_0474,3_032,50.54022242441515,False
414,task_0415,3_017,1,418,task_0419,3_018,107.75418607606257,False
414,task_0415,3_017,2,412,task_0413,3_017,57.20558880640263,True
414,task_0415,3_017,3,448,task_0449,3_026,51.57038650104762,False
414,task_0415,3_017,4,532,task_0533,3_047,49.13992902523163,False
414,task_0415,3_017,5,416,task_0417,3_018,49.003901347885844,False
414,task_0415,3_017,6,530,task_0531,3_046,48.87770209820924,False
414,task_0415,3_017,7,528,task_0529,3_046,48.074711477424565,False
414,task_0415,3_017,8,534,task_0535,3_047,47.731014071477745,False
414,task_0415,3_017,9,363,task_0364,3_005,44.20477319668141,False
414,task_0415,3_017,10,364,task_0365,3_005,43.93197500984708,False
415,task_0416,3_018,1,411,task_0412,3_017,117.7957809050334,False
415,task_0416,3_018,2,413,task_0414,3_017,89.39751408997499,False
415,task_0416,3_018,3,417,task_0418,3_018,86.93856121853563,True
415,task_0416,3_018,4,465,task_0466,3_030,58.04305752488593,False
415,task_0416,3_018,5,463,task_0464,3_030,57.99629634281065,False
415,task_0416,3_018,6,454,task_0455,3_027,50.33363362360506,False
415,task_0416,3_018,7,453,task_0454,3_027,50.32938337130013,False
415,task_0416,3_018,8,451,task_0452,3_027,48.43407311785201,False
415,task_0416,3_018,9,505,task_0506,3_040,47.74856201209135,False
415,task_0416,3_018,10,483,task_0484,3_035,47.03323070404116,False
416,task_0417,3_018,1,418,task_0419,3_018,80.04891001643745,True
416,task_0417,3_018,2,412,task_0413,3_017,72.389174817134,False
416,task_0417,3_018,3,414,task_0415,3_017,40.89339448615945,False
416,task_0417,3_018,4,532,task_0533,3_047,27.60700292147598,False
416,task_0417,3_018,5,530,task_0531,3_046,27.465520711353186,False
416,task_0417,3_018,6,528,task_0529,3_046,26.841770274163313,False
416,task_0417,3_018,7,534,task_0535,3_047,26.779949133246696,False
416,task_0417,3_018,8,363,task_0364,3_005,26.504580182600982,False
416,task_0417,3_018,9,404,task_0405,3_015,24.110276871276643,False
416,task_0417,3_018,10,378,task_0379,3_008,21.265308094290134,False
417,task_0418,3_018,1,413,task_0414,3_017,109.42622981374201,False
417,task_0418,3_018,2,415,task_0416,3_018,86.74882312203643,True
417,task_0418,3_018,3,411,task_0412,3_017,78.4902714300844,False
417,task_0418,3_018,4,465,task_0466,3_030,63.11875515734675,False
417,task_0418,3_018,5,463,task_0464,3_030,59.78222056355533,False
417,task_0418,3_018,6,483,task_0484,3_035,55.50147658311006,False
417,task_0418,3_018,7,497,task_0498,3_038,55.21997692135378,False
417,task_0418,3_018,8,501,task_0502,3_039,54.42077721776703,False
417,task_0418,3_018,9,503,task_0504,3_039,51.96531448264054,False
417,task_0418,3_018,10,505,task_0506,3_040,51.96531448264054,False
418,task_0419,3_018,1,414,task_0415,3_017,121.74748160600865,False
418,task_0419,3_018,2,416,task_0417,3_018,108.69248423825638,True
418,task_0419,3_018,3,448,task_0449,3_026,45.04921639850209,False
418,task_0419,3_018,4,412,task_0413,3_017,41.3497826372088,False
418,task_0419,3_018,5,450,task_0451,3_026,40.96379489136878,False
418,task_0419,3_018,6,532,task_0533,3_047,39.21296130922606,False
418,task_0419,3_018,7,530,task_0531,3_046,39.01052519113019,False
418,task_0419,3_018,8,528,task_0529,3_046,38.439779241072614,False
418,task_0419,3_018,9,534,task_0535,3_047,38.15247240324546,False
418,task_0419,3_018,10,364,task_0365,3_005,34.75526995636866,False
419,task_0420,3_019,1,421,task_0422,3_019,120.02541514754584,True
419,task_0420,3_019,2,500,task_0501,3_039,43.53944538921253,False
419,task_0420,3_019,3,496,task_0497,3_038,42.17818624251838,False
419,task_0420,3_019,4,528,task_0529,3_046,39.592264571403305,False
419,task_0420,3_019,5,534,task_0535,3_047,39.30614958619541,False
419,task_0420,3_019,6,532,task_0533,3_047,36.13978445797743,False
419,task_0420,3_019,7,530,task_0531,3_046,35.95087093928847,False
419,task_0420,3_019,8,508,task_0509,3_041,35.4898412489132,False
419,task_0420,3_019,9,512,task_0513,3_042,34.23969769685465,False
419,task_0420,3_019,10,510,task_0511,3_041,27.95483353203202,False
420,task_0421,3_019,1,422,task_0423,3_019,71.8038914488511,True
420,task_0421,3_019,2,516,task_0517,3_043,35.897904684286445,False
420,task_0421,3_019,3,518,task_0519,3_043,31.726969687006118,False
420,task_0421,3_019,4,558,task_0559,3_053,28.600679844150648,False
420,task_0421,3_019,5,414,task_0415,3_017,28.40844000673447,False
420,task_0421,3_019,6,402,task_0403,3_014,28.174471288406075,False
420,task_0421,3_019,7,365,task_0366,3_005,27.496078599806214,False
420,task_0421,3_019,8,562,task_0563,3_054,27.397585427176626,False
420,task_0421,3_019,9,366,task_0367,3_005,27.114732567760267,False
420,task_0421,3_019,10,438,task_0439,3_023,26.84274587158545,False
421,task_0422,3_019,1,419,task_0420,3_019,124.63540848392189,True
421,task_0422,3_019,2,532,task_0533,3_047,39.296298091652474,False
421,task_0422,3_019,3,530,task_0531,3_046,39.08941527383095,False
421,task_0422,3_019,4,500,task_0501,3_039,30.85647206993765,False
421,task_0422,3_019,5,528,task_0529,3_046,30.84686972073207,False
421,task_0422,3_019,6,534,task_0535,3_047,30.60916237048862,False
421,task_0422,3_019,7,496,task_0497,3_038,30.595121082696288,False
421,task_0422,3_019,8,508,task_0509,3_041,29.344782301435647,False
421,task_0422,3_019,9,512,task_0513,3_042,28.70087596411702,False
421,task_0422,3_019,10,422,task_0423,3_019,27.767510681233833,True
422,task_0423,3_019,1,420,task_0421,3_019,74.82435117943722,True
422,task_0423,3_019,2,402,task_0403,3_014,42.54488725039681,False
422,task_0423,3_019,3,516,task_0517,3_043,39.984782483318796,False
422,task_0423,3_019,4,398,task_0399,3_013,37.86057454702867,False
422,task_0423,3_019,5,487,task_0488,1_048,37.148249012008016,False
422,task_0423,3_019,6,518,task_0519,3_043,36.51901695523298,False
422,task_0423,3_019,7,558,task_0559,3_053,31.940003253422763,False
422,task_0423,3_019,8,179,task_0180,1_045,31.64393558319942,False
422,task_0423,3_019,9,481,task_0482,3_034,31.4467312446695,False
422,task_0423,3_019,10,479,task_0480,3_034,30.87007157258354,False
423,task_0424,3_020,1,426,task_0427,3_020,91.0995773167993,True
423,task_0424,3_020,2,424,task_0425,3_020,90.98362577696876,True
423,task_0424,3_020,3,425,task_0426,3_020,79.49966432638425,True
423,task_0424,3_020,4,490,task_0491,3_036,57.419445384737706,False
423,task_0424,3_020,5,458,task_0459,3_028,57.00716367474112,False
423,task_0424,3_020,6,485,task_0486,3_035,56.41615068765574,False
423,task_0424,3_020,7,547,task_0548,3_050,56.089234466632355,False
423,task_0424,3_020,8,484,task_0485,3_035,55.71339631195954,False
423,task_0424,3_020,9,451,task_0452,3_027,55.466289592180736,False
423,task_0424,3_020,10,492,task_0493,3_037,53.99406488709223,False
424,task_0425,3_020,1,426,task_0427,3_020,109.92746358110612,True
424,task_0425,3_020,2,425,task_0426,3_020,96.41082346084534,True
424,task_0425,3_020,3,423,task_0424,3_020,80.24799201680993,True
424,task_0425,3_020,4,389,task_0390,3_011,59.90896579312831,False
424,task_0425,3_020,5,490,task_0491,3_036,51.677506499273775,False
424,task_0425,3_020,6,387,task_0388,3_011,51.60787829118113,False
424,task_0425,3_020,7,390,task_0391,3_011,51.09189193922838,False
424,task_0425,3_020,8,488,task_0489,3_036,50.89258332446209,False
424,task_0425,3_020,9,492,task_0493,3_037,48.78994952406593,False
424,task_0425,3_020,10,478,task_0479,3_033,45.74752794347123,False
425,task_0426,3_020,1,424,task_0425,3_020,98.16469132162229,True
425,task_0426,3_020,2,426,task_0427,3_020,79.80863125179532,True
425,task_0426,3_020,3,423,task_0424,3_020,70.00342757811818,True
425,task_0426,3_020,4,389,task_0390,3_011,60.04156328681376,False
425,task_0426,3_020,5,494,task_0495,3_037,58.957261976597394,False
425,task_0426,3_020,6,390,task_0391,3_011,56.32089172909652,False
425,task_0426,3_020,7,492,task_0493,3_037,54.59676943689164,False
425,task_0426,3_020,8,387,task_0388,3_011,52.633889884711394,False
425,task_0426,3_020,9,388,task_0389,3_011,52.302127602683704,False
425,task_0426,3_020,10,398,task_0399,3_013,47.936106414273894,False
426,task_0427,3_020,1,424,task_0425,3_020,120.23858817780511,True
426,task_0427,3_020,2,423,task_0424,3_020,90.37772122453254,True
426,task_0427,3_020,3,425,task_0426,3_020,82.00626115303253,True
426,task_0427,3_020,4,458,task_0459,3_028,56.7537030026693,False
426,task_0427,3_020,5,462,task_0463,3_029,56.44099804300673,False
426,task_0427,3_020,6,494,task_0495,3_037,56.07320709597684,False
426,task_0427,3_020,7,490,task_0491,3_036,55.73257542725364,False
426,task_0427,3_020,8,454,task_0455,3_027,55.60488086439792,False
426,task_0427,3_020,9,488,task_0489,3_036,54.440012671865425,False
426,task_0427,3_020,10,492,task_0493,3_037,54.39487500883076,False
427,task_0428,3_021,1,429,task_0430,3_021,101.20077270658376,True
427,task_0428,3_021,2,430,task_0431,3_021,62.54364053404637,True
427,task_0428,3_021,3,428,task_0429,3_021,61.187690900734594,True
427,task_0428,3_021,4,539,task_0540,3_048,26.47219165399348,False
427,task_0428,3_021,5,486,task_0487,3_035,23.573875332878437,False
427,task_0428,3_021,6,386,task_0387,3_010,23.158683055577225,False
427,task_0428,3_021,7,543,task_0544,3_049,22.791006249665962,False
427,task_0428,3_021,8,268,task_0269,2_021,20.71460392991057,False
427,task_0428,3_021,9,426,task_0427,3_020,19.51703030460068,False
427,task_0428,3_021,10,604,task_0605,4_011,19.19835483867783,False
428,task_0429,3_021,1,430,task_0431,3_021,73.99315076526034,True
428,task_0429,3_021,2,427,task_0428,3_021,57.88863963737971,True
428,task_0429,3_021,3,429,task_0430,3_021,52.37912287721177,True
428,task_0429,3_021,4,351,task_0352,3_002,24.850179397887707,False
428,task_0429,3_021,5,482,task_0483,3_034,23.10758890942482,False
428,task_0429,3_021,6,383,task_0384,3_010,22.3566413821189,False
428,task_0429,3_021,7,424,task_0425,3_020,22.2836158853119,False
428,task_0429,3_021,8,553,task_0554,3_052,22.0930942841927,False
428,task_0429,3_021,9,387,task_0388,3_011,21.69974606424119,False
428,task_0429,3_021,10,486,task_0487,3_035,20.900872360841205,False
429,task_0430,3_021,1,427,task_0428,3_021,99.85345547293205,True
429,task_0430,3_021,2,430,task_0431,3_021,52.863118470372804,True
429,task_0430,3_021,3,428,task_0429,3_021,52.7558696219669,True
429,task_0430,3_021,4,543,task_0544,3_049,25.544522783127253,False
429,task_0430,3_021,5,539,task_0540,3_048,23.093402146385912,False
429,task_0430,3_021,6,486,task_0487,3_035,22.719072011798115,False
429,task_0430,3_021,7,386,task_0387,3_010,22.184480366205577,False
429,task_0430,3_021,8,270,task_0271,2_021,19.857844994057878,False
429,task_0430,3_021,9,426,task_0427,3_020,19.51703030460068,False
429,task_0430,3_021,10,492,task_0493,3_037,19.175239390632914,False
430,task_0431,3_021,1,428,task_0429,3_021,73.20169967523807,True
430,task_0431,3_021,2,427,task_0428,3_021,58.59429061212498,True
430,task_0431,3_021,3,429,task_0430,3_021,51.92129782936191,True
430,task_0431,3_021,4,403,task_0404,3_015,21.98682246026527,False
430,task_0431,3_021,5,407,task_0408,3_016,21.866892099513368,False
430,task_0431,3_021,6,526,task_0527,3_045,21.75400132417283,False
430,task_0431,3_021,7,380,task_0381,3_009,21.622326243022556,False
430,task_0431,3_021,8,466,task_0467,3_030,21.588458969202637,False
430,task_0431,3_021,9,386,task_0387,3_010,21.510889867778076,False
430,task_0431,3_021,10,492,task_0493,3_037,21.207200283691574,False
431,task_0432,3_022,1,435,task_0436,3_023,149.63132329927615,False
431,task_0432,3_022,2,437,task_0438,3_023,127.13807444016015,False
431,task_0432,3_022,3,433,task_0434,3_022,73.4701047351421,True
431,task_0432,3_022,4,373,task_0374,3_007,50.188681802087125,False
431,task_0432,3_022,5,371,task_0372,3_007,49.345247572373204,False
431,task_0432,3_022,6,417,task_0418,3_018,47.80465529815642,False
431,task_0432,3_022,7,349,task_0350,3_001,46.906310248962804,False
431,task_0432,3_022,8,372,task_0373,3_007,46.19300604139248,False
431,task_0432,3_022,9,473,task_0474,3_032,45.91121355481933,False
431,task_0432,3_022,10,347,task_0348,3_001,45.77632323879127,False
432,task_0433,3_022,1,436,task_0437,3_023,143.5303915947594,False
432,task_0433,3_022,2,359,task_0360,3_004,93.97660958017619,False
432,task_0433,3_022,3,361,task_0362,3_004,79.75392948012701,False
432,task_0433,3_022,4,521,task_0522,3_044,37.693681699104886,False
432,task_0433,3_022,5,355,task_0356,3_003,35.15476769282419,False
432,task_0433,3_022,6,525,task_0526,3_045,33.349702333538794,False
432,task_0433,3_022,7,519,task_0520,3_043,32.04809494921922,False
432,task_0433,3_022,8,523,task_0524,3_044,30.476886729778606,False
432,task_0433,3_022,9,410,task_0411,3_016,26.622588805736914,False
432,task_0433,3_022,10,434,task_0435,3_022,26.567850900647237,True
433,task_0434,3_022,1,437,task_0438,3_023,62.089934005961105,False
433,task_0434,3_022,2,435,task_0436,3_023,61.826349847688135,False
433,task_0434,3_022,3,431,task_0432,3_022,55.583692928076005,True
433,task_0434,3_022,4,526,task_0527,3_045,33.8707595170339,False
433,task_0434,3_022,5,522,task_0523,3_044,29.39471656444731,False
433,task_0434,3_022,6,533,task_0534,3_047,28.172917539219686,False
433,task_0434,3_022,7,352,task_0353,3_002,27.446982587640793,False
433,task_0434,3_022,8,473,task_0474,3_032,27.297525559500265,False
433,task_0434,3_022,9,354,task_0355,3_002,26.457307867300802,False
433,task_0434,3_022,10,467,task_0468,3_031,25.999650748528744,False
434,task_0435,3_022,1,438,task_0439,3_023,145.99859335507898,False
434,task_0435,3_022,2,722,task_0723,5_001,35.09921466215578,False
434,task_0435,3_022,3,414,task_0415,3_017,29.29111882974216,False
434,task_0435,3_022,4,432,task_0433,3_022,27.036269303845998,True
434,task_0435,3_022,5,510,task_0511,3_041,26.98363829422939,False
434,task_0435,3_022,6,420,task_0421,3_019,26.491486060457735,False
434,task_0435,3_022,7,448,task_0449,3_026,25.53680627824005,False
434,task_0435,3_022,8,474,task_0475,3_032,25.2677680323313,False
434,task_0435,3_022,9,532,task_0533,3_047,25.089415201957955,False
434,task_0435,3_022,10,530,task_0531,3_046,24.959002126274193,False
435,task_0436,3_023,1,431,task_0432,3_022,148.66969036029982,False
435,task_0436,3_023,2,437,task_0438,3_023,122.96303415394267,True
435,task_0436,3_023,3,433,task_0434,3_022,78.40507499162285,False
435,task_0436,3_023,4,373,task_0374,3_007,50.188681802087125,False
435,task_0436,3_023,5,371,task_0372,3_007,49.345247572373204,False
435,task_0436,3_023,6,349,task_0350,3_001,46.906310248962804,False
435,task_0436,3_023,7,372,task_0373,3_007,46.19300604139248,False
435,task_0436,3_023,8,473,task_0474,3_032,45.91121355481933,False
435,task_0436,3_023,9,347,task_0348,3_001,45.77632323879127,False
435,task_0436,3_023,10,469,task_0470,3_031,45.324452707784026,False
436,task_0437,3_023,1,432,task_0433,3_022,141.08430985398584,False
436,task_0437,3_023,2,359,task_0360,3_004,96.28401135650088,False
436,task_0437,3_023,3,361,task_0362,3_004,76.51138997596246,False
436,task_0437,3_023,4,521,task_0522,3_044,34.060135565242135,False
436,task_0437,3_023,5,525,task_0526,3_045,29.735692067083257,False
436,task_0437,3_023,6,355,task_0356,3_003,29.300353619003584,False
436,task_0437,3_023,7,519,task_0520,3_043,27.548888046891584,False
436,task_0437,3_023,8,410,task_0411,3_016,25.84848764804097,False
436,task_0437,3_023,9,523,task_0524,3_044,25.7896825287524,False
436,task_0437,3_023,10,171,task_0172,1_043,23.1787942611094,False
437,task_0438,3_023,1,435,task_0436,3_023,126.6934901755386,True
437,task_0438,3_023,2,431,task_0432,3_022,126.58361985796772,False
437,task_0438,3_023,3,433,task_0434,3_022,76.72561992650832,False
437,task_0438,3_023,4,451,task_0452,3_027,54.37657546337844,False
437,task_0438,3_023,5,453,task_0454,3_027,52.0290869884518,False
437,task_0438,3_023,6,454,task_0455,3_027,49.31902034272105,False
437,task_0438,3_023,7,458,task_0459,3_028,42.56556058846323,False
437,task_0438,3_023,8,373,task_0374,3_007,42.11029308091226,False
437,task_0438,3_023,9,559,task_0560,3_053,41.52938373483971,False
437,task_0438,3_023,10,352,task_0353,3_002,41.52060809979451,False
438,task_0439,3_023,1,434,task_0435,3_022,147.92251843229266,False
438,task_0439,3_023,2,448,task_0449,3_026,37.667206938056864,False
438,task_0439,3_023,3,722,task_0723,5_001,36.41871758652304,False
438,task_0439,3_023,4,414,task_0415,3_017,33.257835917110526,False
438,task_0439,3_023,5,474,task_0475,3_032,31.785922062636683,False
438,task_0439,3_023,6,418,task_0419,3_018,30.571533896375772,False
438,task_0439,3_023,7,470,task_0471,3_031,30.058902560272738,False
438,task_0439,3_023,8,420,task_0421,3_019,29.184151838519877,False
438,task_0439,3_023,9,366,task_0367,3_005,28.609454196864043,False
438,task_0439,3_023,10,472,task_0473,3_032,28.450221856877228,False
439,task_0440,3_024,1,443,task_0444,3_025,73.37517704507748,False
439,task_0440,3_024,2,441,task_0442,3_024,69.73203795802107,True
439,task_0440,3_024,3,445,task_0446,3_025,56.387892788006,False
439,task_0440,3_024,4,533,task_0534,3_047,43.87365403998302,False
439,task_0440,3_024,5,529,task_0530,3_046,40.92413945675275,False
439,task_0440,3_024,6,483,task_0484,3_035,40.800292892618714,False
439,task_0440,3_024,7,417,task_0418,3_018,37.43650168581784,False
439,task_0440,3_024,8,465,task_0466,3_030,34.94171535181232,False
439,task_0440,3_024,9,413,task_0414,3_017,34.93911839408796,False
439,task_0440,3_024,10,463,task_0464,3_030,34.89495416973705,False
440,task_0441,3_024,1,444,task_0445,3_025,31.2189796046165,False
440,task_0441,3_024,2,93,task_0094,1_024,22.147322869049336,False
440,task_0441,3_024,3,410,task_0411,3_016,22.037793590144876,False
440,task_0441,3_024,4,408,task_0409,3_016,20.680233926346084,False
440,task_0441,3_024,5,493,task_0494,3_037,20.394137081822482,False
440,task_0441,3_024,6,28,task_0029,1_008,19.16372353673424,False
440,task_0441,3_024,7,447,task_0448,3_026,18.598087275053427,False
440,task_0441,3_024,8,30,task_0031,1_008,17.520139091265168,False
440,task_0441,3_024,9,99,task_0100,1_025,17.283344161940732,False
440,task_0441,3_024,10,190,task_0191,2_001,16.886560725567215,False
441,task_0442,3_024,1,443,task_0444,3_025,74.06436308083101,False
441,task_0442,3_024,2,439,task_0440,3_024,67.52429189162504,True
441,task_0442,3_024,3,529,task_0530,3_046,58.77609283745952,False
441,task_0442,3_024,4,533,task_0534,3_047,56.9119973827202,False
441,task_0442,3_024,5,483,task_0484,3_035,49.72380197173121,False
441,task_0442,3_024,6,527,task_0528,3_045,46.05453955838781,False
441,task_0442,3_024,7,413,task_0414,3_017,45.182693367955736,False
441,task_0442,3_024,8,473,task_0474,3_032,44.76328676462832,False
441,task_0442,3_024,9,411,task_0412,3_017,42.97279119424627,False
441,task_0442,3_024,10,417,task_0418,3_018,42.93123403573694,False
442,task_0443,3_024,1,446,task_0447,3_025,170.29090048552467,False
442,task_0443,3_024,2,360,task_0361,3_004,81.5048734397195,False
442,task_0443,3_024,3,362,task_0363,3_004,80.08842793107594,False
442,task_0443,3_024,4,455,task_0456,3_028,33.02037791379459,False
442,task_0443,3_024,5,22,task_0023,1_006,31.53048512624104,False
442,task_0443,3_024,6,461,task_0462,3_029,29.025929015125215,False
442,task_0443,3_024,7,457,task_0458,3_028,28.75456780029502,False
442,task_0443,3_024,8,444,task_0445,3_025,26.922016196569263,False
442,task_0443,3_024,9,53,task_0054,1_014,26.83174333582576,False
442,task_0443,3_024,10,459,task_0460,3_029,26.089085759001055,False
443,task_0444,3_025,1,441,task_0442,3_024,75.51844901608906,False
443,task_0444,3_025,2,439,task_0440,3_024,72.94848277912318,False
443,task_0444,3_025,3,529,task_0530,3_046,58.23694494271154,False
443,task_0444,3_025,4,445,task_0446,3_025,55.644170243708395,True
443,task_0444,3_025,5,533,task_0534,3_047,53.98070318284191,False
443,task_0444,3_025,6,527,task_0528,3_045,42.690573543426744,False
443,task_0444,3_025,7,483,task_0484,3_035,42.16310641610515,False
443,task_0444,3_025,8,560,task_0561,3_054,41.241792231967906,False
443,task_0444,3_025,9,485,task_0486,3_035,39.7781256317294,False
443,task_0444,3_025,10,413,task_0414,3_017,39.090325107837614,False
444,task_0445,3_025,1,408,task_0409,3_016,55.54774975014137,False
444,task_0445,3_025,2,457,task_0458,3_028,33.56505907795533,False
444,task_0445,3_025,3,493,task_0494,3_037,33.500384357344686,False
444,task_0445,3_025,4,440,task_0441,3_024,32.46667854359029,False
444,task_0445,3_025,5,266,task_0267,2_020,32.1080261980884,False
444,task_0445,3_025,6,171,task_0172,1_043,31.51413364294099,False
444,task_0445,3_025,7,446,task_0447,3_025,31.23228816005337,True
444,task_0445,3_025,8,461,task_0462,3_029,30.52981914530749,False
444,task_0445,3_025,9,167,task_0168,1_042,30.495181496211035,False
444,task_0445,3_025,10,455,task_0456,3_028,30.339871734432656,False
445,task_0446,3_025,1,439,task_0440,3_024,47.97510935744623,False
445,task_0446,3_025,2,443,task_0444,3_025,45.79838580834129,True
445,task_0446,3_025,3,529,task_0530,3_046,33.21166456109361,False
445,task_0446,3_025,4,441,task_0442,3_024,33.036558654507125,False
445,task_0446,3_025,5,551,task_0552,3_051,24.663847053671844,False
445,task_0446,3_025,6,483,task_0484,3_035,24.110610457157826,False
445,task_0446,3_025,7,533,task_0534,3_047,23.755844827852975,False
445,task_0446,3_025,8,547,task_0548,3_050,23.358669543339403,False
445,task_0446,3_025,9,454,task_0455,3_027,22.990481217279314,False
445,task_0446,3_025,10,453,task_0454,3_027,22.86859127287837,False
446,task_0447,3_025,1,442,task_0443,3_024,170.75532756962173,False
446,task_0447,3_025,2,360,task_0361,3_004,77.67558742520502,False
446,task_0447,3_025,3,362,task_0363,3_004,76.25914191656148,False
446,task_0447,3_025,4,22,task_0023,1_006,31.53048512624104,False
446,task_0447,3_025,5,461,task_0462,3_029,30.88424275136931,False
446,task_0447,3_025,6,444,task_0445,3_025,30.723090967039013,True
446,task_0447,3_025,7,455,task_0456,3_028,28.688585700074498,False
446,task_0447,3_025,8,457,task_0458,3_028,26.97755508249722,False
446,task_0447,3_025,9,459,task_0460,3_029,26.089085759001055,False
446,task_0447,3_025,10,52,task_0053,1_014,26.02770052076812,False
447,task_0448,3_026,1,449,task_0450,3_026,107.92288438306664,True
447,task_0448,3_026,2,450,task_0451,3_026,51.25334537479214,True
447,task_0448,3_026,3,448,task_0449,3_026,44.316092463239706,True
447,task_0448,3_026,4,540,task_0541,3_049,40.06136143722954,False
447,task_0448,3_026,5,536,task_0537,3_048,39.72601815744099,False
447,task_0448,3_026,6,417,task_0418,3_018,39.57527540732885,False
447,task_0448,3_026,7,348,task_0349,3_001,37.42695608687691,False
447,task_0448,3_026,8,473,task_0474,3_032,36.4460478313135,False
447,task_0448,3_026,9,504,task_0505,3_040,35.555732646028574,False
447,task_0448,3_026,10,506,task_0507,3_040,35.555732646028574,False
448,task_0449,3_026,1,450,task_0451,3_026,107.37072114597248,True
448,task_0449,3_026,2,414,task_0415,3_017,51.93013715059761,False
448,task_0449,3_026,3,472,task_0473,3_032,48.35143011292544,False
448,task_0449,3_026,4,468,task_0469,3_031,44.38849518041934,False
448,task_0449,3_026,5,418,task_0419,3_018,42.76497631774065,False
448,task_0449,3_026,6,365,task_0366,3_005,41.31688924846435,False
448,task_0449,3_026,7,392,task_0393,3_012,40.90010021573087,False
448,task_0449,3_026,8,447,task_0448,3_026,39.52478018453886,True
448,task_0449,3_026,9,474,task_0475,3_032,38.94181499549728,False
448,task_0449,3_026,10,496,task_0497,3_038,38.7622982183342,False
449,task_0450,3_026,1,447,task_0448,3_026,81.52818943326938,True
449,task_0450,3_026,2,462,task_0463,3_029,28.63670237296101,False
449,task_0450,3_026,3,500,task_0501,3_039,24.588224278649722,False
449,task_0450,3_026,4,496,task_0497,3_038,24.429131787989938,False
449,task_0450,3_026,5,483,task_0484,3_035,21.068891190530117,False
449,task_0450,3_026,6,538,task_0539,3_048,20.737685418526397,False
449,task_0450,3_026,7,102,task_0103,1_026,20.53562464109339,False
449,task_0450,3_026,8,348,task_0349,3_001,20.39008474614,False
449,task_0450,3_026,9,458,task_0459,3_028,20.09395424633072,False
449,task_0450,3_026,10,386,task_0387,3_010,20.02321430828178,False
450,task_0451,3_026,1,448,task_0449,3_026,105.57874249259933,True
450,task_0451,3_026,2,414,task_0415,3_017,42.610041781525304,False
450,task_0451,3_026,3,447,task_0448,3_026,42.585584847506205,True
450,task_0451,3_026,4,548,task_0549,3_051,39.98897431924476,False
450,task_0451,3_026,5,392,task_0393,3_012,39.541049960928035,False
450,task_0451,3_026,6,418,task_0419,3_018,38.994343465021466,False
450,task_0451,3_026,7,496,task_0497,3_038,36.80940664043453,False
450,task_0451,3_026,8,394,task_0395,3_012,36.35898219908709,False
450,task_0451,3_026,9,525,task_0526,3_045,35.1262086359109,False
450,task_0451,3_026,10,550,task_0551,3_051,34.924727604588966,False
451,task_0452,3_027,1,453,task_0454,3_027,114.48374912031046,True
451,task_0452,3_027,2,454,task_0455,3_027,112.75583035783836,True
451,task_0452,3_027,3,452,task_0453,3_027,73.60707109003741,True
451,task_0452,3_027,4,437,task_0438,3_023,58.838449010268185,False
451,task_0452,3_027,5,471,task_0472,3_032,52.412556939024725,False
451,task_0452,3_027,6,458,task_0459,3_028,52.28163132646302,False
451,task_0452,3_027,7,415,task_0416,3_018,52.22677706896674,False
451,task_0452,3_027,8,411,task_0412,3_017,49.61056990776591,False
451,task_0452,3_027,9,485,task_0486,3_035,49.30601201339044,False
451,task_0452,3_027,10,423,task_0424,3_020,48.40656475822056,False
452,task_0453,3_027,1,454,task_0455,3_027,76.16720154502644,True
452,task_0453,3_027,2,451,task_0452,3_027,62.513202238930305,True
452,task_0453,3_027,3,453,task_0454,3_027,58.856495303749305,True
452,task_0453,3_027,4,415,task_0416,3_018,41.98617172148322,False
452,task_0453,3_027,5,411,task_0412,3_017,39.39620514182412,False
452,task_0453,3_027,6,413,task_0414,3_017,39.162970297607544,False
452,task_0453,3_027,7,417,task_0418,3_018,37.37747370087276,False
452,task_0453,3_027,8,458,task_0459,3_028,34.3847315307498,False
452,task_0453,3_027,9,549,task_0550,3_051,34.26125924641394,False
452,task_0453,3_027,10,490,task_0491,3_036,34.117133207242496,False
453,task_0454,3_027,1,451,task_0452,3_027,113.98662174741344,True
453,task_0454,3_027,2,454,task_0455,3_027,113.17748715154622,True
453,task_0454,3_027,3,452,task_0453,3_027,68.9519871367411,True
453,task_0454,3_027,4,437,task_0438,3_023,55.4566650861303,False
453,task_0454,3_027,5,415,task_0416,3_018,53.01401247663125,False
453,task_0454,3_027,6,458,task_0459,3_028,52.28163132646302,False
453,task_0454,3_027,7,411,task_0412,3_017,51.33143905106151,False
453,task_0454,3_027,8,413,task_0414,3_017,47.54320789482072,False
453,task_0454,3_027,9,485,task_0486,3_035,47.0645054818975,False
453,task_0454,3_027,10,471,task_0472,3_032,45.767959438424654,False
454,task_0455,3_027,1,453,task_0454,3_027,112.19666209926862,True
454,task_0455,3_027,2,451,task_0452,3_027,111.29944981127194,True
454,task_0455,3_027,3,452,task_0453,3_027,86.94212124352924,True
454,task_0455,3_027,4,415,task_0416,3_018,52.58856808212572,False
454,task_0455,3_027,5,458,task_0459,3_028,52.54706525083139,False
454,task_0455,3_027,6,417,task_0418,3_018,50.86390403894644,False
454,task_0455,3_027,7,437,task_0438,3_023,50.65529229808545,False
454,task_0455,3_027,8,426,task_0427,3_020,49.8571726290393,False
454,task_0455,3_027,9,411,task_0412,3_017,49.118533621364946,False
454,task_0455,3_027,10,413,task_0414,3_017,47.74716557463142,False
455,task_0456,3_028,1,457,task_0458,3_028,139.80188587370012,True
455,task_0456,3_028,2,461,task_0462,3_029,139.18630094378693,False
455,task_0456,3_028,3,459,task_0460,3_029,94.52068228886291,False
455,task_0456,3_028,4,370,task_0371,3_006,57.776621453369465,False
455,task_0456,3_028,5,560,task_0561,3_054,55.19994750829633,False
455,task_0456,3_028,6,368,task_0369,3_006,55.05434750273771,False
455,task_0456,3_028,7,369,task_0370,3_006,53.50381118284953,False
455,task_0456,3_028,8,475,task_0476,3_033,50.30983371767758,False
455,task_0456,3_028,9,537,task_0538,3_048,49.18498704093675,False
455,task_0456,3_028,10,477,task_0478,3_033,46.9161385841016,False
456,task_0457,3_028,1,460,task_0461,3_029,93.98120524155966,False
456,task_0457,3_028,2,458,task_0459,3_028,80.3459345287511,True
456,task_0457,3_028,3,462,task_0463,3_029,68.56002653413191,False
456,task_0457,3_028,4,563,task_0564,3_054,54.66050036077913,False
456,task_0457,3_028,5,485,task_0486,3_035,52.42627152785702,False
456,task_0457,3_028,6,559,task_0560,3_053,51.69654397207416,False
456,task_0457,3_028,7,464,task_0465,3_030,51.37141538316479,False
456,task_0457,3_028,8,484,task_0485,3_035,50.98611214137791,False
456,task_0457,3_028,9,486,task_0487,3_035,49.397050118888494,False
456,task_0457,3_028,10,483,task_0484,3_035,48.74239087466425,False
457,task_0458,3_028,1,455,task_0456,3_028,145.45069093829886,True
457,task_0458,3_028,2,461,task_0462,3_029,139.18630094378693,False
457,task_0458,3_028,3,459,task_0460,3_029,94.52068228886291,False
457,task_0458,3_028,4,370,task_0371,3_006,59.442410932146366,False
457,task_0458,3_028,5,368,task_0369,3_006,57.10396008979915,False
457,task_0458,3_028,6,560,task_0561,3_054,55.19994750829633,False
457,task_0458,3_028,7,369,task_0370,3_006,54.735405517331564,False
457,task_0458,3_028,8,537,task_0538,3_048,51.17534821597955,False
457,task_0458,3_028,9,475,task_0476,3_033,50.30983371767758,False
457,task_0458,3_028,10,536,task_0537,3_048,48.929380648742054,False
458,task_0459,3_028,1,462,task_0463,3_029,117.90816106993974,False
458,task_0459,3_028,2,460,task_0461,3_029,97.02553128981798,False
458,task_0459,3_028,3,456,task_0457,3_028,89.70709890909252,True
458,task_0459,3_028,4,454,task_0455,3_027,59.694642756831605,False
458,task_0459,3_028,5,453,task_0454,3_027,57.924180735978645,False
458,task_0459,3_028,6,451,task_0452,3_027,57.770543347949136,False
458,task_0459,3_028,7,423,task_0424,3_020,56.905387834787746,False
458,task_0459,3_028,8,350,task_0351,3_001,54.8086450211771,False
458,task_0459,3_028,9,349,task_0350,3_001,53.75287308335271,False
458,task_0459,3_028,10,426,task_0427,3_020,53.50583382099228,False
459,task_0460,3_029,1,461,task_0462,3_029,78.13808198738899,True
459,task_0460,3_029,2,455,task_0456,3_028,73.46645910554982,False
459,task_0460,3_029,3,457,task_0458,3_028,68.85236317856477,False
459,task_0460,3_029,4,367,task_0368,3_006,44.439158363958306,False
459,task_0460,3_029,5,370,task_0371,3_006,41.77935664523737,False
459,task_0460,3_029,6,475,task_0476,3_033,40.29701943438255,False
459,task_0460,3_029,7,477,task_0478,3_033,34.15309186188376,False
459,task_0460,3_029,8,368,task_0369,3_006,33.3268280193076,False
459,task_0460,3_029,9,369,task_0370,3_006,30.558748814704067,False
459,task_0460,3_029,10,537,task_0538,3_048,29.302779788248195,False
460,task_0461,3_029,1,456,task_0457,3_028,106.70140317300533,False
460,task_0461,3_029,2,462,task_0463,3_029,105.26858549734503,True
460,task_0461,3_029,3,458,task_0459,3_028,98.68509318909143,False
460,task_0461,3_029,4,484,task_0485,3_035,59.60971681882982,False
460,task_0461,3_029,5,563,task_0564,3_054,58.89487838084122,False
460,task_0461,3_029,6,559,task_0560,3_053,56.03903735246673,False
460,task_0461,3_029,7,485,task_0486,3_035,55.51128101232515,False
460,task_0461,3_029,8,486,task_0487,3_035,55.17779481624017,False
460,task_0461,3_029,9,464,task_0465,3_030,54.882102165598944,False
460,task_0461,3_029,10,349,task_0350,3_001,53.66661175422252,False
461,task_0462,3_029,1,455,task_0456,3_028,137.61132905020858,False
461,task_0462,3_029,2,457,task_0458,3_028,130.80859485407558,False
461,task_0462,3_029,3,459,task_0460,3_029,99.4590535679245,True
461,task_0462,3_029,4,370,task_0371,3_006,57.776621453369465,False
461,task_0462,3_029,5,368,task_0369,3_006,55.05434750273771,False
461,task_0462,3_029,6,369,task_0370,3_006,53.50381118284953,False
461,task_0462,3_029,7,560,task_0561,3_054,51.4539579101199,False
461,task_0462,3_029,8,537,task_0538,3_048,49.18498704093675,False
461,task_0462,3_029,9,475,task_0476,3_033,45.89002481306043,False
461,task_0462,3_029,10,367,task_0368,3_006,45.418547015797145,False
462,task_0463,3_029,1,458,task_0459,3_028,113.0308508523885,False
462,task_0463,3_029,2,460,task_0461,3_029,102.12742686704783,True
462,task_0463,3_029,3,456,task_0457,3_028,70.91458021147147,False
462,task_0463,3_029,4,349,task_0350,3_001,50.071059459556494,False
462,task_0463,3_029,5,484,task_0485,3_035,49.71915838682231,False
462,task_0463,3_029,6,347,task_0348,3_001,49.66988610260398,False
462,task_0463,3_029,7,426,task_0427,3_020,49.463780106411846,False
462,task_0463,3_029,8,423,task_0424,3_020,49.43617696646493,False
462,task_0463,3_029,9,486,task_0487,3_035,48.7551868052606,False
462,task_0463,3_029,10,386,task_0387,3_010,48.37184387112691,False
463,task_0464,3_030,1,465,task_0466,3_030,122.34993651514415,True
463,task_0464,3_030,2,413,task_0414,3_017,64.91396816146964,False
463,task_0464,3_030,3,417,task_0418,3_018,63.4604442195142,False
463,task_0464,3_030,4,415,task_0416,3_018,58.73671223953827,False
463,task_0464,3_030,5,411,task_0412,3_017,58.16170178761578,False
463,task_0464,3_030,6,483,task_0484,3_035,56.575271538899734,False
463,task_0464,3_030,7,373,task_0374,3_007,53.46934595620737,False
463,task_0464,3_030,8,371,task_0372,3_007,52.64571514854052,False
463,task_0464,3_030,9,485,task_0486,3_035,51.69418382883932,False
463,task_0464,3_030,10,372,task_0373,3_007,49.59618858163653,False
464,task_0465,3_030,1,563,task_0564,3_054,93.7044466091904,False
464,task_0465,3_030,2,559,task_0560,3_053,89.24208675543238,False
464,task_0465,3_030,3,386,task_0387,3_010,66.69728960331413,False
464,task_0465,3_030,4,526,task_0527,3_045,65.41606925767634,False
464,task_0465,3_030,5,522,task_0523,3_044,64.36550742645726,False
464,task_0465,3_030,6,483,task_0484,3_035,64.05337112031887,False
464,task_0465,3_030,7,382,task_0383,3_009,59.665283768622494,False
464,task_0465,3_030,8,484,task_0485,3_035,58.45762319560694,False
464,task_0465,3_030,9,466,task_0467,3_030,57.757467355837555,True
464,task_0465,3_030,10,384,task_0385,3_010,56.076242419644664,False
465,task_0466,3_030,1,463,task_0464,3_030,122.30317533306888,True
465,task_0466,3_030,2,413,task_0414,3_017,68.68412326266099,False
465,task_0466,3_030,3,417,task_0418,3_018,67.1094982247926,False
465,task_0466,3_030,4,415,task_0416,3_018,58.73671223953827,False
465,task_0466,3_030,5,411,task_0412,3_017,58.16170178761578,False
465,task_0466,3_030,6,483,task_0484,3_035,56.575271538899734,False
465,task_0466,3_030,7,373,task_0374,3_007,53.46934595620737,False
465,task_0466,3_030,8,371,task_0372,3_007,52.64571514854052,False
465,task_0466,3_030,9,485,task_0486,3_035,51.69418382883932,False
465,task_0466,3_030,10,527,task_0528,3_045,50.97858487693289,False
466,task_0467,3_030,1,557,task_0558,3_053,48.548674361295284,False
466,task_0467,3_030,2,561,task_0562,3_054,48.548674361295284,False
466,task_0467,3_030,3,384,task_0385,3_010,44.88853896172109,False
466,task_0467,3_030,4,464,task_0465,3_030,41.00636158741704,True
466,task_0467,3_030,5,386,task_0387,3_010,40.008381150848194,False
466,task_0467,3_030,6,559,task_0560,3_053,39.37955335460856,False
466,task_0467,3_030,7,563,task_0564,3_054,36.15953518482454,False
466,task_0467,3_030,8,382,task_0383,3_009,31.23092099028071,False
466,task_0467,3_030,9,380,task_0381,3_009,30.957938048420665,False
466,task_0467,3_030,10,462,task_0463,3_029,28.244988245306917,False
467,task_0468,3_031,1,469,task_0470,3_031,94.66362130596985,True
467,task_0468,3_031,2,473,task_0474,3_032,94.33129315090956,False
467,task_0468,3_031,3,471,task_0472,3_032,83.66581616396894,False
467,task_0468,3_031,4,522,task_0523,3_044,52.898641165467566,False
467,task_0468,3_031,5,538,task_0539,3_048,51.43455789177212,False
467,task_0468,3_031,6,454,task_0455,3_027,50.56224002544641,False
467,task_0468,3_031,7,536,task_0537,3_048,50.13872936521815,False
467,task_0468,3_031,8,373,task_0374,3_007,49.551372449929914,False
467,task_0468,3_031,9,526,task_0527,3_045,49.42752109396023,False
467,task_0468,3_031,10,413,task_0414,3_017,49.3290945266281,False
468,task_0469,3_031,1,472,task_0473,3_032,162.18381675247457,False
468,task_0469,3_031,2,470,task_0471,3_031,114.92824604151488,True
468,task_0469,3_031,3,474,task_0475,3_032,84.64210452435255,False
468,task_0469,3_031,4,502,task_0503,3_039,69.02096715232021,False
468,task_0469,3_031,5,498,task_0499,3_038,54.863820859149946,False
468,task_0469,3_031,6,365,task_0366,3_005,53.932296729825694,False
468,task_0469,3_031,7,366,task_0367,3_005,49.30111609366142,False
468,task_0469,3_031,8,548,task_0549,3_051,45.8337789410923,False
468,task_0469,3_031,9,550,task_0551,3_051,44.22407450576819,False
468,task_0469,3_031,10,448,task_0449,3_026,40.98229316544233,False
469,task_0470,3_031,1,473,task_0474,3_032,98.65967986699769,False
469,task_0470,3_031,2,467,task_0468,3_031,95.55180837304032,True
469,task_0470,3_031,3,471,task_0472,3_032,78.01299969970277,False
469,task_0470,3_031,4,536,task_0537,3_048,57.98087314027449,False
469,task_0470,3_031,5,417,task_0418,3_018,53.62656910366804,False
469,task_0470,3_031,6,465,task_0466,3_030,52.776219093380305,False
469,task_0470,3_031,7,413,task_0414,3_017,52.08122206018702,False
469,task_0470,3_031,8,372,task_0373,3_007,51.83661886987061,False
469,task_0470,3_031,9,538,task_0539,3_048,51.17339506249198,False
469,task_0470,3_031,10,347,task_0348,3_001,50.441677336330585,False
470,task_0471,3_031,1,474,task_0475,3_032,144.04358683393664,False
470,task_0471,3_031,2,468,task_0469,3_031,123.7352489142413,True
470,task_0471,3_031,3,472,task_0473,3_032,123.3823971603305,False
470,task_0471,3_031,4,498,task_0499,3_038,69.72049664991636,False
470,task_0471,3_031,5,502,task_0503,3_039,54.826042850645884,False
470,task_0471,3_031,6,377,task_0378,3_008,48.5752219576235,False
470,task_0471,3_031,7,365,task_0366,3_005,47.009199147924406,False
470,task_0471,3_031,8,392,task_0393,3_012,46.92239601938463,False
470,task_0471,3_031,9,548,task_0549,3_051,46.4471554786499,False
470,task_0471,3_031,10,414,task_0415,3_017,45.61376639329123,False
471,task_0472,3_032,1,473,task_0474,3_032,84.12929422446044,True
471,task_0472,3_032,2,467,task_0468,3_031,82.70553585327565,False
471,task_0472,3_032,3,469,task_0470,3_031,77.08829416228997,False
471,task_0472,3_032,4,451,task_0452,3_027,53.348381966403295,False
471,task_0472,3_032,5,538,task_0539,3_048,51.43455789177212,False
471,task_0472,3_032,6,454,task_0455,3_027,49.08032002643706,False
471,task_0472,3_032,7,453,task_0454,3_027,47.114599179788506,False
471,task_0472,3_032,8,485,task_0486,3_035,43.97269618060827,False
471,task_0472,3_032,9,413,task_0414,3_017,43.06542914301138,False
471,task_0472,3_032,10,536,task_0537,3_048,42.344204418396124,False
472,task_0473,3_032,1,468,task_0469,3_031,157.5985058212024,False
472,task_0473,3_032,2,470,task_0471,3_031,111.42027888743002,False
472,task_0473,3_032,3,474,task_0475,3_032,85.98195133749978,True
472,task_0473,3_032,4,365,task_0366,3_005,60.689012404111566,False
472,task_0473,3_032,5,498,task_0499,3_038,60.146506868896616,False
472,task_0473,3_032,6,502,task_0503,3_039,49.73737652360904,False
472,task_0473,3_032,7,366,task_0367,3_005,49.606417103009335,False
472,task_0473,3_032,8,548,task_0549,3_051,45.8337789410923,False
472,task_0473,3_032,9,550,task_0551,3_051,44.22407450576819,False
472,task_0473,3_032,10,448,task_0449,3_026,41.57233711551502,False
473,task_0474,3_032,1,469,task_0470,3_031,98.76263399144324,False
473,task_0474,3_032,2,467,task_0468,3_031,96.65878521101806,False
473,task_0474,3_032,3,471,task_0472,3_032,86.789798549174,True
473,task_0474,3_032,4,484,task_0485,3_035,53.44271350984727,False
473,task_0474,3_032,5,413,task_0414,3_017,52.37011995048127,False
473,task_0474,3_032,6,526,task_0527,3_045,51.66220327014874,False
473,task_0474,3_032,7,347,task_0348,3_001,51.61004429478317,False
473,task_0474,3_032,8,522,task_0523,3_044,51.22809854592528,False
473,task_0474,3_032,9,417,task_0418,3_018,50.776464649983446,False
473,task_0474,3_032,10,372,task_0373,3_007,50.661403362639646,False
474,task_0475,3_032,1,470,task_0471,3_031,138.2808250921182,False
474,task_0475,3_032,2,472,task_0473,3_032,95.40721917310577,True
474,task_0475,3_032,3,468,task_0469,3_031,89.23280873136018,False
474,task_0475,3_032,4,498,task_0499,3_038,60.52147792283412,False
474,task_0475,3_032,5,502,task_0503,3_039,45.56068256353697,False
474,task_0475,3_032,6,448,task_0449,3_026,45.10199699587303,False
474,task_0475,3_032,7,375,task_0376,3_008,44.78438231897203,False
474,task_0475,3_032,8,377,task_0378,3_008,41.57463376543059,False
474,task_0475,3_032,9,548,task_0549,3_051,40.50527205676661,False
474,task_0475,3_032,10,414,task_0415,3_017,40.428674501490846,False
475,task_0476,3_033,1,481,task_0482,3_034,130.49689112729348,False
475,task_0476,3_033,2,479,task_0480,3_034,129.92023145520756,False
475,task_0476,3_033,3,477,task_0478,3_033,110.90814496408255,True
475,task_0476,3_033,4,457,task_0458,3_028,48.435934786812005,False
475,task_0476,3_033,5,455,task_0456,3_028,47.85185530002721,False
475,task_0476,3_033,6,459,task_0460,3_029,46.54353502602027,False
475,task_0476,3_033,7,370,task_0371,3_006,45.89726630595372,False
475,task_0476,3_033,8,461,task_0462,3_029,44.19521854595734,False
475,task_0476,3_033,9,367,task_0368,3_006,41.988675761387384,False
475,task_0476,3_033,10,368,task_0369,3_006,40.72549867929767,False
476,task_0477,3_033,1,478,task_0479,3_033,155.134853701469,True
476,task_0477,3_033,2,480,task_0481,3_034,62.48796407121795,False
476,task_0477,3_033,3,482,task_0483,3_034,59.84802378702135,False
476,task_0477,3_033,4,425,task_0426,3_020,37.43350246431369,False
476,task_0477,3_033,5,486,task_0487,3_035,37.063691696983035,False
476,task_0477,3_033,6,464,task_0465,3_030,36.27947672453383,False
476,task_0477,3_033,7,423,task_0424,3_020,34.652049109315755,False
476,task_0477,3_033,8,424,task_0425,3_020,34.445168237117954,False
476,task_0477,3_033,9,371,task_0372,3_007,32.68617404812553,False
476,task_0477,3_033,10,373,task_0374,3_007,32.51651570453774,False
477,task_0478,3_033,1,481,task_0482,3_034,106.44971481402865,False
477,task_0478,3_033,2,479,task_0480,3_034,105.8730551419427,False
477,task_0478,3_033,3,475,task_0476,3_033,105.17607760364264,True
477,task_0478,3_033,4,457,task_0458,3_028,44.14784657516141,False
477,task_0478,3_033,5,455,task_0456,3_028,43.17549744247098,False
477,task_0478,3_033,6,516,task_0517,3_043,40.49199482222619,False
477,task_0478,3_033,7,459,task_0460,3_029,40.278913514102,False
477,task_0478,3_033,8,491,task_0492,3_036,39.600585669622845,False
477,task_0478,3_033,9,461,task_0462,3_029,39.46171397395713,False
477,task_0478,3_033,10,487,task_0488,1_048,39.28442385382096,False
478,task_0479,3_033,1,476,task_0477,3_033,152.6164006536808,True
478,task_0479,3_033,2,482,task_0483,3_034,61.381554798429065,False
478,task_0479,3_033,3,480,task_0481,3_034,55.31359253613217,False
478,task_0479,3_033,4,424,task_0425,3_020,41.18064684641922,False
478,task_0479,3_033,5,425,task_0426,3_020,37.604782750786015,False
478,task_0479,3_033,6,492,task_0493,3_037,37.13888190947392,False
478,task_0479,3_033,7,426,task_0427,3_020,33.46691881824973,False
478,task_0479,3_033,8,473,task_0474,3_032,29.460708504244653,False
478,task_0479,3_033,9,486,task_0487,3_035,29.334679223856583,False
478,task_0479,3_033,10,423,task_0424,3_020,27.55866769817092,False
479,task_0480,3_034,1,481,task_0482,3_034,148.02154837936754,True
479,task_0480,3_034,2,475,task_0476,3_033,127.88629535919686,False
479,task_0480,3_034,3,477,task_0478,3_033,109.75529475248443,False
479,task_0480,3_034,4,487,task_0488,1_048,45.226282501226,False
479,task_0480,3_034,5,516,task_0517,3_043,43.55891694809634,False
479,task_0480,3_034,6,491,task_0492,3_036,39.600585669622845,False
479,task_0480,3_034,7,540,task_0541,3_049,38.68151593390053,False
479,task_0480,3_034,8,457,task_0458,3_028,38.58938453908987,False
479,task_0480,3_034,9,455,task_0456,3_028,37.11373837051719,False
479,task_0480,3_034,10,518,task_0519,3_043,36.49777126540929,False
480,task_0481,3_034,1,482,task_0483,3_034,146.23965804840307,True
480,task_0481,3_034,2,476,task_0477,3_033,59.79270095622733,False
480,task_0481,3_034,3,478,task_0479,3_033,52.187660738814536,False
480,task_0481,3_034,4,390,task_0391,3_011,36.2834458575821,False
480,task_0481,3_034,5,424,task_0425,3_020,34.149631632334334,False
480,task_0481,3_034,6,388,task_0389,3_011,33.798439767100795,False
480,task_0481,3_034,7,354,task_0355,3_002,33.18830882191299,False
480,task_0481,3_034,8,389,task_0390,3_011,30.536642173917166,False
480,task_0481,3_034,9,425,task_0426,3_020,28.78546775879189,False
480,task_0481,3_034,10,352,task_0353,3_002,28.377286979365266,False
481,task_0482,3_034,1,479,task_0480,3_034,147.44488870728156,True
481,task_0482,3_034,2,475,task_0476,3_033,127.88629535919686,False
481,task_0482,3_034,3,477,task_0478,3_033,109.75529475248443,False
481,task_0482,3_034,4,487,task_0488,1_048,45.226282501226,False
481,task_0482,3_034,5,516,task_0517,3_043,43.55891694809634,False
481,task_0482,3_034,6,491,task_0492,3_036,39.600585669622845,False
481,task_0482,3_034,7,540,task_0541,3_049,38.68151593390053,False
481,task_0482,3_034,8,457,task_0458,3_028,38.58938453908987,False
481,task_0482,3_034,9,455,task_0456,3_028,37.11373837051719,False
481,task_0482,3_034,10,518,task_0519,3_043,36.49777126540929,False
482,task_0483,3_034,1,480,task_0481,3_034,152.44081010924026,True
482,task_0483,3_034,2,478,task_0479,3_033,62.0049479299838,False
482,task_0483,3_034,3,476,task_0477,3_033,57.453492238325055,False
482,task_0483,3_034,4,390,task_0391,3_011,46.51584368314763,False
482,task_0483,3_034,5,388,task_0389,3_011,42.83628665984498,False
482,task_0483,3_034,6,387,task_0388,3_011,39.9489930470083,False
482,task_0483,3_034,7,425,task_0426,3_020,35.9481326251549,False
482,task_0483,3_034,8,389,task_0390,3_011,35.87398016187518,False
482,task_0483,3_034,9,424,task_0425,3_020,34.42724220556717,False
482,task_0483,3_034,10,431,task_0432,3_022,30.163634106709857,False
483,task_0484,3_035,1,485,task_0486,3_035,109.21979725843147,True
483,task_0484,3_035,2,484,task_0485,3_035,108.12034007469039,True
483,task_0484,3_035,3,486,task_0487,3_035,92.06894151937014,True
483,task_0484,3_035,4,464,task_0465,3_030,73.14861632224093,False
483,task_0484,3_035,5,563,task_0564,3_054,62.92891426340689,False
483,task_0484,3_035,6,417,task_0418,3_018,62.40217025877742,False
483,task_0484,3_035,7,465,task_0466,3_030,60.5596161057536,False
483,task_0484,3_035,8,463,task_0464,3_030,60.512854923678326,False
483,task_0484,3_035,9,413,task_0414,3_017,60.34991894390688,False
483,task_0484,3_035,10,559,task_0560,3_053,60.176073307525535,False
484,task_0485,3_035,1,486,task_0487,3_035,111.26527935792174,True
484,task_0485,3_035,2,483,task_0484,3_035,106.07668204043469,True
484,task_0485,3_035,3,485,task_0486,3_035,87.35400371703466,True
484,task_0485,3_035,4,460,task_0461,3_029,64.46607234657324,False
484,task_0485,3_035,5,464,task_0465,3_030,64.1560926493686,False
484,task_0485,3_035,6,386,task_0387,3_010,62.697910843386026,False
484,task_0485,3_035,7,456,task_0457,3_028,60.54985035682874,False
484,task_0485,3_035,8,473,task_0474,3_032,60.51741718745837,False
484,task_0485,3_035,9,462,task_0463,3_029,59.15859898582478,False
484,task_0485,3_035,10,563,task_0564,3_054,58.6950844017414,False
485,task_0486,3_035,1,483,task_0484,3_035,106.97283231776672,True
485,task_0486,3_035,2,486,task_0487,3_035,101.53769288110063,True
485,task_0486,3_035,3,484,task_0485,3_035,84.5796421548277,True
485,task_0486,3_035,4,456,task_0457,3_028,60.97233792438153,False
485,task_0486,3_035,5,349,task_0350,3_001,60.412390468545524,False
485,task_0486,3_035,6,347,task_0348,3_001,58.92751016000671,False
485,task_0486,3_035,7,460,task_0461,3_029,57.63955037785739,False
485,task_0486,3_035,8,348,task_0349,3_001,56.67511872498721,False
485,task_0486,3_035,9,464,task_0465,3_030,56.4803019090172,False
485,task_0486,3_035,10,451,task_0452,3_027,55.72213212986272,False
486,task_0487,3_035,1,484,task_0485,3_035,113.64614040938689,True
486,task_0487,3_035,2,485,task_0486,3_035,106.52833139920348,True
486,task_0487,3_035,3,483,task_0484,3_035,92.84394410457332,True
486,task_0487,3_035,4,386,task_0387,3_010,64.04150022011862,False
486,task_0487,3_035,5,349,task_0350,3_001,59.55865370369139,False
486,task_0487,3_035,6,456,task_0457,3_028,58.84915753629426,False
486,task_0487,3_035,7,460,task_0461,3_029,58.83319554754766,False
486,task_0487,3_035,8,458,task_0459,3_028,58.675101094778604,False
486,task_0487,3_035,9,348,task_0349,3_001,57.86840029381974,False
486,task_0487,3_035,10,462,task_0463,3_029,57.72000689707885,False
487,task_0488,1_048,1,491,task_0492,3_036,79.25502417549876,False
487,task_0488,1_048,2,518,task_0519,3_043,61.05616895210406,False
487,task_0488,1_048,3,516,task_0517,3_043,55.939600140852306,False
487,task_0488,1_048,4,558,task_0559,3_053,47.69163907343522,False
487,task_0488,1_048,5,562,task_0563,3_054,46.51341208715548,False
487,task_0488,1_048,6,479,task_0480,3_034,45.092371007403784,False
487,task_0488,1_048,7,481,task_0482,3_034,45.00946364846832,False
487,task_0488,1_048,8,517,task_0518,3_043,43.86898010460172,False
487,task_0488,1_048,9,540,task_0541,3_049,43.347280190678646,False
487,task_0488,1_048,10,477,task_0478,3_033,41.96153998460793,False
488,task_0489,3_036,1,490,task_0491,3_036,95.00860140705969,True
488,task_0489,3_036,2,492,task_0493,3_037,72.23524605523137,False
488,task_0489,3_036,3,494,task_0495,3_037,49.23869581425772,False
488,task_0489,3_036,4,549,task_0550,3_051,44.80528160103849,False
488,task_0489,3_036,5,424,task_0425,3_020,44.65192839172118,False
488,task_0489,3_036,6,426,task_0427,3_020,42.87094036391716,False
488,task_0489,3_036,7,405,task_0406,3_015,41.10555823755203,False
488,task_0489,3_036,8,423,task_0424,3_020,40.9191029393616,False
488,task_0489,3_036,9,497,task_0498,3_038,37.81059403777243,False
488,task_0489,3_036,10,453,task_0454,3_027,37.22448710838581,False
489,task_0490,3_036,1,493,task_0494,3_037,39.97857741004614,False
489,task_0490,3_036,2,491,task_0492,3_036,29.958489494544533,True
489,task_0490,3_036,3,396,task_0397,3_013,29.84788412590425,False
489,task_0490,3_036,4,370,task_0371,3_006,29.668400657171958,False
489,task_0490,3_036,5,367,task_0368,3_006,29.320064672446428,False
489,task_0490,3_036,6,400,task_0401,3_014,28.80419029662185,False
489,task_0490,3_036,7,540,task_0541,3_049,28.64879222911027,False
489,task_0490,3_036,8,477,task_0478,3_033,27.549876105970455,False
489,task_0490,3_036,9,475,task_0476,3_033,27.549201579952147,False
489,task_0490,3_036,10,544,task_0545,3_050,26.95226287405033,False
490,task_0491,3_036,1,488,task_0489,3_036,95.21265684241422,True
490,task_0491,3_036,2,549,task_0550,3_051,63.22555682555145,False
490,task_0491,3_036,3,492,task_0493,3_037,57.73553550377679,False
490,task_0491,3_036,4,494,task_0495,3_037,56.244859425651306,False
490,task_0491,3_036,5,423,task_0424,3_020,50.896630515463215,False
490,task_0491,3_036,6,424,task_0425,3_020,46.81314519972072,False
490,task_0491,3_036,7,454,task_0455,3_027,46.73101215632104,False
490,task_0491,3_036,8,497,task_0498,3_038,46.00136654505437,False
490,task_0491,3_036,9,426,task_0427,3_020,45.621880468427506,False
490,task_0491,3_036,10,501,task_0502,3_039,45.20259483899884,False
491,task_0492,3_036,1,487,task_0488,1_048,82.25014919985071,False
491,task_0492,3_036,2,381,task_0382,3_009,50.62732296481277,False
491,task_0492,3_036,3,558,task_0559,3_053,47.253112434770166,False
491,task_0492,3_036,4,562,task_0563,3_054,46.09235759841923,False
491,task_0492,3_036,5,477,task_0478,3_033,45.41667847549673,False
491,task_0492,3_036,6,540,task_0541,3_049,45.20811700434774,False
491,task_0492,3_036,7,400,task_0401,3_014,44.403100506223076,False
491,task_0492,3_036,8,396,task_0397,3_013,42.73024110282112,False
491,task_0492,3_036,9,493,task_0494,3_037,42.59310955529234,False
491,task_0492,3_036,10,479,task_0480,3_034,42.35709721632965,False
492,task_0493,3_037,1,494,task_0495,3_037,83.94838509461283,True
492,task_0493,3_037,2,488,task_0489,3_036,69.70575093117424,False
492,task_0493,3_037,3,490,task_0491,3_036,55.72867743181791,False
492,task_0493,3_037,4,549,task_0550,3_051,53.50318682889886,False
492,task_0493,3_037,5,425,task_0426,3_020,45.29112781371193,False
492,task_0493,3_037,6,547,task_0548,3_050,43.65814120222288,False
492,task_0493,3_037,7,423,task_0424,3_020,43.362898997276226,False
492,task_0493,3_037,8,424,task_0425,3_020,40.981770844956344,False
492,task_0493,3_037,9,426,task_0427,3_020,40.13259653752818,False
492,task_0493,3_037,10,405,task_0406,3_015,33.98982528862047,False
493,task_0494,3_037,1,489,task_0490,3_036,49.63462396244109,False
493,task_0494,3_037,2,381,task_0382,3_009,48.026836683609524,False
493,task_0494,3_037,3,487,task_0488,1_048,44.01624837065837,False
493,task_0494,3_037,4,491,task_0492,3_036,43.302462736526714,False
493,task_0494,3_037,5,146,task_0147,1_037,43.26227300754548,False
493,task_0494,3_037,6,370,task_0371,3_006,41.488182020239734,False
493,task_0494,3_037,7,537,task_0538,3_048,40.74414623978255,False
493,task_0494,3_037,8,540,task_0541,3_049,39.73244664372432,False
493,task_0494,3_037,9,379,task_0380,3_009,36.528633498957326,False
493,task_0494,3_037,10,461,task_0462,3_029,34.397670696494174,False
494,task_0495,3_037,1,492,task_0493,3_037,75.28087066181992,True
494,task_0495,3_037,2,549,task_0550,3_051,61.28906474422568,False
494,task_0495,3_037,3,490,task_0491,3_036,52.39838191682139,False
494,task_0495,3_037,4,488,task_0489,3_036,45.79369472198128,False
494,task_0495,3_037,5,426,task_0427,3_020,44.09145087584588,False
494,task_0495,3_037,6,425,task_0426,3_020,41.47178395500874,False
494,task_0495,3_037,7,423,task_0424,3_020,36.556408867721046,False
494,task_0495,3_037,8,547,task_0548,3_050,36.12745246727394,False
494,task_0495,3_037,9,389,task_0390,3_011,34.347133271354906,False
494,task_0495,3_037,10,424,task_0425,3_020,33.810552265549305,False
495,task_0496,3_037,1,499,task_0500,3_038,96.19780793741957,False
495,task_0496,3_037,2,501,task_0502,3_039,81.74665835677315,False
495,task_0496,3_037,3,497,task_0498,3_038,79.65840465254679,False
495,task_0496,3_037,4,417,task_0418,3_018,45.95269550393443,False
495,task_0496,3_037,5,483,task_0484,3_035,41.72614601736043,False
495,task_0496,3_037,6,504,task_0505,3_040,40.96118487209987,False
495,task_0496,3_037,7,467,task_0468,3_031,40.53330135934507,False
495,task_0496,3_037,8,413,task_0414,3_017,39.339521711110194,False
495,task_0496,3_037,9,469,task_0470,3_031,39.19658998430361,False
495,task_0496,3_037,10,527,task_0528,3_045,39.151331404388564,False
496,task_0497,3_038,1,500,task_0501,3_039,159.73015788798168,False
496,task_0497,3_038,2,419,task_0420,3_019,47.2578249781957,False
496,task_0497,3_038,3,448,task_0449,3_026,38.61214606012155,False
496,task_0497,3_038,4,450,task_0451,3_026,37.71342518000306,False
496,task_0497,3_038,5,83,task_0084,1_021,35.536414554451184,False
496,task_0497,3_038,6,421,task_0422,3_019,34.04860666632878,False
496,task_0497,3_038,7,508,task_0509,3_041,33.60598221531089,False
496,task_0497,3_038,8,512,task_0513,3_042,31.69669740723636,False
496,task_0497,3_038,9,449,task_0450,3_026,31.067387089536233,False
496,task_0497,3_038,10,52,task_0053,1_014,30.947679480830857,False
497,task_0498,3_038,1,501,task_0502,3_039,114.07942543620635,False
497,task_0498,3_038,2,499,task_0500,3_038,92.21623457982999,True
497,task_0498,3_038,3,495,task_0496,3_037,82.17791602267135,False
497,task_0498,3_038,4,417,task_0418,3_018,53.67765018520939,False
497,task_0498,3_038,5,506,task_0507,3_040,49.52390631524461,False
497,task_0498,3_038,6,483,task_0484,3_035,47.71038084770146,False
497,task_0498,3_038,7,536,task_0537,3_048,46.85792161103826,False
497,task_0498,3_038,8,469,task_0470,3_031,46.51473533637939,False
497,task_0498,3_038,9,490,task_0491,3_036,44.118656559364055,False
497,task_0498,3_038,10,504,task_0505,3_040,43.96286350531047,False
498,task_0499,3_038,1,502,task_0503,3_039,74.84420571184366,False
498,task_0499,3_038,2,470,task_0471,3_031,57.65575577688971,False
498,task_0499,3_038,3,472,task_0473,3_032,54.83169277990085,False
498,task_0499,3_038,4,474,task_0475,3_032,50.691980298373345,False
498,task_0499,3_038,5,468,task_0469,3_031,48.833955583800766,False
498,task_0499,3_038,6,548,task_0549,3_051,37.16954649370696,False
498,task_0499,3_038,7,550,task_0551,3_051,36.06270429792964,False
498,task_0499,3_038,8,365,task_0366,3_005,33.94150567181962,False
498,task_0499,3_038,9,392,task_0393,3_012,30.691920968700305,False
498,task_0499,3_038,10,366,task_0367,3_005,29.55975918495355,False
499,task_0500,3_038,1,495,task_0496,3_037,95.86626868218329,False
499,task_0500,3_038,2,497,task_0498,3_038,88.81901185019315,True
499,task_0500,3_038,3,501,task_0502,3_039,86.97550353962099,False
499,task_0500,3_038,4,417,task_0418,3_018,45.95269550393443,False
499,task_0500,3_038,5,529,task_0530,3_046,43.97425766827412,False
499,task_0500,3_038,6,469,task_0470,3_031,40.73012648022093,False
499,task_0500,3_038,7,467,task_0468,3_031,40.62057310763192,False
499,task_0500,3_038,8,483,task_0484,3_035,40.39034145725079,False
499,task_0500,3_038,9,527,task_0528,3_045,40.32232954400059,False
499,task_0500,3_038,10,473,task_0474,3_032,40.13007693043014,False
500,task_0501,3_039,1,496,task_0497,3_038,164.00968352114387,False
500,task_0501,3_039,2,419,task_0420,3_019,48.71301408459875,False
500,task_0501,3_039,3,83,task_0084,1_021,40.88771175820384,False
500,task_0501,3_039,4,448,task_0449,3_026,34.89131225357224,False
500,task_0501,3_039,5,421,task_0422,3_019,34.311345980579134,False
500,task_0501,3_039,6,79,task_0080,1_020,33.86707154547421,False
500,task_0501,3_039,7,449,task_0450,3_026,31.40050580084332,False
500,task_0501,3_039,8,54,task_0055,1_014,31.241353577029265,False
500,task_0501,3_039,9,81,task_0082,1_021,31.216090539775703,False
500,task_0501,3_039,10,447,task_0448,3_026,30.222793590396122,False
501,task_0502,3_039,1,497,task_0498,3_038,111.5675839660594,False
501,task_0502,3_039,2,499,task_0500,3_038,87.9355675107952,False
501,task_0502,3_039,3,495,task_0496,3_037,82.17791602267135,False
501,task_0502,3_039,4,417,task_0418,3_018,52.55893202525364,False
501,task_0502,3_039,5,483,task_0484,3_035,44.95420255229542,False
501,task_0502,3_039,6,536,task_0537,3_048,44.070716012070825,False
501,task_0502,3_039,7,504,task_0505,3_040,43.96286350531047,False
501,task_0502,3_039,8,506,task_0507,3_040,43.96286350531047,False
501,task_0502,3_039,9,469,task_0470,3_031,43.57880075213508,False
501,task_0502,3_039,10,490,task_0491,3_036,42.8979954198226,False
502,task_0503,3_039,1,498,task_0499,3_038,74.97085786275716,False
502,task_0503,3_039,2,468,task_0469,3_031,59.67793705725243,False
502,task_0503,3_039,3,472,task_0473,3_032,44.23728410445502,False
502,task_0503,3_039,4,470,task_0471,3_031,43.6151848483583,False
502,task_0503,3_039,5,474,task_0475,3_032,36.328287539777094,False
502,task_0503,3_039,6,392,task_0393,3_012,26.552587178672372,False
502,task_0503,3_039,7,510,task_0511,3_041,26.05114688918739,False
502,task_0503,3_039,8,550,task_0551,3_051,23.95201853190682,False
502,task_0503,3_039,9,548,task_0549,3_051,23.0244790002717,False
502,task_0503,3_039,10,98,task_0099,1_025,22.74731776027346,False
503,task_0504,3_039,1,505,task_0506,3_040,100.07023472644929,False
503,task_0504,3_039,2,504,task_0505,3_040,83.64307260277002,False
503,task_0504,3_039,3,506,task_0507,3_040,83.64307260277002,False
503,task_0504,3_039,4,413,task_0414,3_017,49.84696093131197,False
503,task_0504,3_039,5,417,task_0418,3_018,49.26777827700834,False
503,task_0504,3_039,6,483,task_0484,3_035,44.93165961516745,False
503,task_0504,3_039,7,547,task_0548,3_050,41.44340003185633,False
503,task_0504,3_039,8,501,task_0502,3_039,40.925271354919744,True
503,task_0504,3_039,9,415,task_0416,3_018,39.936528763034595,False
503,task_0504,3_039,10,374,task_0375,3_007,39.51866075294298,False
504,task_0505,3_040,1,506,task_0507,3_040,120.87475887787333,True
504,task_0505,3_040,2,505,task_0506,3_040,91.97518608688604,True
504,task_0505,3_040,3,503,task_0504,3_039,87.00804461266225,False
504,task_0505,3_040,4,483,task_0484,3_035,49.81146254194467,False
504,task_0505,3_040,5,417,task_0418,3_018,47.547272452807505,False
504,task_0505,3_040,6,413,task_0414,3_017,47.06868101922907,False
504,task_0505,3_040,7,501,task_0502,3_039,44.24016528498065,False
504,task_0505,3_040,8,495,task_0496,3_037,44.05111065751054,False
504,task_0505,3_040,9,372,task_0373,3_007,44.030952501651775,False
504,task_0505,3_040,10,497,task_0498,3_038,43.730666487501644,False
505,task_0506,3_040,1,503,task_0504,3_039,100.07023472644929,False
505,task_0506,3_040,2,504,task_0505,3_040,88.36476986057801,True
505,task_0506,3_040,3,506,task_0507,3_040,88.36476986057801,True
505,task_0506,3_040,4,413,task_0414,3_017,49.84696093131197,False
505,task_0506,3_040,5,417,task_0418,3_018,49.26777827700834,False
505,task_0506,3_040,6,483,task_0484,3_035,44.93165961516745,False
505,task_0506,3_040,7,415,task_0416,3_018,42.76125932029925,False
505,task_0506,3_040,8,547,task_0548,3_050,41.44340003185633,False
505,task_0506,3_040,9,374,task_0375,3_007,39.51866075294298,False
505,task_0506,3_040,10,372,task_0373,3_007,38.22920854067345,False
506,task_0507,3_040,1,504,task_0505,3_040,120.87475887787333,True
506,task_0507,3_040,2,505,task_0506,3_040,91.97518608688604,True
506,task_0507,3_040,3,503,task_0504,3_039,87.00804461266225,False
506,task_0507,3_040,4,497,task_0498,3_038,50.98659613866979,False
506,task_0507,3_040,5,417,task_0418,3_018,50.05860597018104,False
506,task_0507,3_040,6,483,task_0484,3_035,49.81146254194467,False
506,task_0507,3_040,7,413,task_0414,3_017,45.351761595715004,False
506,task_0507,3_040,8,501,task_0502,3_039,44.24016528498065,False
506,task_0507,3_040,9,372,task_0373,3_007,42.420898734496426,False
506,task_0507,3_040,10,373,task_0374,3_007,42.00853747366876,False
507,task_0508,3_040,1,511,task_0512,3_041,135.8806920816783,False
507,task_0508,3_040,2,509,task_0510,3_041,128.70222873475004,False
507,task_0508,3_040,3,513,task_0514,3_042,121.3855372159179,False
507,task_0508,3_040,4,484,task_0485,3_035,24.84894472913412,False
507,task_0508,3_040,5,483,task_0484,3_035,22.298405493820688,False
507,task_0508,3_040,6,469,task_0470,3_031,20.830968062593698,False
507,task_0508,3_040,7,486,task_0487,3_035,19.143510294282205,False
507,task_0508,3_040,8,545,task_0546,3_050,19.001167082337673,False
507,task_0508,3_040,9,543,task_0544,3_049,18.840125956803945,False
507,task_0508,3_040,10,473,task_0474,3_032,18.28044240733123,False
508,task_0509,3_041,1,512,task_0513,3_042,178.11878131276993,False
508,task_0509,3_041,2,514,task_0515,3_042,77.91848639206675,False
508,task_0509,3_041,3,510,task_0511,3_041,71.8500800995795,True
508,task_0509,3_041,4,528,task_0529,3_046,43.47138100162743,False
508,task_0509,3_041,5,534,task_0535,3_047,43.166853428602415,False
508,task_0509,3_041,6,532,task_0533,3_047,42.8281207547611,False
508,task_0509,3_041,7,530,task_0531,3_046,42.6044109775458,False
508,task_0509,3_041,8,419,task_0420,3_019,40.8403971552656,False
508,task_0509,3_041,9,496,task_0497,3_038,33.640204203858005,False
508,task_0509,3_041,10,414,task_0415,3_017,33.470924645981,False
509,task_0510,3_041,1,513,task_0514,3_042,133.16139190715376,False
509,task_0510,3_041,2,511,task_0512,3_041,130.5350069198546,True
509,task_0510,3_041,3,507,task_0508,3_040,128.70222873475004,False
509,task_0510,3_041,4,484,task_0485,3_035,24.938334435753607,False
509,task_0510,3_041,5,483,task_0484,3_035,22.194091870174113,False
509,task_0510,3_041,6,469,task_0470,3_031,21.06393195370336,False
509,task_0510,3_041,7,486,task_0487,3_035,19.271606693260008,False
509,task_0510,3_041,8,545,task_0546,3_050,19.239406866872308,False
509,task_0510,3_041,9,543,task_0544,3_049,18.872806781598957,False
509,task_0510,3_041,10,473,task_0474,3_032,18.41957481827095,False
510,task_0511,3_041,1,514,task_0515,3_042,84.6679102786662,False
510,task_0511,3_041,2,508,task_0509,3_041,67.27216549482436,True
510,task_0511,3_041,3,512,task_0513,3_042,62.39805482300465,False
510,task_0511,3_041,4,419,task_0420,3_019,33.22182563587005,False
510,task_0511,3_041,5,550,task_0551,3_051,29.842669824587304,False
510,task_0511,3_041,6,528,task_0529,3_046,28.907427500573874,False
510,task_0511,3_041,7,434,task_0435,3_022,28.746536334993895,False
510,task_0511,3_041,8,534,task_0535,3_047,28.683514531778425,False
510,task_0511,3_041,9,414,task_0415,3_017,28.177479534818954,False
510,task_0511,3_041,10,532,task_0533,3_047,27.847247801379126,False
511,task_0512,3_041,1,507,task_0508,3_040,135.82473295798908,False
511,task_0512,3_041,2,509,task_0510,3_041,130.4790477961654,True
511,task_0512,3_041,3,513,task_0514,3_042,121.03841424349115,False
511,task_0512,3_041,4,484,task_0485,3_035,20.687644042828506,False
511,task_0512,3_041,5,469,task_0470,3_031,20.429976549624474,False
511,task_0512,3_041,6,483,task_0484,3_035,19.18156300403627,False
511,task_0512,3_041,7,486,task_0487,3_035,18.772735175528194,False
511,task_0512,3_041,8,545,task_0546,3_050,18.57649595984369,False
511,task_0512,3_041,9,543,task_0544,3_049,18.309101040669816,False
511,task_0512,3_041,10,473,task_0474,3_032,17.877723544034804,False
512,task_0513,3_042,1,508,task_0509,3_041,180.1849827874944,False
512,task_0513,3_042,2,514,task_0515,3_042,82.01541889379968,True
512,task_0513,3_042,3,510,task_0511,3_041,67.44439642461717,False
512,task_0513,3_042,4,528,task_0529,3_046,43.0954369644677,False
512,task_0513,3_042,5,534,task_0535,3_047,42.79212358830991,False
512,task_0513,3_042,6,532,task_0533,3_047,42.44598576267389,False
512,task_0513,3_042,7,530,task_0531,3_046,42.223530435077734,False
512,task_0513,3_042,8,419,task_0420,3_019,40.49530363901262,False
512,task_0513,3_042,9,414,task_0415,3_017,33.14474893117481,False
512,task_0513,3_042,10,496,task_0497,3_038,31.914411842312383,False
513,task_0514,3_042,1,509,task_0510,3_041,133.16139190715376,False
513,task_0514,3_042,2,507,task_0508,3_040,121.3855372159179,False
513,task_0514,3_042,3,511,task_0512,3_041,121.09437336718037,False
513,task_0514,3_042,4,483,task_0484,3_035,24.200828775748043,False
513,task_0514,3_042,5,485,task_0486,3_035,22.11452229238467,False
513,task_0514,3_042,6,484,task_0485,3_035,17.881653087302226,False
513,task_0514,3_042,7,424,task_0425,3_020,17.081914834768327,False
513,task_0514,3_042,8,486,task_0487,3_035,17.047902206605237,False
513,task_0514,3_042,9,504,task_0505,3_040,16.719865136600145,False
513,task_0514,3_042,10,383,task_0384,3_010,15.617048826180888,False
514,task_0515,3_042,1,510,task_0511,3_041,87.49854331142872,False
514,task_0515,3_042,2,512,task_0513,3_042,78.17283070333256,True
514,task_0515,3_042,3,508,task_0509,3_041,75.19465464507495,False
514,task_0515,3_042,4,534,task_0535,3_047,36.19781693014947,False
514,task_0515,3_042,5,530,task_0531,3_046,35.13033150591718,False
514,task_0515,3_042,6,528,task_0529,3_046,35.07663809770069,False
514,task_0515,3_042,7,532,task_0533,3_047,34.392823411338796,False
514,task_0515,3_042,8,414,task_0415,3_017,31.594675996297603,False
514,task_0515,3_042,9,617,task_0618,4_014,31.187340705843226,False
514,task_0515,3_042,10,419,task_0420,3_019,30.32134297564783,False
515,task_0516,3_042,1,517,task_0518,3_043,51.290676809199326,False
515,task_0516,3_042,2,367,task_0368,3_006,20.479874822286117,False
515,task_0516,3_042,3,540,task_0541,3_049,19.593580055947875,False
515,task_0516,3_042,4,370,task_0371,3_006,19.36288041304071,False
515,task_0516,3_042,5,489,task_0490,3_036,18.778530523363255,False
515,task_0516,3_042,6,479,task_0480,3_034,18.310878836795496,False
515,task_0516,3_042,7,475,task_0476,3_033,18.294972667235587,False
515,task_0516,3_042,8,481,task_0482,3_034,18.227971477860027,False
515,task_0516,3_042,9,493,task_0494,3_037,17.900417119901554,False
515,task_0516,3_042,10,368,task_0369,3_006,17.687629690408222,False
516,task_0517,3_043,1,518,task_0519,3_043,97.2782178062717,True
516,task_0517,3_043,2,487,task_0488,1_048,51.502695469796585,False
516,task_0517,3_043,3,402,task_0403,3_014,49.101336352510934,False
516,task_0517,3_043,4,517,task_0518,3_043,47.44896962029868,True
516,task_0517,3_043,5,398,task_0399,3_013,46.19821145129988,False
516,task_0517,3_043,6,540,task_0541,3_049,42.24612170993447,False
516,task_0517,3_043,7,477,task_0478,3_033,41.615131800478345,False
516,task_0517,3_043,8,479,task_0480,3_034,41.61038569637011,False
516,task_0517,3_043,9,481,task_0482,3_034,41.52747833743464,False
516,task_0517,3_043,10,422,task_0423,3_019,40.517636759093755,False
517,task_0518,3_043,1,515,task_0516,3_042,67.69242469212297,False
517,task_0518,3_043,2,546,task_0547,3_050,51.74996891312793,False
517,task_0518,3_043,3,540,task_0541,3_049,51.14146845499957,False
517,task_0518,3_043,4,542,task_0543,3_049,50.597750052914975,False
517,task_0518,3_043,5,516,task_0517,3_043,50.46205869985229,True
517,task_0518,3_043,6,518,task_0519,3_043,46.537414900409395,True
517,task_0518,3_043,7,487,task_0488,1_048,42.64209402874045,False
517,task_0518,3_043,8,552,task_0553,3_052,42.05669445554775,False
517,task_0518,3_043,9,491,task_0492,3_036,39.56483906443021,False
517,task_0518,3_043,10,553,task_0554,3_052,39.25028434620865,False
518,task_0519,3_043,1,516,task_0517,3_043,100.78758700142284,True
518,task_0519,3_043,2,487,task_0488,1_048,59.0810784212427,False
518,task_0519,3_043,3,398,task_0399,3_013,46.08696783550303,False
518,task_0519,3_043,4,517,task_0518,3_043,45.570864229685824,True
518,task_0519,3_043,5,542,task_0543,3_049,41.48300768221006,False
518,task_0519,3_043,6,540,task_0541,3_049,40.424125595580854,False
518,task_0519,3_043,7,402,task_0403,3_014,40.39684520160994,False
518,task_0519,3_043,8,422,task_0423,3_019,39.387075088577625,False
518,task_0519,3_043,9,477,task_0478,3_033,38.41438885553516,False
518,task_0519,3_043,10,479,task_0480,3_034,37.88532667577248,False
519,task_0520,3_043,1,523,task_0524,3_044,98.14981539434382,False
519,task_0520,3_043,2,521,task_0522,3_044,88.37944616175194,False
519,task_0520,3_043,3,525,task_0526,3_045,87.96862452251597,False
519,task_0520,3_043,4,359,task_0360,3_004,26.370926510986315,False
519,task_0520,3_043,5,361,task_0362,3_004,25.77842350931117,False
519,task_0520,3_043,6,432,task_0433,3_022,25.71880657730626,False
519,task_0520,3_043,7,365,task_0366,3_005,24.871465469292747,False
519,task_0520,3_043,8,366,task_0367,3_005,24.549858139901982,False
519,task_0520,3_043,9,436,task_0437,3_023,22.758123356805143,False
519,task_0520,3_043,10,448,task_0449,3_026,22.119799682891166,False
520,task_0521,3_044,1,524,task_0525,3_045,130.44271993496835,False
520,task_0521,3_044,2,522,task_0523,3_044,51.799012026701156,True
520,task_0521,3_044,3,526,task_0527,3_045,42.796556891761476,False
520,task_0521,3_044,4,464,task_0465,3_030,39.54673023828706,False
520,task_0521,3_044,5,389,task_0390,3_011,38.227174796875595,False
520,task_0521,3_044,6,380,task_0381,3_009,37.02892012182505,False
520,task_0521,3_044,7,426,task_0427,3_020,36.96404508686141,False
520,task_0521,3_044,8,424,task_0425,3_020,36.43058402372181,False
520,task_0521,3_044,9,423,task_0424,3_020,35.59770193342402,False
520,task_0521,3_044,10,490,task_0491,3_036,34.43392941742131,False
521,task_0522,3_044,1,525,task_0526,3_045,169.66558614661776,False
521,task_0522,3_044,2,519,task_0520,3_043,106.39123161787042,False
521,task_0522,3_044,3,523,task_0524,3_044,104.1468255724546,True
521,task_0522,3_044,4,432,task_0433,3_022,43.79100467957322,False
521,task_0522,3_044,5,359,task_0360,3_004,41.271417408280946,False
521,task_0522,3_044,6,436,task_0437,3_023,40.79629436189163,False
521,task_0522,3_044,7,361,task_0362,3_004,39.05537252158599,False
521,task_0522,3_044,8,493,task_0494,3_037,38.50292440952542,False
521,task_0522,3_044,9,414,task_0415,3_017,35.96540986318162,False
521,task_0522,3_044,10,450,task_0451,3_026,34.61340643629513,False
522,task_0523,3_044,1,526,task_0527,3_045,100.74705503955686,False
522,task_0523,3_044,2,559,task_0560,3_053,59.95963445067098,False
522,task_0523,3_044,3,464,task_0465,3_030,59.8412889885356,False
522,task_0523,3_044,4,563,task_0564,3_054,56.28808968335653,False
522,task_0523,3_044,5,524,task_0525,3_045,55.34104862540149,False
522,task_0523,3_044,6,386,task_0387,3_010,50.8509402517245,False
522,task_0523,3_044,7,382,task_0383,3_009,48.440840775340284,False
522,task_0523,3_044,8,536,task_0537,3_048,48.33239442140507,False
522,task_0523,3_044,9,467,task_0468,3_031,48.299062257266534,False
522,task_0523,3_044,10,483,task_0484,3_035,47.77068356720074,False
523,task_0524,3_044,1,519,task_0520,3_043,96.81775231270703,False
523,task_0524,3_044,2,521,task_0522,3_044,85.68597284115266,True
523,task_0524,3_044,3,525,task_0526,3_045,81.2511070756371,False
523,task_0524,3_044,4,365,task_0366,3_005,24.871465469292747,False
523,task_0524,3_044,5,366,task_0367,3_005,24.549858139901982,False
523,task_0524,3_044,6,359,task_0360,3_004,23.361127493773246,False
523,task_0524,3_044,7,432,task_0433,3_022,22.81408796501508,False
523,task_0524,3_044,8,361,task_0362,3_004,22.37817958018379,False
523,task_0524,3_044,9,448,task_0449,3_026,22.119799682891166,False
523,task_0524,3_044,10,472,task_0473,3_032,21.643726959564212,False
524,task_0525,3_045,1,520,task_0521,3_044,133.90802671205472,False
524,task_0525,3_045,2,526,task_0527,3_045,64.34314164430987,True
524,task_0525,3_045,3,522,task_0523,3_044,63.35529024900254,False
524,task_0525,3_045,4,464,task_0465,3_030,43.86023454885019,False
524,task_0525,3_045,5,389,task_0390,3_011,41.61615089243552,False
524,task_0525,3_045,6,423,task_0424,3_020,41.031621165136,False
524,task_0525,3_045,7,538,task_0539,3_048,39.24031238621863,False
524,task_0525,3_045,8,492,task_0493,3_037,38.972994110523544,False
524,task_0525,3_045,9,490,task_0491,3_036,38.764485629374114,False
524,task_0525,3_045,10,494,task_0495,3_037,38.60341921555771,False
525,task_0526,3_045,1,521,task_0522,3_044,169.1202180864664,False
525,task_0526,3_045,2,519,task_0520,3_043,106.39123161787042,False
525,task_0526,3_045,3,523,task_0524,3_044,98.14981539434382,False
525,task_0526,3_045,4,361,task_0362,3_004,39.05537252158599,False
525,task_0526,3_045,5,359,task_0360,3_004,38.776114210286934,False
525,task_0526,3_045,6,432,task_0433,3_022,38.40149535426459,False
525,task_0526,3_045,7,450,task_0451,3_026,36.93117271930721,False
525,task_0526,3_045,8,436,task_0437,3_023,35.32272599133826,False
525,task_0526,3_045,9,493,task_0494,3_037,34.26248709828823,False
525,task_0526,3_045,10,110,task_0111,1_028,31.510992879010093,False
526,task_0527,3_045,1,522,task_0523,3_044,100.74705503955686,False
526,task_0527,3_045,2,464,task_0465,3_030,60.75786806433176,False
526,task_0527,3_045,3,563,task_0564,3_054,57.2274888922814,False
526,task_0527,3_045,4,524,task_0525,3_045,56.218908912126565,True
526,task_0527,3_045,5,559,task_0560,3_053,56.08828721130809,False
526,task_0527,3_045,6,386,task_0387,3_010,50.8509402517245,False
526,task_0527,3_045,7,483,task_0484,3_035,48.22178261938338,False
526,task_0527,3_045,8,382,task_0383,3_009,47.189485142825944,False
526,task_0527,3_045,9,536,task_0537,3_048,46.89901016846751,False
526,task_0527,3_045,10,473,task_0474,3_032,46.43729674933426,False
527,task_0528,3_045,1,529,task_0530,3_046,64.68110928406202,False
527,task_0528,3_045,2,533,task_0534,3_047,48.837007304982166,False
527,task_0528,3_045,3,413,task_0414,3_017,47.24151759955283,False
527,task_0528,3_045,4,465,task_0466,3_030,45.71263328123928,False
527,task_0528,3_045,5,560,task_0561,3_054,45.507885205843365,False
527,task_0528,3_045,6,483,task_0484,3_035,45.00935621804781,False
527,task_0528,3_045,7,417,task_0418,3_018,44.345314094639825,False
527,task_0528,3_045,8,531,task_0532,3_046,44.09822537640542,False
527,task_0528,3_045,9,499,task_0500,3_038,43.174640105808535,False
527,task_0528,3_045,10,556,task_0557,3_053,42.50981230928658,False
528,task_0529,3_046,1,534,task_0535,3_047,182.8702974705522,False
528,task_0529,3_046,2,530,task_0531,3_046,179.75106302728204,True
528,task_0529,3_046,3,532,task_0533,3_047,176.6156762280599,False
528,task_0529,3_046,4,414,task_0415,3_017,53.729009378433226,False
528,task_0529,3_046,5,363,task_0364,3_005,51.89847719095816,False
528,task_0529,3_046,6,364,task_0365,3_005,50.87687987643013,False
528,task_0529,3_046,7,508,task_0509,3_041,44.44603203417246,False
528,task_0529,3_046,8,419,task_0420,3_019,43.614061779900034,False
528,task_0529,3_046,9,512,task_0513,3_042,43.437080187809975,False
528,task_0529,3_046,10,418,task_0419,3_018,38.68101813092467,False
529,task_0530,3_046,1,533,task_0534,3_047,68.3208362604634,False
529,task_0530,3_046,2,527,task_0528,3_045,65.60762487580902,False
529,task_0530,3_046,3,443,task_0444,3_025,52.56278546353634,False
529,task_0530,3_046,4,441,task_0442,3_024,51.72373167613367,False
529,task_0530,3_046,5,499,task_0500,3_038,47.010460182833725,False
529,task_0530,3_046,6,501,task_0502,3_039,44.4984690103166,False
529,task_0530,3_046,7,497,task_0498,3_038,42.85846379865596,False
529,task_0530,3_046,8,531,task_0532,3_046,42.432961208495975,True
529,task_0530,3_046,9,560,task_0561,3_054,42.03060260904098,False
529,task_0530,3_046,10,495,task_0496,3_037,40.27897121413461,False
530,task_0531,3_046,1,532,task_0533,3_047,186.05354610817696,False
530,task_0531,3_046,2,528,task_0529,3_046,177.7009557408403,True
530,task_0531,3_046,3,534,task_0535,3_047,174.0233248408465,False
530,task_0531,3_046,4,414,task_0415,3_017,53.729009378433226,False
530,task_0531,3_046,5,363,task_0364,3_005,51.89847719095816,False
530,task_0531,3_046,6,364,task_0365,3_005,50.87687987643013,False
530,task_0531,3_046,7,508,task_0509,3_041,44.44603203417246,False
530,task_0531,3_046,8,512,task_0513,3_042,43.437080187809975,False
530,task_0531,3_046,9,421,task_0422,3_019,41.04754277880106,False
530,task_0531,3_046,10,419,task_0420,3_019,40.64465673020784,False
531,task_0532,3_046,1,533,task_0534,3_047,46.66381650111401,False
531,task_0532,3_046,2,560,task_0561,3_054,43.965510546919504,False
531,task_0532,3_046,3,527,task_0528,3_045,42.93687328195215,False
531,task_0532,3_046,4,529,task_0530,3_046,40.87203729555723,True
531,task_0532,3_046,5,413,task_0414,3_017,33.50220144837591,False
531,task_0532,3_046,6,417,task_0418,3_018,31.026242040090867,False
531,task_0532,3_046,7,522,task_0523,3_044,30.59556797340067,False
531,task_0532,3_046,8,467,task_0468,3_031,29.114926269039834,False
531,task_0532,3_046,9,473,task_0474,3_032,28.507622530670623,False
531,task_0532,3_046,10,501,task_0502,3_039,28.013397593661395,False
532,task_0533,3_047,1,530,task_0531,3_046,185.05001196378518,False
532,task_0533,3_047,2,534,task_0535,3_047,176.6867183434516,True
532,task_0533,3_047,3,528,task_0529,3_046,173.706715526947,False
532,task_0533,3_047,4,414,task_0415,3_017,53.729009378433226,False
532,task_0533,3_047,5,363,task_0364,3_005,51.89847719095816,False
532,task_0533,3_047,6,364,task_0365,3_005,50.87687987643013,False
532,task_0533,3_047,7,508,task_0509,3_041,44.44603203417246,False
532,task_0533,3_047,8,512,task_0513,3_042,43.437080187809975,False
532,task_0533,3_047,9,421,task_0422,3_019,41.04754277880106,False
532,task_0533,3_047,10,419,task_0420,3_019,40.64465673020784,False
533,task_0534,3_047,1,529,task_0530,3_046,70.30167533245425,False
533,task_0534,3_047,2,441,task_0442,3_024,54.67261717956027,False
533,task_0534,3_047,3,443,task_0444,3_025,53.04634805445388,False
533,task_0534,3_047,4,531,task_0532,3_046,51.88312569119815,False
533,task_0534,3_047,5,527,task_0528,3_045,49.58576538573943,False
533,task_0534,3_047,6,560,task_0561,3_054,49.128236598718075,False
533,task_0534,3_047,7,439,task_0440,3_024,45.775448495095226,False
533,task_0534,3_047,8,431,task_0432,3_022,37.76769045637787,False
533,task_0534,3_047,9,473,task_0474,3_032,37.52450896329745,False
533,task_0534,3_047,10,501,task_0502,3_039,37.115870696319355,False
534,task_0535,3_047,1,528,task_0529,3_046,183.9189528144935,False
534,task_0535,3_047,2,532,task_0533,3_047,180.7242587764247,True
534,task_0535,3_047,3,530,task_0531,3_046,176.57906736810273,False
534,task_0535,3_047,4,414,task_0415,3_017,53.729009378433226,False
534,task_0535,3_047,5,363,task_0364,3_005,51.89847719095816,False
534,task_0535,3_047,6,364,task_0365,3_005,50.87687987643013,False
534,task_0535,3_047,7,508,task_0509,3_041,44.44603203417246,False
534,task_0535,3_047,8,419,task_0420,3_019,43.614061779900034,False
534,task_0535,3_047,9,512,task_0513,3_042,43.437080187809975,False
534,task_0535,3_047,10,418,task_0419,3_018,38.68101813092467,False
535,task_0536,3_047,1,538,task_0539,3_048,44.94481242193626,False
535,task_0536,3_047,2,537,task_0538,3_048,44.123982554654134,False
535,task_0536,3_047,3,536,task_0537,3_048,43.8874616627006,False
535,task_0536,3_047,4,459,task_0460,3_029,18.42939702583904,False
535,task_0536,3_047,5,533,task_0534,3_047,16.81587400925815,True
535,task_0536,3_047,6,420,task_0421,3_019,15.702307172842039,False
535,task_0536,3_047,7,370,task_0371,3_006,15.505051268911881,False
535,task_0536,3_047,8,479,task_0480,3_034,15.21911218258475,False
535,task_0536,3_047,9,481,task_0482,3_034,15.136204823649281,False
535,task_0536,3_047,10,475,task_0476,3_033,15.101674328525146,False
536,task_0537,3_048,1,538,task_0539,3_048,138.4531344747458,True
536,task_0537,3_048,2,537,task_0538,3_048,132.92209428504142,True
536,task_0537,3_048,3,535,task_0536,3_047,60.97545189929084,False
536,task_0537,3_048,4,469,task_0470,3_031,58.06395198324879,False
536,task_0537,3_048,5,368,task_0369,3_006,51.78559250182022,False
536,task_0537,3_048,6,417,task_0418,3_018,51.227413616426354,False
536,task_0537,3_048,7,497,task_0498,3_038,50.41174473380677,False
536,task_0537,3_048,8,467,task_0468,3_031,50.050752317043994,False
536,task_0537,3_048,9,560,task_0561,3_054,49.79846172942976,False
536,task_0537,3_048,10,522,task_0523,3_044,48.921232294641136,False
537,task_0538,3_048,1,536,task_0537,3_048,134.46053848966997,True
537,task_0538,3_048,2,538,task_0539,3_048,133.36094912422956,True
537,task_0538,3_048,3,368,task_0369,3_006,63.048621949617875,False
537,task_0538,3_048,4,535,task_0536,3_047,60.97545189929084,False
537,task_0538,3_048,5,461,task_0462,3_029,56.875555675733565,False
537,task_0538,3_048,6,455,task_0456,3_028,56.28633250241942,False
537,task_0538,3_048,7,457,task_0458,3_028,55.88499129423547,False
537,task_0538,3_048,8,560,task_0561,3_054,55.74584969703713,False
537,task_0538,3_048,9,370,task_0371,3_006,52.04873564152309,False
537,task_0538,3_048,10,556,task_0557,3_053,50.7214103815558,False
538,task_0539,3_048,1,536,task_0537,3_048,132.50160946292644,True
538,task_0539,3_048,2,537,task_0538,3_048,126.63015965419518,True
538,task_0539,3_048,3,535,task_0536,3_047,60.97545189929084,False
538,task_0539,3_048,4,467,task_0468,3_031,53.504590061767935,False
538,task_0539,3_048,5,471,task_0472,3_032,52.2431479015628,False
538,task_0539,3_048,6,469,task_0470,3_031,51.062810069182575,False
538,task_0539,3_048,7,473,task_0474,3_032,50.923942884611044,False
538,task_0539,3_048,8,522,task_0523,3_044,48.963161783094485,False
538,task_0539,3_048,9,560,task_0561,3_054,47.27440559334575,False
538,task_0539,3_048,10,526,task_0527,3_045,44.95585991327831,False
539,task_0540,3_048,1,543,task_0544,3_049,97.38291801206485,False
539,task_0540,3_048,2,541,task_0542,3_049,71.52800784507367,False
539,task_0540,3_048,3,545,task_0546,3_050,71.03511877002659,False
539,task_0540,3_048,4,347,task_0348,3_001,38.078573266828236,False
539,task_0540,3_048,5,473,task_0474,3_032,37.594135995111095,False
539,task_0540,3_048,6,411,task_0412,3_017,37.39831116900352,False
539,task_0540,3_048,7,467,task_0468,3_031,35.46422696656105,False
539,task_0540,3_048,8,348,task_0349,3_001,35.215448994658516,False
539,task_0540,3_048,9,471,task_0472,3_032,33.97058338951388,False
539,task_0540,3_048,10,415,task_0416,3_018,33.78997954076364,False
540,task_0541,3_049,1,542,task_0543,3_049,106.84659547592234,True
540,task_0541,3_049,2,546,task_0547,3_050,96.22020552641537,False
540,task_0541,3_049,3,544,task_0545,3_050,89.75384232275458,False
540,task_0541,3_049,4,396,task_0397,3_013,71.3087406833709,False
540,task_0541,3_049,5,400,task_0401,3_014,65.00875510757882,False
540,task_0541,3_049,6,517,task_0518,3_043,55.672690512417915,False
540,task_0541,3_049,7,555,task_0556,3_052,54.10686601668771,False
540,task_0541,3_049,8,562,task_0563,3_054,51.86758269526417,False
540,task_0541,3_049,9,553,task_0554,3_052,51.53299600975097,False
540,task_0541,3_049,10,558,task_0559,3_053,51.425729048058486,False
541,task_0542,3_049,1,539,task_0540,3_048,56.844437526536616,False
541,task_0542,3_049,2,543,task_0544,3_049,34.760888938153066,True
541,task_0542,3_049,3,545,task_0546,3_050,23.275687332625978,False
541,task_0542,3_049,4,415,task_0416,3_018,11.446946830122531,False
541,task_0542,3_049,5,411,task_0412,3_017,11.117341082952334,False
541,task_0542,3_049,6,631,task_0632,4_017,10.330854203938198,False
541,task_0542,3_049,7,710,task_0711,4_037,9.925029822505108,False
541,task_0542,3_049,8,694,task_0695,4_033,9.719674928525281,False
541,task_0542,3_049,9,711,task_0712,4_037,9.421122630248243,False
541,task_0542,3_049,10,629,task_0630,4_017,8.830587626975362,False
542,task_0543,3_049,1,546,task_0547,3_050,123.33975527551536,False
542,task_0543,3_049,2,540,task_0541,3_049,102.37611438781967,True
542,task_0543,3_049,3,398,task_0399,3_013,82.78189629548392,False
542,task_0543,3_049,4,544,task_0545,3_050,65.21299983087587,False
542,task_0543,3_049,5,402,task_0403,3_014,64.14956297468416,False
542,task_0543,3_049,6,552,task_0553,3_052,55.243445554294674,False
542,task_0543,3_049,7,553,task_0554,3_052,54.35332330194475,False
542,task_0543,3_049,8,396,task_0397,3_013,53.00355719161873,False
542,task_0543,3_049,9,517,task_0518,3_043,52.04494863055516,False
542,task_0543,3_049,10,558,task_0559,3_053,48.40061096417544,False
543,task_0544,3_049,1,545,task_0546,3_050,100.08695127751727,False
543,task_0544,3_049,2,539,task_0540,3_048,99.04563754664288,False
543,task_0544,3_049,3,541,task_0542,3_049,43.495411466679286,True
543,task_0544,3_049,4,483,task_0484,3_035,40.95882073954539,False
543,task_0544,3_049,5,467,task_0468,3_031,36.986428995506486,False
543,task_0544,3_049,6,347,task_0348,3_001,36.43158995536011,False
543,task_0544,3_049,7,486,task_0487,3_035,36.192669566815496,False
543,task_0544,3_049,8,473,task_0474,3_032,35.7801571595236,False
543,task_0544,3_049,9,348,task_0349,3_001,35.215448994658516,False
543,task_0544,3_049,10,373,task_0374,3_007,34.80321478898115,False
544,task_0545,3_050,1,540,task_0541,3_049,82.08243333855644,False
544,task_0545,3_050,2,546,task_0547,3_050,62.27082924954447,True
544,task_0545,3_050,3,542,task_0543,3_049,60.14070890795767,False
544,task_0545,3_050,4,396,task_0397,3_013,46.09370523397285,False
544,task_0545,3_050,5,562,task_0563,3_054,37.646089254165496,False
544,task_0545,3_050,6,558,task_0559,3_053,37.02500654208773,False
544,task_0545,3_050,7,400,task_0401,3_014,36.87611137561961,False
544,task_0545,3_050,8,381,task_0382,3_009,36.78213769515351,False
544,task_0545,3_050,9,553,task_0554,3_052,35.31537989107079,False
544,task_0545,3_050,10,555,task_0556,3_052,34.44825024645539,False
545,task_0546,3_050,1,543,task_0544,3_049,98.53404111856285,False
545,task_0546,3_050,2,539,task_0540,3_048,71.1851569358552,False
545,task_0546,3_050,3,483,task_0484,3_035,48.62650399779141,False
545,task_0546,3_050,4,485,task_0486,3_035,44.45311745771457,False
545,task_0546,3_050,5,383,task_0384,3_010,42.429014689332575,False
545,task_0546,3_050,6,469,task_0470,3_031,41.96735332636969,False
545,task_0546,3_050,7,464,task_0465,3_030,41.69049334540368,False
545,task_0546,3_050,8,473,task_0474,3_032,40.30940857976607,False
545,task_0546,3_050,9,467,task_0468,3_031,40.1820647112118,False
545,task_0546,3_050,10,385,task_0386,3_010,40.176107561188694,False
546,task_0547,3_050,1,542,task_0543,3_049,123.40688920904152,False
546,task_0547,3_050,2,402,task_0403,3_014,103.35210996743636,False
546,task_0547,3_050,3,540,task_0541,3_049,93.10194222006827,False
546,task_0547,3_050,4,398,task_0399,3_013,71.23620282563394,False
546,task_0547,3_050,5,544,task_0545,3_050,68.56365716968,True
546,task_0547,3_050,6,552,task_0553,3_052,55.61236692518683,False
546,task_0547,3_050,7,396,task_0397,3_013,55.108624852102096,False
546,task_0547,3_050,8,517,task_0518,3_043,53.20043340634158,False
546,task_0547,3_050,9,553,task_0554,3_052,51.71264766304258,False
546,task_0547,3_050,10,400,task_0401,3_014,48.89052562819398,False
547,task_0548,3_050,1,551,task_0552,3_051,46.67498469728204,False
547,task_0548,3_050,2,423,task_0424,3_020,45.52383923770497,False
547,task_0548,3_050,3,492,task_0493,3_037,42.40693881327745,False
547,task_0548,3_050,4,451,task_0452,3_027,40.38468334264889,False
547,task_0548,3_050,5,503,task_0504,3_039,40.117214998174546,False
547,task_0548,3_050,6,505,task_0506,3_040,40.117214998174546,False
547,task_0548,3_050,7,454,task_0455,3_027,39.53776595884266,False
547,task_0548,3_050,8,538,task_0539,3_048,38.8409442398832,False
547,task_0548,3_050,9,465,task_0466,3_030,36.65378396791402,False
547,task_0548,3_050,10,463,task_0464,3_030,36.60702278583875,False
548,task_0549,3_051,1,550,task_0551,3_051,149.03385418461303,True
548,task_0549,3_051,2,472,task_0473,3_032,50.060165480130436,False
548,task_0549,3_051,3,468,task_0469,3_031,48.80994143724091,False
548,task_0549,3_051,4,470,task_0471,3_031,46.25122349045028,False
548,task_0549,3_051,5,365,task_0366,3_005,45.39257175877732,False
548,task_0549,3_051,6,375,task_0376,3_008,44.69866493503605,False
548,task_0549,3_051,7,498,task_0499,3_038,42.14644423149614,False
548,task_0549,3_051,8,366,task_0367,3_005,40.945300331217766,False
548,task_0549,3_051,9,414,task_0415,3_017,40.61807096618632,False
548,task_0549,3_051,10,474,task_0475,3_032,39.405698988631,False
549,task_0550,3_051,1,494,task_0495,3_037,66.43060834430483,False
549,task_0550,3_051,2,490,task_0491,3_036,64.27315927644513,False
549,task_0550,3_051,3,492,task_0493,3_037,54.9183467316993,False
549,task_0550,3_051,4,488,task_0489,3_036,46.54917988820124,False
549,task_0550,3_051,5,454,task_0455,3_027,43.33373857302428,False
549,task_0550,3_051,6,423,task_0424,3_020,42.31050540332073,False
549,task_0550,3_051,7,426,task_0427,3_020,39.62872428039645,False
549,task_0550,3_051,8,452,task_0453,3_027,39.33062141724143,False
549,task_0550,3_051,9,417,task_0418,3_018,38.09890576040147,False
549,task_0550,3_051,10,465,task_0466,3_030,38.08681111655787,False
550,task_0551,3_051,1,548,task_0549,3_051,159.90747679027285,True
550,task_0551,3_051,2,472,task_0473,3_032,50.06016548013043,False
550,task_0551,3_051,3,468,task_0469,3_031,48.809941437240916,False
550,task_0551,3_051,4,375,task_0376,3_008,45.20813385469929,False
550,task_0551,3_051,5,365,task_0366,3_005,43.962112369471804,False
550,task_0551,3_051,6,470,task_0471,3_031,42.243435712659426,False
550,task_0551,3_051,7,498,task_0499,3_038,42.14644423149613,False
550,task_0551,3_051,8,184,task_0185,1_047,41.90598099402317,False
550,task_0551,3_051,9,414,task_0415,3_017,41.40917907805482,False
550,task_0551,3_051,10,366,task_0367,3_005,39.53066605379036,False
551,task_0552,3_051,1,547,task_0548,3_050,42.586718449063,False
551,task_0552,3_051,2,503,task_0504,3_039,32.321410849147384,False
551,task_0552,3_051,3,505,task_0506,3_040,32.321410849147384,False
551,task_0552,3_051,4,413,task_0414,3_017,28.23324112705282,False
551,task_0552,3_051,5,456,task_0457,3_028,27.094737525447663,False
551,task_0552,3_051,6,350,task_0351,3_001,26.544240930750735,False
551,task_0552,3_051,7,374,task_0375,3_007,25.905237714022586,False
551,task_0552,3_051,8,417,task_0418,3_018,25.81623374092461,False
551,task_0552,3_051,9,465,task_0466,3_030,25.714654129844316,False
551,task_0552,3_051,10,463,task_0464,3_030,25.66789294776904,False
552,task_0553,3_052,1,553,task_0554,3_052,194.69842259791008,True
552,task_0553,3_052,2,555,task_0556,3_052,148.28043501205912,True
552,task_0553,3_052,3,546,task_0547,3_050,61.266203438204144,False
552,task_0553,3_052,4,542,task_0543,3_049,58.07900617060931,False
552,task_0553,3_052,5,554,task_0555,3_052,56.00005982030989,True
552,task_0553,3_052,6,540,task_0541,3_049,50.20825686421824,False
552,task_0553,3_052,7,423,task_0424,3_020,49.89616988645604,False
552,task_0553,3_052,8,473,task_0474,3_032,46.685275832355565,False
552,task_0553,3_052,9,517,task_0518,3_043,46.44217367492695,False
552,task_0553,3_052,10,460,task_0461,3_029,45.730407669661155,False
553,task_0554,3_052,1,552,task_0553,3_052,195.5131348280764,True
553,task_0554,3_052,2,555,task_0556,3_052,169.71697308865708,True
553,task_0554,3_052,3,540,task_0541,3_049,59.125158092588045,False
553,task_0554,3_052,4,542,task_0543,3_049,58.07900617060931,False
553,task_0554,3_052,5,554,task_0555,3_052,56.00005982030989,True
553,task_0554,3_052,6,546,task_0547,3_050,55.84301018676963,False
553,task_0554,3_052,7,381,task_0382,3_009,49.576815563347445,False
553,task_0554,3_052,8,544,task_0545,3_050,47.959287829927426,False
553,task_0554,3_052,9,379,task_0380,3_009,47.61491197953129,False
553,task_0554,3_052,10,423,task_0424,3_020,46.65972648012879,False
554,task_0555,3_052,1,555,task_0556,3_052,56.09843201824203,True
554,task_0555,3_052,2,553,task_0554,3_052,36.211158663353295,True
554,task_0555,3_052,3,552,task_0553,3_052,34.854670371826494,True
554,task_0555,3_052,4,423,task_0424,3_020,23.548264429200476,False
554,task_0555,3_052,5,462,task_0463,3_029,20.779594800755522,False
554,task_0555,3_052,6,384,task_0385,3_010,20.215008733105243,False
554,task_0555,3_052,7,466,task_0467,3_030,20.114030632623283,False
554,task_0555,3_052,8,420,task_0421,3_019,18.92130299458223,False
554,task_0555,3_052,9,350,task_0351,3_001,18.797278343571566,False
554,task_0555,3_052,10,517,task_0518,3_043,18.74991309903405,False
555,task_0556,3_052,1,553,task_0554,3_052,155.82328355499888,True
555,task_0556,3_052,2,552,task_0553,3_052,137.33819740267904,True
555,task_0556,3_052,3,554,task_0555,3_052,83.01393882833278,True
555,task_0556,3_052,4,540,task_0541,3_049,55.07020037968291,False
555,task_0556,3_052,5,546,task_0547,3_050,48.11487125244935,False
555,task_0556,3_052,6,542,task_0543,3_049,46.372710677302926,False
555,task_0556,3_052,7,460,task_0461,3_029,45.06562553848998,False
555,task_0556,3_052,8,423,task_0424,3_020,43.481592973014195,False
555,task_0556,3_052,9,517,task_0518,3_043,42.695347231223934,False
555,task_0556,3_052,10,462,task_0463,3_029,40.68200203707273,False
556,task_0557,3_053,1,560,task_0561,3_054,125.2127181633429,False
556,task_0557,3_053,2,558,task_0559,3_053,106.24305027255001,True
556,task_0557,3_053,3,562,task_0563,3_054,98.09842529932564,False
556,task_0557,3_053,4,465,task_0466,3_030,52.347655797154864,False
556,task_0557,3_053,5,463,task_0464,3_030,52.30089461507959,False
556,task_0557,3_053,6,369,task_0370,3_006,52.12944149239627,False
556,task_0557,3_053,7,527,task_0528,3_045,47.218781530232626,False
556,task_0557,3_053,8,537,task_0538,3_048,44.77144660479642,False
556,task_0557,3_053,9,536,task_0537,3_048,44.24600932579882,False
556,task_0557,3_053,10,461,task_0462,3_029,43.7642845119873,False
557,task_0558,3_053,1,561,task_0562,3_054,55.12697502148906,False
557,task_0558,3_053,2,466,task_0467,3_030,48.548674361295284,False
557,task_0558,3_053,3,559,task_0560,3_053,47.131885526800794,True
557,task_0558,3_053,4,384,task_0385,3_010,41.18390141666948,False
557,task_0558,3_053,5,563,task_0564,3_054,40.895306232580104,False
557,task_0558,3_053,6,464,task_0465,3_030,37.39205760017237,False
557,task_0558,3_053,7,386,task_0387,3_010,37.24868093624059,False
557,task_0558,3_053,8,382,task_0383,3_009,28.153501459364257,False
557,task_0558,3_053,9,380,task_0381,3_009,26.546930906143224,False
557,task_0558,3_053,10,462,task_0463,3_029,25.6872232127805,False
558,task_0559,3_053,1,562,task_0563,3_054,205.25823837420188,False
558,task_0559,3_053,2,556,task_0557,3_053,117.87446772392283,True
558,task_0559,3_053,3,560,task_0561,3_054,102.87119382248525,False
558,task_0559,3_053,4,396,task_0397,3_013,63.00036756711413,False
558,task_0559,3_053,5,487,task_0488,1_048,58.343000964778184,False
558,task_0559,3_053,6,491,task_0492,3_036,58.14463866245566,False
558,task_0559,3_053,7,400,task_0401,3_014,54.898516806860314,False
558,task_0559,3_053,8,457,task_0458,3_028,54.828035358511606,False
558,task_0559,3_053,9,540,task_0541,3_049,53.96010031324917,False
558,task_0559,3_053,10,455,task_0456,3_028,53.03490757473511,False
559,task_0560,3_053,1,563,task_0564,3_054,111.31940194447091,False
559,task_0560,3_053,2,464,task_0465,3_030,87.611800012313,False
559,task_0560,3_053,3,386,task_0387,3_010,68.21314578756325,False
559,task_0560,3_053,4,522,task_0523,3_044,63.76111596826744,False
559,task_0560,3_053,5,557,task_0558,3_053,62.217790510873584,True
559,task_0560,3_053,6,526,task_0527,3_045,60.28999589676011,False
559,task_0560,3_053,7,561,task_0562,3_054,55.12697502148906,False
559,task_0560,3_053,8,483,task_0484,3_035,54.72367321148631,False
559,task_0560,3_053,9,382,task_0383,3_009,53.66350479691977,False
559,task_0560,3_053,10,456,task_0457,3_028,53.602497860129745,False
560,task_0561,3_054,1,556,task_0557,3_053,133.2195644803109,False
560,task_0561,3_054,2,562,task_0563,3_054,106.9052354107819,True
560,task_0561,3_054,3,558,task_0559,3_053,98.93021889946428,False
560,task_0561,3_054,4,533,task_0534,3_047,60.62961272751515,False
560,task_0561,3_054,5,369,task_0370,3_006,60.28234281031583,False
560,task_0561,3_054,6,457,task_0458,3_028,59.57094131126273,False
560,task_0561,3_054,7,455,task_0456,3_028,58.69828374867728,False
560,task_0561,3_054,8,531,task_0532,3_046,57.73028246823939,False
560,task_0561,3_054,9,368,task_0369,3_006,55.64933290461815,False
560,task_0561,3_054,10,538,task_0539,3_048,55.4550743424987,False
561,task_0562,3_054,1,557,task_0558,3_053,55.12697502148906,False
561,task_0562,3_054,2,466,task_0467,3_030,48.548674361295284,False
561,task_0562,3_054,3,563,task_0564,3_054,46.00004078854288,True
561,task_0562,3_054,4,559,task_0560,3_053,41.896813005428555,False
561,task_0562,3_054,5,384,task_0385,3_010,41.18390141666948,False
561,task_0562,3_054,6,386,task_0387,3_010,37.24868093624059,False
561,task_0562,3_054,7,464,task_0465,3_030,34.53792331230303,False
561,task_0562,3_054,8,382,task_0383,3_009,28.153501459364257,False
561,task_0562,3_054,9,380,task_0381,3_009,26.546930906143224,False
561,task_0562,3_054,10,462,task_0463,3_029,25.6872232127805,False
562,task_0563,3_054,1,558,task_0559,3_053,206.47078618243157,False
562,task_0563,3_054,2,560,task_0561,3_054,111.62599509393392,True
562,task_0563,3_054,3,556,task_0557,3_053,108.37455833070129,False
562,task_0563,3_054,4,396,task_0397,3_013,63.00036756711413,False
562,task_0563,3_054,5,487,task_0488,1_048,58.343000964778184,False
562,task_0563,3_054,6,400,task_0401,3_014,58.23841014238973,False
562,task_0563,3_054,7,491,task_0492,3_036,58.14463866245566,False
562,task_0563,3_054,8,457,task_0458,3_028,54.828035358511606,False
562,task_0563,3_054,9,540,task_0541,3_049,53.96010031324917,False
562,task_0563,3_054,10,455,task_0456,3_028,53.03490757473511,False
563,task_0564,3_054,1,559,task_0560,3_053,114.16531742611943,False
563,task_0564,3_054,2,464,task_0465,3_030,94.13709911034373,False
563,task_0564,3_054,3,386,task_0387,3_010,73.7485438591571,False
563,task_0564,3_054,4,526,task_0527,3_045,63.011100347521484,False
563,task_0564,3_054,5,561,task_0562,3_054,62.217790510873584,True
563,task_0564,3_054,6,522,task_0523,3_044,61.96053851630239,False
563,task_0564,3_054,7,483,task_0484,3_035,58.5283146643709,False
563,task_0564,3_054,8,460,task_0461,3_029,58.486046368523084,False
563,task_0564,3_054,9,456,task_0457,3_028,58.39389296446226,False
563,task_0564,3_054,10,382,task_0383,3_009,56.31089728167721,False
564,task_0565,4_001,1,566,task_0567,4_001,173.83526957820848,True
564,task_0565,4_001,2,567,task_0568,4_001,39.89812431343192,True
564,task_0565,4_001,3,565,task_0566,4_001,37.256106228589424,True
564,task_0565,4_001,4,720,task_0721,5_001,33.66408443257049,False
564,task_0565,4_001,5,276,task_0277,2_023,31.25130310130441,False
564,task_0565,4_001,6,190,task_0191,2_001,31.200509420163826,False
564,task_0565,4_001,7,697,task_0698,4_034,28.831088373222777,False
564,task_0565,4_001,8,722,task_0723,5_001,28.546685522319226,False
564,task_0565,4_001,9,699,task_0700,4_034,28.19463305107792,False
564,task_0565,4_001,10,591,task_0592,4_007,27.359803567168935,False
565,task_0566,4_001,1,567,task_0568,4_001,143.8867438818119,True
565,task_0566,4_001,2,696,task_0697,4_034,44.45170207178682,False
565,task_0566,4_001,3,669,task_0670,4_027,42.678106029206035,False
565,task_0566,4_001,4,697,task_0698,4_034,41.80155423475642,False
565,task_0566,4_001,5,668,task_0669,4_027,41.74008526358794,False
565,task_0566,4_001,6,699,task_0700,4_034,34.713279869695015,False
565,task_0566,4_001,7,564,task_0565,4_001,31.819374010107776,True
565,task_0566,4_001,8,671,task_0672,4_027,30.239292078713916,False
565,task_0566,4_001,9,622,task_0623,4_015,29.480948702900516,False
565,task_0566,4_001,10,620,task_0621,4_015,29.017342407162158,False
566,task_0567,4_001,1,564,task_0565,4_001,154.50083044321292,True
566,task_0567,4_001,2,699,task_0700,4_034,26.457672832016506,False
566,task_0567,4_001,3,596,task_0597,4_009,24.690553457842544,False
566,task_0567,4_001,4,697,task_0698,4_034,24.5632001543578,False
566,task_0567,4_001,5,200,task_0201,2_004,23.70706735871475,False
566,task_0567,4_001,6,567,task_0568,4_001,23.23657466030538,True
566,task_0567,4_001,7,565,task_0566,4_001,22.956837885073387,True
566,task_0567,4_001,8,628,task_0629,4_017,22.870141348576887,False
566,task_0567,4_001,9,282,task_0283,2_024,22.64029988523049,False
566,task_0567,4_001,10,620,task_0621,4_015,22.23509880086557,False
567,task_0568,4_001,1,565,task_0566,4_001,150.27618838728444,True
567,task_0568,4_001,2,696,task_0697,4_034,51.508487732828115,False
567,task_0568,4_001,3,697,task_0698,4_034,50.390163898293245,False
567,task_0568,4_001,4,699,task_0700,4_034,42.7523284618735,False
567,task_0568,4_001,5,564,task_0565,4_001,35.105766546170436,True
567,task_0568,4_001,6,669,task_0670,4_027,35.06970713956469,False
567,task_0568,4_001,7,668,task_0669,4_027,34.29881331120726,False
567,task_0568,4_001,8,671,task_0672,4_027,32.00542131048558,False
567,task_0568,4_001,9,713,task_0714,4_038,31.577101827100787,False
567,task_0568,4_001,10,700,task_0701,4_035,27.696376544431793,False
568,task_0569,4_002,1,569,task_0570,4_002,109.35928583788713,True
568,task_0569,4_002,2,571,task_0572,4_002,106.00111272196268,True
568,task_0569,4_002,3,610,task_0611,4_012,46.151355834128196,False
568,task_0569,4_002,4,622,task_0623,4_015,43.940743199129976,False
568,task_0569,4_002,5,620,task_0621,4_015,43.49005340352818,False
568,task_0569,4_002,6,580,task_0581,4_005,41.22557994868294,False
568,task_0569,4_002,7,621,task_0622,4_015,41.023348575456424,False
568,task_0569,4_002,8,667,task_0668,4_026,40.54154837230614,False
568,task_0569,4_002,9,570,task_0571,4_002,40.02968894586583,True
568,task_0569,4_002,10,611,task_0612,4_012,38.33297879078626,False
569,task_0570,4_002,1,568,task_0569,4_002,109.01268708454683,True
569,task_0570,4_002,2,571,task_0572,4_002,103.09873467645421,True
569,task_0570,4_002,3,610,task_0611,4_012,46.217104794284985,False
569,task_0570,4_002,4,611,task_0612,4_012,45.86330083233476,False
569,task_0570,4_002,5,620,task_0621,4_015,45.52462262645203,False
569,task_0570,4_002,6,622,task_0623,4_015,43.940743199129976,False
569,task_0570,4_002,7,623,task_0624,4_015,41.68192645044533,False
569,task_0570,4_002,8,621,task_0622,4_015,41.188150178981054,False
569,task_0570,4_002,9,609,task_0610,4_012,39.44958892172419,False
569,task_0570,4_002,10,585,task_0586,4_006,39.01792428367458,False
570,task_0571,4_002,1,568,task_0569,4_002,33.12252225210849,True
570,task_0571,4_002,2,569,task_0570,4_002,30.29044592902782,True
570,task_0571,4_002,3,571,task_0572,4_002,28.652011431980466,True
570,task_0571,4_002,4,611,task_0612,4_012,27.724316505664007,False
570,task_0571,4_002,5,620,task_0621,4_015,20.50997624922166,False
570,task_0571,4_002,6,622,task_0623,4_015,20.089978927792778,False
570,task_0571,4_002,7,617,task_0618,4_014,19.930163391573444,False
570,task_0571,4_002,8,642,task_0643,4_020,18.430607770276268,False
570,task_0571,4_002,9,619,task_0620,4_014,18.130029404237632,False
570,task_0571,4_002,10,664,task_0665,4_026,17.527039659526647,False
571,task_0572,4_002,1,568,task_0569,4_002,107.19413671939351,True
571,task_0572,4_002,2,569,task_0570,4_002,104.36788477378211,True
571,task_0572,4_002,3,667,task_0668,4_026,47.39021053528564,False
571,task_0572,4_002,4,622,task_0623,4_015,44.418236117994816,False
571,task_0572,4_002,5,623,task_0624,4_015,43.41892871124592,False
571,task_0572,4_002,6,621,task_0622,4_015,42.30152145348968,False
571,task_0572,4_002,7,620,task_0621,4_015,41.791431888145155,False
571,task_0572,4_002,8,616,task_0617,4_014,41.462794073452955,False
571,task_0572,4_002,9,573,task_0574,4_003,41.2366909913226,False
571,task_0572,4_002,10,575,task_0576,4_003,40.85752609932227,False
572,task_0573,4_003,1,575,task_0576,4_003,97.0603286028656,True
572,task_0573,4_003,2,573,task_0574,4_003,88.57812798789881,True
572,task_0573,4_003,3,574,task_0575,4_003,86.73450714559647,True
572,task_0573,4_003,4,688,task_0689,4_032,52.88074576063566,False
572,task_0573,4_003,5,690,task_0691,4_032,51.50010020814617,False
572,task_0573,4_003,6,689,task_0690,4_032,46.98260077046295,False
572,task_0573,4_003,7,645,task_0646,4_021,46.556999788640965,False
572,task_0573,4_003,8,713,task_0714,4_038,45.691360002007485,False
572,task_0573,4_003,9,691,task_0692,4_032,41.288249983422084,False
572,task_0573,4_003,10,647,task_0648,4_021,38.845948866793755,False
573,task_0574,4_003,1,575,task_0576,4_003,96.79250638272816,True
573,task_0574,4_003,2,574,task_0575,4_003,89.80146572223647,True
573,task_0574,4_003,3,572,task_0573,4_003,89.09242483724393,True
573,task_0574,4_003,4,713,task_0714,4_038,49.37314511576314,False
573,task_0574,4_003,5,571,task_0572,4_002,41.75178586651431,False
573,task_0574,4_003,6,646,task_0647,4_021,41.71827032483749,False
573,task_0574,4_003,7,667,task_0668,4_026,39.78550787737736,False
573,task_0574,4_003,8,715,task_0716,4_038,39.57673225490458,False
573,task_0574,4_003,9,581,task_0582,4_005,38.80000992384601,False
573,task_0574,4_003,10,622,task_0623,4_015,37.833009928692654,False
574,task_0575,4_003,1,575,task_0576,4_003,102.08426433147875,True
574,task_0575,4_003,2,572,task_0573,4_003,89.54240258066275,True
574,task_0575,4_003,3,573,task_0574,4_003,88.91997962501453,True
574,task_0575,4_003,4,690,task_0691,4_032,44.14016424475724,False
574,task_0575,4_003,5,688,task_0689,4_032,40.633400876051546,False
574,task_0575,4_003,6,715,task_0716,4_038,40.16535718814854,False
574,task_0575,4_003,7,713,task_0714,4_038,38.17256574664539,False
574,task_0575,4_003,8,689,task_0690,4_032,37.59611881740684,False
574,task_0575,4_003,9,646,task_0647,4_021,35.24736192903338,False
574,task_0575,4_003,10,645,task_0646,4_021,33.046329614663534,False
575,task_0576,4_003,1,574,task_0575,4_003,104.08213564133992,True
575,task_0576,4_003,2,572,task_0573,4_003,99.47391074069992,True
575,task_0576,4_003,3,573,task_0574,4_003,95.55574635857776,True
575,task_0576,4_003,4,713,task_0714,4_038,49.7866697393337,False
575,task_0576,4_003,5,688,task_0689,4_032,45.992355355254695,False
575,task_0576,4_003,6,690,task_0691,4_032,44.54420363728756,False
575,task_0576,4_003,7,646,task_0647,4_021,44.33028328736778,False
575,task_0576,4_003,8,715,task_0716,4_038,38.66360593630499,False
575,task_0576,4_003,9,689,task_0690,4_032,37.59611881740684,False
575,task_0576,4_003,10,571,task_0572,4_002,37.05246436117314,False
576,task_0577,4_004,1,578,task_0579,4_004,162.02384009946775,True
576,task_0577,4_004,2,577,task_0578,4_004,117.10036568532429,True
576,task_0577,4_004,3,579,task_0580,4_004,109.0058767375379,True
576,task_0577,4_004,4,608,task_0609,4_012,49.05824767073833,False
576,task_0577,4_004,5,599,task_0600,4_009,43.69808780110177,False
576,task_0577,4_004,6,584,task_0585,4_006,35.495311865457836,False
576,task_0577,4_004,7,610,task_0611,4_012,33.8095814784075,False
576,task_0577,4_004,8,678,task_0679,4_029,33.378101016049214,False
576,task_0577,4_004,9,571,task_0572,4_002,30.92222986798946,False
576,task_0577,4_004,10,597,task_0598,4_009,29.191400379367785,False
577,task_0578,4_004,1,579,task_0580,4_004,167.9209613757608,True
577,task_0578,4_004,2,578,task_0579,4_004,130.98886067473362,True
577,task_0578,4_004,3,576,task_0577,4_004,126.72180012434023,True
577,task_0578,4_004,4,599,task_0600,4_009,40.197375653585325,False
577,task_0578,4_004,5,678,task_0679,4_029,39.34938318766138,False
577,task_0578,4_004,6,680,task_0681,4_030,39.08474421909278,False
577,task_0578,4_004,7,716,task_0717,4_039,38.411091453717134,False
577,task_0578,4_004,8,608,task_0609,4_012,38.382847943432296,False
577,task_0578,4_004,9,584,task_0585,4_006,34.96387606955578,False
577,task_0578,4_004,10,676,task_0677,4_029,33.57695712075514,False
578,task_0579,4_004,1,576,task_0577,4_004,161.08989353400602,True
578,task_0579,4_004,2,577,task_0578,4_004,120.50372673543534,True
578,task_0579,4_004,3,579,task_0580,4_004,111.88027820810066,True
578,task_0579,4_004,4,608,task_0609,4_012,57.007787632846714,False
578,task_0579,4_004,5,599,task_0600,4_009,43.759597759360204,False
578,task_0579,4_004,6,678,task_0679,4_029,36.868743646307,False
578,task_0579,4_004,7,610,task_0611,4_012,36.65254527743334,False
578,task_0579,4_004,8,584,task_0585,4_006,35.55433927237898,False
578,task_0579,4_004,9,680,task_0681,4_030,32.002417464451995,False
578,task_0579,4_004,10,597,task_0598,4_009,31.186392431804432,False
579,task_0580,4_004,1,577,task_0578,4_004,164.91163281156918,True
579,task_0580,4_004,2,578,task_0579,4_004,122.02641283089656,True
579,task_0580,4_004,3,576,task_0577,4_004,118.52937165243601,True
579,task_0580,4_004,4,608,task_0609,4_012,43.194029144265905,False
579,task_0580,4_004,5,678,task_0679,4_029,42.436126053168906,False
579,task_0580,4_004,6,599,task_0600,4_009,38.944295219519375,False
579,task_0580,4_004,7,680,task_0681,4_030,38.41634327381385,False
579,task_0580,4_004,8,610,task_0611,4_012,38.414682636942224,False
579,task_0580,4_004,9,682,task_0683,4_030,37.08216426454134,False
579,task_0580,4_004,10,571,task_0572,4_002,36.86347130680835,False
580,task_0581,4_005,1,583,task_0584,4_005,143.92863356786353,True
580,task_0581,4_005,2,581,task_0582,4_005,139.6320027226539,True
580,task_0581,4_005,3,582,task_0583,4_005,66.77031071110031,True
580,task_0581,4_005,4,568,task_0569,4_002,45.7189994722185,False
580,task_0581,4_005,5,646,task_0647,4_021,44.42013738337045,False
580,task_0581,4_005,6,573,task_0574,4_003,43.108078885615214,False
580,task_0581,4_005,7,667,task_0668,4_026,41.22891306937245,False
580,task_0581,4_005,8,571,task_0572,4_002,40.08409178216159,False
580,task_0581,4_005,9,694,task_0695,4_033,40.0200066369444,False
580,task_0581,4_005,10,713,task_0714,4_038,39.379406408671194,False
581,task_0582,4_005,1,583,task_0584,4_005,156.3373203628837,True
581,task_0582,4_005,2,580,task_0581,4_005,130.38152031198823,True
581,task_0582,4_005,3,646,task_0647,4_021,45.89666311709163,False
581,task_0582,4_005,4,694,task_0695,4_033,43.838380927896715,False
581,task_0582,4_005,5,685,task_0686,4_031,42.40778839645486,False
581,task_0582,4_005,6,573,task_0574,4_003,42.284038635123785,False
581,task_0582,4_005,7,713,task_0714,4_038,39.62103310994283,False
581,task_0582,4_005,8,667,task_0668,4_026,38.994517893881884,False
581,task_0582,4_005,9,684,task_0685,4_031,38.58658128389219,False
581,task_0582,4_005,10,664,task_0665,4_026,37.70041876703109,False
582,task_0583,4_005,1,580,task_0581,4_005,46.21603313469744,True
582,task_0583,4_005,2,651,task_0652,4_022,17.29633476044618,False
582,task_0583,4_005,3,585,task_0586,4_006,13.583693328688964,False
582,task_0583,4_005,4,568,task_0569,4_002,12.954489170722304,False
582,task_0583,4_005,5,569,task_0570,4_002,12.894080045087545,False
582,task_0583,4_005,6,649,task_0650,4_022,12.090395385965087,False
582,task_0583,4_005,7,604,task_0605,4_011,11.483967469092272,False
582,task_0583,4_005,8,682,task_0683,4_030,11.186429999053887,False
582,task_0583,4_005,9,610,task_0611,4_012,11.12370291963289,False
582,task_0583,4_005,10,579,task_0580,4_004,10.64809280296617,False
583,task_0584,4_005,1,581,task_0582,4_005,152.12987476187726,True
583,task_0584,4_005,2,580,task_0581,4_005,130.11569005560742,True
583,task_0584,4_005,3,694,task_0695,4_033,41.850610416189404,False
583,task_0584,4_005,4,685,task_0686,4_031,40.185035142087244,False
583,task_0584,4_005,5,667,task_0668,4_026,39.343947102863346,False
583,task_0584,4_005,6,664,task_0665,4_026,39.16838237601073,False
583,task_0584,4_005,7,687,task_0688,4_031,38.29180999067002,False
583,task_0584,4_005,8,620,task_0621,4_015,37.533554633294564,False
583,task_0584,4_005,9,684,task_0685,4_031,37.4597657364492,False
583,task_0584,4_005,10,573,task_0574,4_003,36.98015642513085,False
584,task_0585,4_006,1,586,task_0587,4_006,108.55012763289189,True
584,task_0585,4_006,2,667,task_0668,4_026,56.04338166042192,False
584,task_0585,4_006,3,664,task_0665,4_026,53.23004811087052,False
584,task_0585,4_006,4,687,task_0688,4_031,52.3056051651849,False
584,task_0585,4_006,5,716,task_0717,4_039,49.927875385789335,False
584,task_0585,4_006,6,684,task_0685,4_031,46.88979311868691,False
584,task_0585,4_006,7,717,task_0718,4_039,44.63975159095803,False
584,task_0585,4_006,8,719,task_0720,4_039,44.13732317975705,False
584,task_0585,4_006,9,685,task_0686,4_031,44.07645545157261,False
584,task_0585,4_006,10,692,task_0693,4_033,42.68423425366163,False
585,task_0586,4_006,1,587,task_0588,4_006,98.68478933399923,True
585,task_0586,4_006,2,694,task_0695,4_033,38.83068392148108,False
585,task_0586,4_006,3,569,task_0570,4_002,38.10197785363369,False
585,task_0586,4_006,4,571,task_0572,4_002,37.525446974395045,False
585,task_0586,4_006,5,568,task_0569,4_002,36.88489659353239,False
585,task_0586,4_006,6,622,task_0623,4_015,35.340257863276854,False
585,task_0586,4_006,7,617,task_0618,4_014,34.841660170238406,False
585,task_0586,4_006,8,586,task_0587,4_006,34.480873800967544,True
585,task_0586,4_006,9,574,task_0575,4_003,34.477778222350615,False
585,task_0586,4_006,10,672,task_0673,4_028,34.47020757401988,False
586,task_0587,4_006,1,584,task_0585,4_006,109.46126954312501,True
586,task_0587,4_006,2,667,task_0668,4_026,45.69800002116023,False
586,task_0587,4_006,3,694,task_0695,4_033,44.893134968735794,False
586,task_0587,4_006,4,692,task_0693,4_033,40.48876279852054,False
586,task_0587,4_006,5,664,task_0665,4_026,40.35399644019178,False
586,task_0587,4_006,6,644,task_0645,4_021,39.088588739188104,False
586,task_0587,4_006,7,685,task_0686,4_031,38.96195856300149,False
586,task_0587,4_006,8,569,task_0570,4_002,38.186953649134736,False
586,task_0587,4_006,9,622,task_0623,4_015,36.661616873393406,False
586,task_0587,4_006,10,621,task_0622,4_015,36.32962440556758,False
587,task_0588,4_006,1,585,task_0586,4_006,96.73921728399783,True
587,task_0588,4_006,2,674,task_0675,4_028,40.48412400004724,False
587,task_0588,4_006,3,675,task_0676,4_028,38.14941316390307,False
587,task_0588,4_006,4,672,task_0673,4_028,37.72917563944788,False
587,task_0588,4_006,5,667,task_0668,4_026,37.144126769530956,False
587,task_0588,4_006,6,665,task_0666,4_026,37.03772546710199,False
587,task_0588,4_006,7,617,task_0618,4_014,36.852297592834944,False
587,task_0588,4_006,8,618,task_0619,4_014,36.754187910968994,False
587,task_0588,4_006,9,673,task_0674,4_028,36.14507234146635,False
587,task_0588,4_006,10,568,task_0569,4_002,35.91873080694288,False
588,task_0589,4_007,1,589,task_0590,4_007,78.04334771653241,True
588,task_0589,4_007,2,591,task_0592,4_007,61.04800262258597,True
588,task_0589,4_007,3,590,task_0591,4_007,58.6477000580875,True
588,task_0589,4_007,4,711,task_0712,4_037,40.727796240089894,False
588,task_0589,4_007,5,710,task_0711,4_037,39.67279339706743,False
588,task_0589,4_007,6,692,task_0693,4_033,38.37401969919644,False
588,task_0589,4_007,7,715,task_0716,4_038,38.07390895901848,False
588,task_0589,4_007,8,708,task_0709,4_037,37.33307169159155,False
588,task_0589,4_007,9,709,task_0710,4_037,35.45038819341953,False
588,task_0589,4_007,10,694,task_0695,4_033,34.55775121524775,False
589,task_0590,4_007,1,591,task_0592,4_007,215.04795865583958,True
589,task_0590,4_007,2,590,task_0591,4_007,154.8344140154291,True
589,task_0590,4_007,3,588,task_0589,4_007,88.55531554555152,True
589,task_0590,4_007,4,705,task_0706,4_036,87.99167427020248,False
589,task_0590,4_007,5,707,task_0708,4_036,78.9322843617752,False
589,task_0590,4_007,6,704,task_0705,4_036,77.41354850115073,False
589,task_0590,4_007,7,706,task_0707,4_036,51.53900412456924,False
589,task_0590,4_007,8,634,task_0635,4_018,46.15828923031801,False
589,task_0590,4_007,9,633,task_0634,4_018,45.99044307163354,False
589,task_0590,4_007,10,635,task_0636,4_018,45.281283767851185,False
590,task_0591,4_007,1,591,task_0592,4_007,180.4200403316645,True
590,task_0591,4_007,2,589,task_0590,4_007,144.95806966804903,True
590,task_0591,4_007,3,707,task_0708,4_036,68.28203653619526,False
590,task_0591,4_007,4,588,task_0589,4_007,67.71991181704927,True
590,task_0591,4_007,5,705,task_0706,4_036,67.27640035062419,False
590,task_0591,4_007,6,704,task_0705,4_036,55.073069654836,False
590,task_0591,4_007,7,663,task_0664,4_025,53.50816750099543,False
590,task_0591,4_007,8,662,task_0663,4_025,51.70492909771413,False
590,task_0591,4_007,9,667,task_0668,4_026,48.513174296612284,False
590,task_0591,4_007,10,660,task_0661,4_025,47.1355786759767,False
591,task_0592,4_007,1,589,task_0590,4_007,205.5941260848165,True
591,task_0592,4_007,2,590,task_0591,4_007,179.7354497644075,True
591,task_0592,4_007,3,705,task_0706,4_036,76.92730536158228,False
591,task_0592,4_007,4,707,task_0708,4_036,76.39741147777019,False
591,task_0592,4_007,5,704,task_0705,4_036,65.0178081320301,False
591,task_0592,4_007,6,588,task_0589,4_007,64.4851965620111,True
591,task_0592,4_007,7,620,task_0621,4_015,42.708637740252726,False
591,task_0592,4_007,8,634,task_0635,4_018,42.46257059784748,False
591,task_0592,4_007,9,633,task_0634,4_018,42.241151976859356,False
591,task_0592,4_007,10,622,task_0623,4_015,41.65459345868623,False
592,task_0593,4_008,1,594,task_0595,4_008,141.22176115896704,True
592,task_0593,4_008,2,661,task_0662,4_025,46.35723848061556,False
592,task_0593,4_008,3,662,task_0663,4_025,41.839705303500594,False
592,task_0593,4_008,4,713,task_0714,4_038,40.16533207424188,False
592,task_0593,4_008,5,660,task_0661,4_025,39.893174279055565,False
592,task_0593,4_008,6,663,task_0664,4_025,39.394564232451955,False
592,task_0593,4_008,7,696,task_0697,4_034,38.73690401701242,False
592,task_0593,4_008,8,664,task_0665,4_026,37.17508401731207,False
592,task_0593,4_008,9,714,task_0715,4_038,37.02396274274118,False
592,task_0593,4_008,10,715,task_0716,4_038,36.76477141999635,False
593,task_0594,4_008,1,595,task_0596,4_008,165.43560092154163,True
593,task_0594,4_008,2,604,task_0605,4_011,43.91299569858642,False
593,task_0594,4_008,3,636,task_0637,4_019,41.566211356192966,False
593,task_0594,4_008,4,646,task_0647,4_021,41.40165696214039,False
593,task_0594,4_008,5,606,task_0607,4_011,41.33638998527117,False
593,task_0594,4_008,6,696,task_0697,4_034,40.41672814767743,False
593,task_0594,4_008,7,644,task_0645,4_021,39.61171199357703,False
593,task_0594,4_008,8,699,task_0700,4_034,39.29671033710172,False
593,task_0594,4_008,9,592,task_0593,4_008,38.92311994599274,True
593,task_0594,4_008,10,697,task_0698,4_034,37.977411957437255,False
594,task_0595,4_008,1,592,task_0593,4_008,143.84445150786755,True
594,task_0595,4_008,2,661,task_0662,4_025,42.22057802126409,False
594,task_0595,4_008,3,713,task_0714,4_038,39.13841726568489,False
594,task_0595,4_008,4,696,task_0697,4_034,38.14989098042334,False
594,task_0595,4_008,5,714,task_0715,4_038,37.55494824065518,False
594,task_0595,4_008,6,715,task_0716,4_038,37.14159528388184,False
594,task_0595,4_008,7,573,task_0574,4_003,37.068091946129094,False
594,task_0595,4_008,8,572,task_0573,4_003,37.001974296636384,False
594,task_0595,4_008,9,635,task_0636,4_018,36.88153260000921,False
594,task_0595,4_008,10,700,task_0701,4_035,36.26937058555109,False
595,task_0596,4_008,1,593,task_0594,4_008,165.23302173493977,True
595,task_0596,4_008,2,604,task_0605,4_011,43.2615526292897,False
595,task_0596,4_008,3,646,task_0647,4_021,42.360495789072736,False
595,task_0596,4_008,4,696,task_0697,4_034,41.75936093768053,False
595,task_0596,4_008,5,636,task_0637,4_019,41.566211356192966,False
595,task_0596,4_008,6,606,task_0607,4_011,41.33638998527117,False
595,task_0596,4_008,7,697,task_0698,4_034,39.32004474744035,False
595,task_0596,4_008,8,699,task_0700,4_034,39.29671033710172,False
595,task_0596,4_008,9,592,task_0593,4_008,38.24140967393507,True
595,task_0596,4_008,10,653,task_0654,4_023,37.24361099820837,False
596,task_0597,4_009,1,598,task_0599,4_009,140.629566602919,True
596,task_0597,4_009,2,566,task_0567,4_001,23.169921441366622,False
596,task_0597,4_009,3,599,task_0600,4_009,22.538630764609795,True
596,task_0597,4_009,4,35,task_0036,1_009,22.093735152938706,False
596,task_0597,4_009,5,656,task_0657,4_024,21.16215845443559,False
596,task_0597,4_009,6,593,task_0594,4_008,20.908971557394608,False
596,task_0597,4_009,7,382,task_0383,3_009,20.568044598243585,False
596,task_0597,4_009,8,379,task_0380,3_009,20.21109126666649,False
596,task_0597,4_009,9,381,task_0382,3_009,20.07513576690145,False
596,task_0597,4_009,10,590,task_0591,4_007,19.942715807904378,False
597,task_0598,4_009,1,599,task_0600,4_009,76.82634759461065,True
597,task_0598,4_009,2,610,task_0611,4_012,30.176034216948434,False
597,task_0598,4_009,3,578,task_0579,4_004,26.53875293381809,False
597,task_0598,4_009,4,577,task_0578,4_004,26.033557827035736,False
597,task_0598,4_009,5,608,task_0609,4_012,24.954326844478825,False
597,task_0598,4_009,6,576,task_0577,4_004,24.565606085792737,False
597,task_0598,4_009,7,619,task_0620,4_014,23.19272752915684,False
597,task_0598,4_009,8,680,task_0681,4_030,20.418474931951874,False
597,task_0598,4_009,9,569,task_0570,4_002,20.178239611712314,False
597,task_0598,4_009,10,378,task_0379,3_008,20.049382114027235,False
598,task_0599,4_009,1,596,task_0597,4_009,139.07648216372985,True
598,task_0599,4_009,2,656,task_0657,4_024,35.61454351876846,False
598,task_0599,4_009,3,99,task_0100,1_025,24.4705656853137,False
598,task_0599,4_009,4,34,task_0035,1_009,24.107687472868637,False
598,task_0599,4_009,5,622,task_0623,4_015,23.442514015367838,False
598,task_0599,4_009,6,623,task_0624,4_015,23.181442368983042,False
598,task_0599,4_009,7,381,task_0382,3_009,22.431063443465675,False
598,task_0599,4_009,8,586,task_0587,4_006,21.447469540275268,False
598,task_0599,4_009,9,585,task_0586,4_006,20.941884828080948,False
598,task_0599,4_009,10,35,task_0036,1_009,20.390706328787882,False
599,task_0600,4_009,1,597,task_0598,4_009,81.65185850682828,True
599,task_0600,4_009,2,610,task_0611,4_012,55.66971836317163,False
599,task_0600,4_009,3,576,task_0577,4_004,46.70669200675341,False
599,task_0600,4_009,4,578,task_0579,4_004,46.35875429455431,False
599,task_0600,4_009,5,608,task_0609,4_012,41.66690429055039,False
599,task_0600,4_009,6,577,task_0578,4_004,41.174300035047686,False
599,task_0600,4_009,7,579,task_0580,4_004,37.472822337654975,False
599,task_0600,4_009,8,584,task_0585,4_006,36.90897013303628,False
599,task_0600,4_009,9,676,task_0677,4_029,36.542594437757174,False
599,task_0600,4_009,10,680,task_0681,4_030,32.46306533997154,False
600,task_0601,4_010,1,602,task_0603,4_010,75.6112145390851,True
600,task_0601,4_010,2,601,task_0602,4_010,36.04154224036842,True
600,task_0601,4_010,3,603,task_0604,4_010,29.136948770126395,True
600,task_0601,4_010,4,604,task_0605,4_011,22.70569955542129,False
600,task_0601,4_010,5,82,task_0083,1_021,22.30652812279803,False
600,task_0601,4_010,6,636,task_0637,4_019,22.113425937991785,False
600,task_0601,4_010,7,702,task_0703,4_035,21.038094746621713,False
600,task_0601,4_010,8,626,task_0627,4_016,20.86594070595113,False
600,task_0601,4_010,9,703,task_0704,4_035,20.79537780344609,False
600,task_0601,4_010,10,605,task_0606,4_011,20.573959305791714,False
601,task_0602,4_010,1,602,task_0603,4_010,51.829396118003345,True
601,task_0602,4_010,2,600,task_0601,4_010,32.73037179211955,True
601,task_0602,4_010,3,625,task_0626,4_016,32.61407640400253,False
601,task_0602,4_010,4,655,task_0656,4_023,30.565742174645607,False
601,task_0602,4_010,5,603,task_0604,4_010,27.641292005006676,True
601,task_0602,4_010,6,671,task_0672,4_027,26.96455264156216,False
601,task_0602,4_010,7,669,task_0670,4_027,25.78239983603064,False
601,task_0602,4_010,8,665,task_0666,4_026,25.74869374862776,False
601,task_0602,4_010,9,703,task_0704,4_035,24.703895503053193,False
601,task_0602,4_010,10,700,task_0701,4_035,24.402648439846757,False
602,task_0603,4_010,1,600,task_0601,4_010,72.46447282833297,True
602,task_0603,4_010,2,601,task_0602,4_010,51.685494991661606,True
602,task_0603,4_010,3,603,task_0604,4_010,40.5047066517395,True
602,task_0603,4_010,4,655,task_0656,4_023,26.942353764920693,False
602,task_0603,4_010,5,604,task_0605,4_011,24.868771024403756,False
602,task_0603,4_010,6,671,task_0672,4_027,22.53818779175601,False
602,task_0603,4_010,7,638,task_0639,4_019,22.45131407782189,False
602,task_0603,4_010,8,636,task_0637,4_019,21.606858644731,False
602,task_0603,4_010,9,669,task_0670,4_027,21.514609367979503,False
602,task_0603,4_010,10,605,task_0606,4_011,21.337598094241535,False
603,task_0604,4_010,1,602,task_0603,4_010,44.38745874241477,True
603,task_0604,4_010,2,601,task_0602,4_010,33.257045121376,True
603,task_0604,4_010,3,604,task_0605,4_011,31.867003089425555,False
603,task_0604,4_010,4,600,task_0601,4_010,31.661359484162496,True
603,task_0604,4_010,5,639,task_0640,4_019,31.43518214038607,False
603,task_0604,4_010,6,661,task_0662,4_025,31.040031893278577,False
603,task_0604,4_010,7,637,task_0638,4_019,30.316812935324254,False
603,task_0604,4_010,8,152,task_0153,1_039,29.95476693924432,False
603,task_0604,4_010,9,615,task_0616,4_013,29.451432508814875,False
603,task_0604,4_010,10,595,task_0596,4_008,28.58999674036942,False
604,task_0605,4_011,1,606,task_0607,4_011,65.24075164285215,True
604,task_0605,4_011,2,605,task_0606,4_011,60.44752682091298,True
604,task_0605,4_011,3,607,task_0608,4_011,59.14675106669536,True
604,task_0605,4_011,4,593,task_0594,4_008,46.6959011780194,False
604,task_0605,4_011,5,595,task_0596,4_008,46.08055862271962,False
604,task_0605,4_011,6,646,task_0647,4_021,33.31238773204433,False
604,task_0605,4_011,7,603,task_0604,4_010,31.4353439505837,False
604,task_0605,4_011,8,698,task_0699,4_034,30.37665189006578,False
604,task_0605,4_011,9,580,task_0581,4_005,30.156326803510535,False
604,task_0605,4_011,10,697,task_0698,4_034,28.84413428219877,False
605,task_0606,4_011,1,607,task_0608,4_011,63.29554466289291,True
605,task_0606,4_011,2,604,task_0605,4_011,53.55465914353924,True
605,task_0606,4_011,3,606,task_0607,4_011,39.65132647886556,True
605,task_0606,4_011,4,646,task_0647,4_021,26.433167197561378,False
605,task_0606,4_011,5,404,task_0405,3_015,21.998111964027032,False
605,task_0606,4_011,6,34,task_0035,1_009,21.864284037090307,False
605,task_0606,4_011,7,601,task_0602,4_010,21.647113209131128,False
605,task_0606,4_011,8,667,task_0668,4_026,21.409403071671008,False
605,task_0606,4_011,9,637,task_0638,4_019,21.051902784336455,False
605,task_0606,4_011,10,32,task_0033,1_009,20.49768402638745,False
606,task_0607,4_011,1,604,task_0605,4_011,60.48110500376675,True
606,task_0607,4_011,2,607,task_0608,4_011,50.54748409966131,True
606,task_0607,4_011,3,605,task_0606,4_011,40.203751537406234,True
606,task_0607,4_011,4,595,task_0596,4_008,33.932775036848085,False
606,task_0607,4_011,5,593,task_0594,4_008,33.730195850246226,False
606,task_0607,4_011,6,713,task_0714,4_038,31.96145146235629,False
606,task_0607,4_011,7,32,task_0033,1_009,29.49672759351776,False
606,task_0607,4_011,8,34,task_0035,1_009,29.281759496858008,False
606,task_0607,4_011,9,715,task_0716,4_038,23.394164582387326,False
606,task_0607,4_011,10,712,task_0713,4_038,23.354158121664014,False
607,task_0608,4_011,1,605,task_0606,4_011,66.44017712315743,True
607,task_0608,4_011,2,604,task_0605,4_011,54.73687243875874,True
607,task_0608,4_011,3,606,task_0607,4_011,52.612801074724345,True
607,task_0608,4_011,4,698,task_0699,4_034,29.618913571536,False
607,task_0608,4_011,5,87,task_0088,1_022,27.903793721482813,False
607,task_0608,4_011,6,646,task_0647,4_021,26.819414541848733,False
607,task_0608,4_011,7,155,task_0156,1_039,25.350764834032027,False
607,task_0608,4_011,8,696,task_0697,4_034,24.87891556407942,False
607,task_0608,4_011,9,697,task_0698,4_034,24.080380225281917,False
607,task_0608,4_011,10,663,task_0664,4_025,23.36754001797488,False
608,task_0609,4_012,1,578,task_0579,4_004,57.02784982435483,False
608,task_0609,4_012,2,576,task_0577,4_004,48.98917072815846,False
608,task_0609,4_012,3,609,task_0610,4_012,48.740577802626525,True
608,task_0609,4_012,4,579,task_0580,4_004,43.486373146925885,False
608,task_0609,4_012,5,584,task_0585,4_006,42.87902621421898,False
608,task_0609,4_012,6,678,task_0679,4_029,42.39518095953627,False
608,task_0609,4_012,7,676,task_0677,4_029,41.793086538154505,False
608,task_0609,4_012,8,599,task_0600,4_009,41.71423080945099,False
608,task_0609,4_012,9,680,task_0681,4_030,40.35177587980178,False
608,task_0609,4_012,10,569,task_0570,4_002,37.23551948618813,False
609,task_0610,4_012,1,608,task_0609,4_012,45.58542547196506,True
609,task_0610,4_012,2,678,task_0679,4_029,42.6160419571588,False
609,task_0610,4_012,3,611,task_0612,4_012,39.74966967765164,True
609,task_0610,4_012,4,584,task_0585,4_006,39.309139120212194,False
609,task_0610,4_012,5,569,task_0570,4_002,36.787329876639134,False
609,task_0610,4_012,6,716,task_0717,4_039,36.51598977264997,False
609,task_0610,4_012,7,680,task_0681,4_030,36.348507528197615,False
609,task_0610,4_012,8,610,task_0611,4_012,35.63375878319,True
609,task_0610,4_012,9,684,task_0685,4_031,34.563588874825285,False
609,task_0610,4_012,10,682,task_0683,4_030,34.237093433469575,False
610,task_0611,4_012,1,599,task_0600,4_009,51.69194604974116,False
610,task_0611,4_012,2,569,task_0570,4_002,39.43479826333941,False
610,task_0611,4_012,3,611,task_0612,4_012,38.99318543026697,True
610,task_0611,4_012,4,568,task_0569,4_002,37.66356662415012,False
610,task_0611,4_012,5,609,task_0610,4_012,34.45143465185753,True
610,task_0611,4_012,6,579,task_0580,4_004,33.65324766429322,False
610,task_0611,4_012,7,577,task_0578,4_004,31.23145431183009,False
610,task_0611,4_012,8,608,task_0609,4_012,31.10536152179173,True
610,task_0611,4_012,9,578,task_0579,4_004,30.48639148144807,False
610,task_0611,4_012,10,682,task_0683,4_030,30.08407008444676,False
611,task_0612,4_012,1,623,task_0624,4_015,44.91697477430677,False
611,task_0612,4_012,2,569,task_0570,4_002,44.399201486808344,False
611,task_0612,4_012,3,610,task_0611,4_012,42.656297944446216,True
611,task_0612,4_012,4,621,task_0622,4_015,41.118905989295065,False
611,task_0612,4_012,5,609,task_0610,4_012,40.61308019385367,True
611,task_0612,4_012,6,571,task_0572,4_002,38.657484989568296,False
611,task_0612,4_012,7,626,task_0627,4_016,37.43091765719585,False
611,task_0612,4_012,8,622,task_0623,4_015,37.40477511293256,False
611,task_0612,4_012,9,572,task_0573,4_003,36.850777512314835,False
611,task_0612,4_012,10,568,task_0569,4_002,36.34200861893239,False
612,task_0613,4_013,1,614,task_0615,4_013,110.07561692619974,True
612,task_0613,4_013,2,615,task_0616,4_013,67.05315221986248,True
612,task_0613,4_013,3,613,task_0614,4_013,56.01724550627453,True
612,task_0613,4_013,4,643,task_0644,4_020,46.82391233022208,False
612,task_0613,4_013,5,618,task_0619,4_014,42.1136645708399,False
612,task_0613,4_013,6,619,task_0620,4_014,40.0983005883676,False
612,task_0613,4_013,7,684,task_0685,4_031,39.12800240195804,False
612,task_0613,4_013,8,584,task_0585,4_006,37.885395178084366,False
612,task_0613,4_013,9,687,task_0688,4_031,37.63224333105579,False
612,task_0613,4_013,10,678,task_0679,4_029,37.05195936524994,False
613,task_0614,4_013,1,615,task_0616,4_013,131.1049405935571,True
613,task_0614,4_013,2,612,task_0613,4_013,62.579537502718615,True
613,task_0614,4_013,3,614,task_0615,4_013,53.228578296008024,True
613,task_0614,4_013,4,644,task_0645,4_021,45.738065035861766,False
613,task_0614,4_013,5,627,task_0628,4_016,44.25182054807678,False
613,task_0614,4_013,6,684,task_0685,4_031,38.63741465368801,False
613,task_0614,4_013,7,655,task_0656,4_023,37.563935198023486,False
613,task_0614,4_013,8,662,task_0663,4_025,37.476313833562514,False
613,task_0614,4_013,9,678,task_0679,4_029,37.374003927809575,False
613,task_0614,4_013,10,646,task_0647,4_021,37.27947171136162,False
614,task_0615,4_013,1,612,task_0613,4_013,111.13859070111882,True
614,task_0615,4_013,2,641,task_0642,4_020,56.72777971747763,False
614,task_0615,4_013,3,648,task_0649,4_022,54.009826800905685,False
614,task_0615,4_013,4,615,task_0616,4_013,51.69137233371089,True
614,task_0615,4_013,5,613,task_0614,4_013,48.290408501923515,True
614,task_0615,4_013,6,618,task_0619,4_014,43.553257572643204,False
614,task_0615,4_013,7,688,task_0689,4_032,42.40135278840968,False
614,task_0615,4_013,8,684,task_0685,4_031,39.8148490101579,False
614,task_0615,4_013,9,687,task_0688,4_031,39.04516661050208,False
614,task_0615,4_013,10,678,task_0679,4_029,38.29003364636281,False
615,task_0616,4_013,1,613,task_0614,4_013,133.99945480259433,True
615,task_0616,4_013,2,612,task_0613,4_013,76.43342310330806,True
615,task_0616,4_013,3,614,task_0615,4_013,58.5822508480089,True
615,task_0616,4_013,4,682,task_0683,4_030,40.124686231949994,False
615,task_0616,4_013,5,644,task_0645,4_021,38.02526635276215,False
615,task_0616,4_013,6,646,task_0647,4_021,37.92322207463327,False
615,task_0616,4_013,7,603,task_0604,4_010,37.57285937057701,False
615,task_0616,4_013,8,678,task_0679,4_029,37.47705780220299,False
615,task_0616,4_013,9,663,task_0664,4_025,37.45617906344237,False
615,task_0616,4_013,10,239,task_0240,2_013,37.089308162895826,False
616,task_0617,4_014,1,618,task_0619,4_014,134.3266908734588,True
616,task_0617,4_014,2,619,task_0620,4_014,124.11980270300478,True
616,task_0617,4_014,3,617,task_0618,4_014,107.02938776342265,True
616,task_0617,4_014,4,623,task_0624,4_015,66.8315664389629,False
616,task_0617,4_014,5,620,task_0621,4_015,63.596388872723644,False
616,task_0617,4_014,6,640,task_0641,4_020,62.35115775555084,False
616,task_0617,4_014,7,672,task_0673,4_028,60.90119320270917,False
616,task_0617,4_014,8,622,task_0623,4_015,60.42062858794745,False
616,task_0617,4_014,9,674,task_0675,4_028,58.80269888147496,False
616,task_0617,4_014,10,621,task_0622,4_015,58.11212576721674,False
617,task_0618,4_014,1,619,task_0620,4_014,97.15467534263462,True
617,task_0618,4_014,2,616,task_0617,4_014,89.05072822997079,True
617,task_0618,4_014,3,618,task_0619,4_014,85.47599462963079,True
617,task_0618,4_014,4,675,task_0676,4_028,50.939348901112844,False
617,task_0618,4_014,5,665,task_0666,4_026,50.18616450554541,False
617,task_0618,4_014,6,673,task_0674,4_028,49.36257294722114,False
617,task_0618,4_014,7,640,task_0641,4_020,49.16602078972957,False
617,task_0618,4_014,8,664,task_0665,4_026,47.994312223240236,False
617,task_0618,4_014,9,667,task_0668,4_026,46.03342404283543,False
617,task_0618,4_014,10,674,task_0675,4_028,45.66167947575875,False
618,task_0619,4_014,1,616,task_0617,4_014,143.6780597562351,True
618,task_0619,4_014,2,619,task_0620,4_014,141.8615209987304,True
618,task_0619,4_014,3,617,task_0618,4_014,107.4600183202652,True
618,task_0619,4_014,4,640,task_0641,4_020,69.59673199357259,False
618,task_0619,4_014,5,621,task_0622,4_015,66.70644082126164,False
618,task_0619,4_014,6,623,task_0624,4_015,64.52933323594743,False
618,task_0619,4_014,7,674,task_0675,4_028,63.084323449909554,False
618,task_0619,4_014,8,675,task_0676,4_028,62.06995766057811,False
618,task_0619,4_014,9,672,task_0673,4_028,60.68220945363894,False
618,task_0619,4_014,10,620,task_0621,4_015,59.25892554298025,False
619,task_0620,4_014,1,618,task_0619,4_014,123.18797367542372,True
619,task_0620,4_014,2,616,task_0617,4_014,111.22108264029976,True
619,task_0620,4_014,3,617,task_0618,4_014,105.449241287705,True
619,task_0620,4_014,4,640,task_0641,4_020,58.0399742811303,False
619,task_0620,4_014,5,664,task_0665,4_026,55.81453076007478,False
619,task_0620,4_014,6,673,task_0674,4_028,54.76957583672909,False
619,task_0620,4_014,7,675,task_0676,4_028,51.30055754783397,False
619,task_0620,4_014,8,672,task_0673,4_028,51.157676902445736,False
619,task_0620,4_014,9,623,task_0624,4_015,50.284478387089756,False
619,task_0620,4_014,10,620,task_0621,4_015,50.11153922923904,False
620,task_0621,4_015,1,622,task_0623,4_015,137.50997427899762,True
620,task_0621,4_015,2,623,task_0624,4_015,108.74291099124225,True
620,task_0621,4_015,3,621,task_0622,4_015,104.94101934832709,True
620,task_0621,4_015,4,616,task_0617,4_014,58.33993360337597,False
620,task_0621,4_015,5,664,task_0665,4_026,53.65605003651937,False
620,task_0621,4_015,6,667,task_0668,4_026,51.54606349590325,False
620,task_0621,4_015,7,640,task_0641,4_020,49.74823208049026,False
620,task_0621,4_015,8,642,task_0643,4_020,49.20857913173186,False
620,task_0621,4_015,9,618,task_0619,4_014,49.172079983296655,False
620,task_0621,4_015,10,673,task_0674,4_028,48.70201965869985,False
621,task_0622,4_015,1,623,task_0624,4_015,131.0726763834422,True
621,task_0622,4_015,2,622,task_0623,4_015,106.50475697331316,True
621,task_0622,4_015,3,620,task_0621,4_015,103.95624904103376,True
621,task_0622,4_015,4,618,task_0619,4_014,52.92513211446075,False
621,task_0622,4_015,5,645,task_0646,4_021,52.07914638698777,False
621,task_0622,4_015,6,616,task_0617,4_014,51.440810945160536,False
621,task_0622,4_015,7,667,task_0668,4_026,50.562234608142525,False
621,task_0622,4_015,8,685,task_0686,4_031,49.81807380129393,False
621,task_0622,4_015,9,664,task_0665,4_026,49.17789566610103,False
621,task_0622,4_015,10,694,task_0695,4_033,47.63915675549646,False
622,task_0623,4_015,1,620,task_0621,4_015,139.7850346517593,True
622,task_0623,4_015,2,623,task_0624,4_015,110.94326354534114,True
622,task_0623,4_015,3,621,task_0622,4_015,108.86036053445234,True
622,task_0623,4_015,4,616,task_0617,4_014,56.05479019933908,False
622,task_0623,4_015,5,664,task_0665,4_026,52.3003308368825,False
622,task_0623,4_015,6,642,task_0643,4_020,51.17990993943388,False
622,task_0623,4_015,7,667,task_0668,4_026,50.23227510196434,False
622,task_0623,4_015,8,640,task_0641,4_020,49.74823208049027,False
622,task_0623,4_015,9,625,task_0626,4_016,49.718937662752865,False
622,task_0623,4_015,10,618,task_0619,4_014,49.172079983296655,False
623,task_0624,4_015,1,621,task_0622,4_015,129.5956019473199,True
623,task_0624,4_015,2,622,task_0623,4_015,107.53677170629358,True
623,task_0624,4_015,3,620,task_0621,4_015,106.80409821514793,True
623,task_0624,4_015,4,616,task_0617,4_014,57.53359839905856,False
623,task_0624,4_015,5,664,task_0665,4_026,54.01618000651428,False
623,task_0624,4_015,6,640,task_0641,4_020,52.06296209215004,False
623,task_0624,4_015,7,618,task_0619,4_014,51.029255249543745,False
623,task_0624,4_015,8,645,task_0646,4_021,50.11515456047104,False
623,task_0624,4_015,9,611,task_0612,4_012,48.91714769428405,False
623,task_0624,4_015,10,685,task_0686,4_031,47.40511237466213,False
624,task_0625,4_016,1,626,task_0627,4_016,148.47290268417672,True
624,task_0625,4_016,2,625,task_0626,4_016,118.29942246301924,True
624,task_0625,4_016,3,627,task_0628,4_016,79.7492600310004,True
624,task_0625,4_016,4,664,task_0665,4_026,56.41449671240677,False
624,task_0625,4_016,5,667,task_0668,4_026,48.34009287499791,False
624,task_0625,4_016,6,623,task_0624,4_015,46.51239240355757,False
624,task_0625,4_016,7,644,task_0645,4_021,46.461228801095864,False
624,task_0625,4_016,8,634,task_0635,4_018,45.925857872774394,False
624,task_0625,4_016,9,646,task_0647,4_021,45.65891990572258,False
624,task_0625,4_016,10,616,task_0617,4_014,45.33669409506946,False
625,task_0626,4_016,1,624,task_0625,4_016,118.96674439940895,True
625,task_0626,4_016,2,626,task_0627,4_016,109.20034508256757,True
625,task_0626,4_016,3,627,task_0628,4_016,105.07703373925706,True
625,task_0626,4_016,4,664,task_0665,4_026,54.23654699712912,False
625,task_0626,4_016,5,644,task_0645,4_021,52.901159650529685,False
625,task_0626,4_016,6,622,task_0623,4_015,49.828724112345434,False
625,task_0626,4_016,7,634,task_0635,4_018,49.31372434593845,False
625,task_0626,4_016,8,665,task_0666,4_026,49.12258329749406,False
625,task_0626,4_016,9,673,task_0674,4_028,49.0624234245633,False
625,task_0626,4_016,10,623,task_0624,4_015,48.96486394770033,False
626,task_0627,4_016,1,624,task_0625,4_016,138.9136521289792,True
626,task_0627,4_016,2,625,task_0626,4_016,100.61177869284107,True
626,task_0627,4_016,3,627,task_0628,4_016,74.39145681139537,True
626,task_0627,4_016,4,664,task_0665,4_026,50.38104975650956,False
626,task_0627,4_016,5,622,task_0623,4_015,45.9390051136438,False
626,task_0627,4_016,6,623,task_0624,4_015,44.48716319431873,False
626,task_0627,4_016,7,621,task_0622,4_015,44.42588278853233,False
626,task_0627,4_016,8,633,task_0634,4_018,44.12140654910548,False
626,task_0627,4_016,9,667,task_0668,4_026,43.77828490706916,False
626,task_0627,4_016,10,644,task_0645,4_021,42.405490702873436,False
627,task_0628,4_016,1,625,task_0626,4_016,93.20619695556334,True
627,task_0628,4_016,2,626,task_0627,4_016,70.16494735224272,True
627,task_0628,4_016,3,624,task_0625,4_016,69.05575830959917,True
627,task_0628,4_016,4,664,task_0665,4_026,56.25275102400409,False
627,task_0628,4_016,5,665,task_0666,4_026,46.64861469840733,False
627,task_0628,4_016,6,620,task_0621,4_015,46.208757807069496,False
627,task_0628,4_016,7,634,task_0635,4_018,46.04867562277346,False
627,task_0628,4_016,8,644,task_0645,4_021,45.89169952682791,False
627,task_0628,4_016,9,622,task_0623,4_015,45.00169929195964,False
627,task_0628,4_016,10,621,task_0622,4_015,44.23351381299952,False
628,task_0629,4_017,1,630,task_0631,4_017,98.20673064866813,True
628,task_0629,4_017,2,629,task_0630,4_017,83.53060392743225,True
628,task_0629,4_017,3,631,task_0632,4_017,79.34366245155157,True
628,task_0629,4_017,4,618,task_0619,4_014,34.71774893790678,False
628,task_0629,4_017,5,648,task_0649,4_022,30.82353769815954,False
628,task_0629,4_017,6,616,task_0617,4_014,29.89000493256222,False
628,task_0629,4_017,7,619,task_0620,4_014,26.489130224295305,False
628,task_0629,4_017,8,625,task_0626,4_016,22.70287630415047,False
628,task_0629,4_017,9,252,task_0253,2_017,22.029523461519567,False
628,task_0629,4_017,10,673,task_0674,4_028,21.983704016155244,False
629,task_0630,4_017,1,631,task_0632,4_017,139.46620699802608,True
629,task_0630,4_017,2,630,task_0631,4_017,104.10447262083052,True
629,task_0630,4_017,3,628,task_0629,4_017,86.35193126982014,True
629,task_0630,4_017,4,652,task_0653,4_023,45.96748873126631,False
629,task_0630,4_017,5,648,task_0649,4_022,33.277785371040096,False
629,task_0630,4_017,6,685,task_0686,4_031,31.57818190382801,False
629,task_0630,4_017,7,683,task_0684,4_030,28.32891869203607,False
629,task_0630,4_017,8,680,task_0681,4_030,27.68636021234567,False
629,task_0630,4_017,9,65,task_0066,1_017,27.308038834257914,False
629,task_0630,4_017,10,687,task_0688,4_031,27.03114299025748,False
630,task_0631,4_017,1,628,task_0629,4_017,102.31905543001805,True
630,task_0631,4_017,2,629,task_0630,4_017,101.32303507056248,True
630,task_0631,4_017,3,631,task_0632,4_017,95.82220622239632,True
630,task_0631,4_017,4,648,task_0649,4_022,35.443382165828986,False
630,task_0631,4_017,5,652,task_0653,4_023,32.562806545818816,False
630,task_0631,4_017,6,684,task_0685,4_031,29.901205461083055,False
630,task_0631,4_017,7,9,task_0010,1_003,28.757328233853045,False
630,task_0631,4_017,8,66,task_0067,1_017,28.026611522591683,False
630,task_0631,4_017,9,685,task_0686,4_031,27.584565280902787,False
630,task_0631,4_017,10,687,task_0688,4_031,26.07908890519391,False
631,task_0632,4_017,1,629,task_0630,4_017,142.13535519671476,True
631,task_0632,4_017,2,630,task_0631,4_017,98.40841612135358,True
631,task_0632,4_017,3,628,task_0629,4_017,85.27440983123859,True
631,task_0632,4_017,4,652,task_0653,4_023,40.258691840605344,False
631,task_0632,4_017,5,648,task_0649,4_022,33.277785371040096,False
631,task_0632,4_017,6,678,task_0679,4_029,31.613770497703243,False
631,task_0632,4_017,7,687,task_0688,4_031,29.67250559666049,False
631,task_0632,4_017,8,618,task_0619,4_014,29.595982359371654,False
631,task_0632,4_017,9,685,task_0686,4_031,28.94342730035663,False
631,task_0632,4_017,10,716,task_0717,4_039,28.37957458749808,False
632,task_0633,4_018,1,633,task_0634,4_018,128.55943510888252,True
632,task_0633,4_018,2,634,task_0635,4_018,127.37634173804108,True
632,task_0633,4_018,3,635,task_0636,4_018,114.04843357660395,True
632,task_0633,4_018,4,664,task_0665,4_026,49.447357140849284,False
632,task_0633,4_018,5,620,task_0621,4_015,45.23087436534526,False
632,task_0633,4_018,6,622,task_0623,4_015,44.20083441380679,False
632,task_0633,4_018,7,672,task_0673,4_028,43.341837524439256,False
632,task_0633,4_018,8,673,task_0674,4_028,43.25419684762553,False
632,task_0633,4_018,9,619,task_0620,4_014,42.69042900119755,False
632,task_0633,4_018,10,627,task_0628,4_016,42.59103711588782,False
633,task_0634,4_018,1,634,task_0635,4_018,199.89733471068521,True
633,task_0634,4_018,2,635,task_0636,4_018,190.51327916811252,True
633,task_0634,4_018,3,632,task_0633,4_018,152.3280621342741,True
633,task_0634,4_018,4,616,task_0617,4_014,58.21237607770911,False
633,task_0634,4_018,5,664,task_0665,4_026,56.603525193046536,False
633,task_0634,4_018,6,619,task_0620,4_014,55.09288954580725,False
633,task_0634,4_018,7,620,task_0621,4_015,54.31109796029773,False
633,task_0634,4_018,8,618,task_0619,4_014,53.56732395089254,False
633,task_0634,4_018,9,622,task_0623,4_015,53.06869745705617,False
633,task_0634,4_018,10,625,task_0626,4_016,52.62837553068734,False
634,task_0635,4_018,1,633,task_0634,4_018,198.583921375596,True
634,task_0635,4_018,2,635,task_0636,4_018,183.32093298831157,True
634,task_0635,4_018,3,632,task_0633,4_018,150.11038492640327,True
634,task_0635,4_018,4,616,task_0617,4_014,60.053028199662336,False
634,task_0635,4_018,5,664,task_0665,4_026,58.983446254663136,False
634,task_0635,4_018,6,625,task_0626,4_016,56.06685144561089,False
634,task_0635,4_018,7,627,task_0628,4_016,55.6205531395004,False
634,task_0635,4_018,8,623,task_0624,4_015,54.63832279578842,False
634,task_0635,4_018,9,619,task_0620,4_014,53.331963756489074,False
634,task_0635,4_018,10,618,task_0619,4_014,52.196520295407815,False
635,task_0636,4_018,1,633,task_0634,4_018,185.69625479754887,True
635,task_0636,4_018,2,634,task_0635,4_018,178.36304509080148,True
635,task_0636,4_018,3,632,task_0633,4_018,130.72759099496358,True
635,task_0636,4_018,4,664,task_0665,4_026,53.67290950616339,False
635,task_0636,4_018,5,692,task_0693,4_033,49.95519245703329,False
635,task_0636,4_018,6,665,task_0666,4_026,49.490327180724414,False
635,task_0636,4_018,7,616,task_0617,4_014,48.30799294356003,False
635,task_0636,4_018,8,694,task_0695,4_033,47.998334032181624,False
635,task_0636,4_018,9,618,task_0619,4_014,46.8340306515711,False
635,task_0636,4_018,10,589,task_0590,4_007,45.89373301562737,False
636,task_0637,4_019,1,638,task_0639,4_019,67.08999854873387,True
636,task_0637,4_019,2,637,task_0638,4_019,58.57191583852485,True
636,task_0637,4_019,3,639,task_0640,4_019,47.92298519970613,True
636,task_0637,4_019,4,595,task_0596,4_008,39.0531147015963,False
636,task_0637,4_019,5,593,task_0594,4_008,38.85053551499445,False
636,task_0637,4_019,6,699,task_0700,4_034,37.14594427705769,False
636,task_0637,4_019,7,696,task_0697,4_034,34.94752002338734,False
636,task_0637,4_019,8,697,task_0698,4_034,33.210992696994815,False
636,task_0637,4_019,9,594,task_0595,4_008,31.016726779789163,False
636,task_0637,4_019,10,592,task_0593,4_008,29.877507214772283,False
637,task_0638,4_019,1,639,task_0640,4_019,167.95326213214116,True
637,task_0638,4_019,2,636,task_0637,4_019,58.44245028466974,True
637,task_0638,4_019,3,661,task_0662,4_025,43.146787291109625,False
637,task_0638,4_019,4,699,task_0700,4_034,32.68527642911277,False
637,task_0638,4_019,5,696,task_0697,4_034,28.12938810983256,False
637,task_0638,4_019,6,594,task_0595,4_008,28.037760328262976,False
637,task_0638,4_019,7,592,task_0593,4_008,28.014613265860763,False
637,task_0638,4_019,8,603,task_0604,4_010,27.42793803925999,False
637,task_0638,4_019,9,593,task_0594,4_008,26.93101376224325,False
637,task_0638,4_019,10,574,task_0575,4_003,25.445184975622507,False
638,task_0639,4_019,1,636,task_0637,4_019,54.97475442324617,True
638,task_0639,4_019,2,595,task_0596,4_008,20.977847106914727,False
638,task_0639,4_019,3,593,task_0594,4_008,20.77526792031287,False
638,task_0639,4_019,4,606,task_0607,4_011,19.43848594792092,False
638,task_0639,4_019,5,637,task_0638,4_019,18.62194550518424,True
638,task_0639,4_019,6,602,task_0603,4_010,17.612984648855495,False
638,task_0639,4_019,7,671,task_0672,4_027,17.540674179692374,False
638,task_0639,4_019,8,669,task_0670,4_027,16.75110496134812,False
638,task_0639,4_019,9,699,task_0700,4_034,16.471285736481846,False
638,task_0639,4_019,10,703,task_0704,4_035,15.454664248517224,False
639,task_0640,4_019,1,637,task_0638,4_019,158.39422687001024,True
639,task_0640,4_019,2,636,task_0637,4_019,44.94472967653526,True
639,task_0640,4_019,3,661,task_0662,4_025,29.324539551951908,False
639,task_0640,4_019,4,603,task_0604,4_010,28.96969791969518,False
639,task_0640,4_019,5,614,task_0615,4_013,20.54556802748065,False
639,task_0640,4_019,6,607,task_0608,4_011,20.115315753126616,False
639,task_0640,4_019,7,595,task_0596,4_008,19.634832680652522,False
639,task_0640,4_019,8,593,task_0594,4_008,19.432253494050666,False
639,task_0640,4_019,9,73,task_0074,1_019,18.557433737934517,False
639,task_0640,4_019,10,116,task_0117,1_030,18.217657502078097,False
640,task_0641,4_020,1,642,task_0643,4_020,69.66799149554363,True
640,task_0641,4_020,2,618,task_0619,4_014,58.3995305374433,False
640,task_0641,4_020,3,616,task_0617,4_014,58.35490495897466,False
640,task_0641,4_020,4,619,task_0620,4_014,57.355640563500195,False
640,task_0641,4_020,5,617,task_0618,4_014,52.92812577278606,False
640,task_0641,4_020,6,623,task_0624,4_015,52.036856853235996,False
640,task_0641,4_020,7,622,task_0623,4_015,49.861215817824124,False
640,task_0641,4_020,8,672,task_0673,4_028,49.823202770091555,False
640,task_0641,4_020,9,620,task_0621,4_015,49.79854968524363,False
640,task_0641,4_020,10,673,task_0674,4_028,48.07999487745183,False
641,task_0642,4_020,1,643,task_0644,4_020,107.77950190174607,True
641,task_0642,4_020,2,614,task_0615,4_013,55.201042201264876,False
641,task_0642,4_020,3,648,task_0649,4_022,49.52202198159634,False
641,task_0642,4_020,4,640,task_0641,4_020,48.10917387316711,True
641,task_0642,4_020,5,688,task_0689,4_032,45.34713779759072,False
641,task_0642,4_020,6,612,task_0613,4_013,37.171129605491494,False
641,task_0642,4_020,7,619,task_0620,4_014,33.284482786503034,False
641,task_0642,4_020,8,584,task_0585,4_006,32.617975277301454,False
641,task_0642,4_020,9,684,task_0685,4_031,32.40037145642298,False
641,task_0642,4_020,10,690,task_0691,4_032,32.241108826389336,False
642,task_0643,4_020,1,640,task_0641,4_020,60.75569876356416,True
642,task_0643,4_020,2,622,task_0623,4_015,42.39704706104493,False
642,task_0643,4_020,3,620,task_0621,4_015,41.94490508845619,False
642,task_0643,4_020,4,673,task_0674,4_028,41.317183898714134,False
642,task_0643,4_020,5,664,task_0665,4_026,39.82286483662243,False
642,task_0643,4_020,6,627,task_0628,4_016,37.72703607059205,False
642,task_0643,4_020,7,623,task_0624,4_015,36.772076349458786,False
642,task_0643,4_020,8,675,task_0676,4_028,36.146567981947406,False
642,task_0643,4_020,9,674,task_0675,4_028,35.62625711449142,False
642,task_0643,4_020,10,672,task_0673,4_028,35.48332282958197,False
643,task_0644,4_020,1,641,task_0642,4_020,99.563264985271,True
643,task_0644,4_020,2,612,task_0613,4_013,48.285294985518384,False
643,task_0644,4_020,3,619,task_0620,4_014,39.97101026977739,False
643,task_0644,4_020,4,618,task_0619,4_014,38.79832181906638,False
643,task_0644,4_020,5,614,task_0615,4_013,36.39516448092029,False
643,task_0644,4_020,6,648,task_0649,4_022,33.95095923537074,False
643,task_0644,4_020,7,640,task_0641,4_020,33.118676917031316,True
643,task_0644,4_020,8,688,task_0689,4_032,32.8272910543596,False
643,task_0644,4_020,9,616,task_0617,4_014,32.5217538258275,False
643,task_0644,4_020,10,684,task_0685,4_031,32.50051448426631,False
644,task_0645,4_021,1,646,task_0647,4_021,72.93689785237501,True
644,task_0645,4_021,2,685,task_0686,4_031,54.64363621665112,False
644,task_0645,4_021,3,667,task_0668,4_026,51.71312706241635,False
644,task_0645,4_021,4,684,task_0685,4_031,50.051599604277285,False
644,task_0645,4_021,5,687,task_0688,4_031,50.033114466348366,False
644,task_0645,4_021,6,682,task_0683,4_030,48.12910879890022,False
644,task_0645,4_021,7,625,task_0626,4_016,46.101740555715075,False
644,task_0645,4_021,8,627,task_0628,4_016,41.49687535351406,False
644,task_0645,4_021,9,624,task_0625,4_016,41.41401410971836,False
644,task_0645,4_021,10,680,task_0681,4_030,41.33717614092379,False
645,task_0646,4_021,1,647,task_0648,4_021,86.20819611756205,True
645,task_0646,4_021,2,572,task_0573,4_003,50.968232982599325,False
645,task_0646,4_021,3,621,task_0622,4_015,49.07926043704903,False
645,task_0646,4_021,4,690,task_0691,4_032,47.85603460816693,False
645,task_0646,4_021,5,688,task_0689,4_032,47.67295780910338,False
645,task_0646,4_021,6,623,task_0624,4_015,47.34447771896121,False
645,task_0646,4_021,7,689,task_0690,4_032,42.39216049589152,False
645,task_0646,4_021,8,622,task_0623,4_015,39.78221901210304,False
645,task_0646,4_021,9,620,task_0621,4_015,38.21840310502819,False
645,task_0646,4_021,10,575,task_0576,4_003,35.01000105963481,False
646,task_0647,4_021,1,644,task_0645,4_021,74.26950236514173,True
646,task_0647,4_021,2,667,task_0668,4_026,51.848434203774836,False
646,task_0647,4_021,3,685,task_0686,4_031,48.84382243551774,False
646,task_0647,4_021,4,575,task_0576,4_003,46.52001422073627,False
646,task_0647,4_021,5,664,task_0665,4_026,45.38993201770938,False
646,task_0647,4_021,6,581,task_0582,4_005,44.08023071311691,False
646,task_0647,4_021,7,573,task_0574,4_003,43.65518533975381,False
646,task_0647,4_021,8,687,task_0688,4_031,42.57859489429984,False
646,task_0647,4_021,9,662,task_0663,4_025,41.96161098464618,False
646,task_0647,4_021,10,694,task_0695,4_033,40.99443568585073,False
647,task_0648,4_021,1,645,task_0646,4_021,78.67656126158738,True
647,task_0648,4_021,2,572,task_0573,4_003,41.45269512184686,False
647,task_0648,4_021,3,689,task_0690,4_032,37.67965284846923,False
647,task_0648,4_021,4,622,task_0623,4_015,35.72026481102065,False
647,task_0648,4_021,5,688,task_0689,4_032,35.159635287157066,False
647,task_0648,4_021,6,691,task_0692,4_032,35.1450296647613,False
647,task_0648,4_021,7,690,task_0691,4_032,34.47120860083806,False
647,task_0648,4_021,8,620,task_0621,4_015,32.08356860016925,False
647,task_0648,4_021,9,621,task_0622,4_015,30.020496760756647,False
647,task_0648,4_021,10,623,task_0624,4_015,29.351072530575557,False
648,task_0649,4_022,1,649,task_0650,4_022,72.07417859256904,True
648,task_0649,4_022,2,651,task_0652,4_022,71.81923869695736,True
648,task_0649,4_022,3,688,task_0689,4_032,69.56352433815005,False
648,task_0649,4_022,4,650,task_0651,4_022,64.08482681171193,True
648,task_0649,4_022,5,614,task_0615,4_013,59.41637808132374,False
648,task_0649,4_022,6,690,task_0691,4_032,56.826421935624445,False
648,task_0649,4_022,7,641,task_0642,4_020,52.59343618727581,False
648,task_0649,4_022,8,678,task_0679,4_029,50.661129353243396,False
648,task_0649,4_022,9,680,task_0681,4_030,50.49137220875664,False
648,task_0649,4_022,10,691,task_0692,4_032,49.89101373484862,False
649,task_0650,4_022,1,651,task_0652,4_022,142.28016290970876,True
649,task_0650,4_022,2,648,task_0649,4_022,69.824232947469,True
649,task_0650,4_022,3,716,task_0717,4_039,51.01451640121344,False
649,task_0650,4_022,4,717,task_0718,4_039,48.52000934715815,False
649,task_0650,4_022,5,719,task_0720,4_039,47.94500354745642,False
649,task_0650,4_022,6,690,task_0691,4_032,47.66886621142105,False
649,task_0650,4_022,7,616,task_0617,4_014,47.536454434831086,False
649,task_0650,4_022,8,688,task_0689,4_032,46.54666659085252,False
649,task_0650,4_022,9,680,task_0681,4_030,46.09110975657964,False
649,task_0650,4_022,10,618,task_0619,4_014,44.438131896115216,False
650,task_0651,4_022,1,648,task_0649,4_022,52.853766131802736,True
650,task_0651,4_022,2,651,task_0652,4_022,42.77600129753418,True
650,task_0651,4_022,3,649,task_0650,4_022,36.89370044868464,True
650,task_0651,4_022,4,717,task_0718,4_039,34.01575688012994,False
650,task_0651,4_022,5,716,task_0717,4_039,33.68856738285738,False
650,task_0651,4_022,6,719,task_0720,4_039,33.63223886897562,False
650,task_0651,4_022,7,680,task_0681,4_030,31.116929819450075,False
650,task_0651,4_022,8,678,task_0679,4_029,30.940782322123532,False
650,task_0651,4_022,9,617,task_0618,4_014,28.813878570153772,False
650,task_0651,4_022,10,608,task_0609,4_012,28.4258022401729,False
651,task_0652,4_022,1,649,task_0650,4_022,137.73318995841223,True
651,task_0652,4_022,2,648,task_0649,4_022,67.83482960999605,True
651,task_0652,4_022,3,716,task_0717,4_039,54.9049338936985,False
651,task_0652,4_022,4,690,task_0691,4_032,50.337305811053206,False
651,task_0652,4_022,5,688,task_0689,4_032,49.164650850414084,False
651,task_0652,4_022,6,650,task_0651,4_022,49.06178775781552,True
651,task_0652,4_022,7,717,task_0718,4_039,46.322606637158145,False
651,task_0652,4_022,8,616,task_0617,4_014,46.20449811372795,False
651,task_0652,4_022,9,719,task_0720,4_039,45.77638875104483,False
651,task_0652,4_022,10,678,task_0679,4_029,44.214154849405034,False
652,task_0653,4_023,1,629,task_0630,4_017,43.55362928330589,False
652,task_0653,4_023,2,631,task_0632,4_017,37.20237108306694,False
652,task_0653,4_023,3,653,task_0654,4_023,34.963624129718404,True
652,task_0653,4_023,4,630,task_0631,4_017,32.736935780810484,False
652,task_0653,4_023,5,685,task_0686,4_031,31.04269109478427,False
652,task_0653,4_023,6,648,task_0649,4_022,27.75360423659384,False
652,task_0653,4_023,7,687,task_0688,4_031,27.29024560661304,False
652,task_0653,4_023,8,654,task_0655,4_023,27.191989533051906,True
652,task_0653,4_023,9,650,task_0651,4_022,26.855906359139798,False
652,task_0653,4_023,10,684,task_0685,4_031,26.242888663004617,False
653,task_0654,4_023,1,654,task_0655,4_023,40.45177433092237,True
653,task_0654,4_023,2,652,task_0653,4_023,33.8703808549628,True
653,task_0654,4_023,3,595,task_0596,4_008,30.601618079017268,False
653,task_0654,4_023,4,593,task_0594,4_008,30.399038892415415,False
653,task_0654,4_023,5,670,task_0671,4_027,27.80589317454717,False
653,task_0654,4_023,6,671,task_0672,4_027,26.17634221516219,False
653,task_0654,4_023,7,644,task_0645,4_021,25.856193974324825,False
653,task_0654,4_023,8,669,task_0670,4_027,25.55449859683083,False
653,task_0654,4_023,9,668,task_0669,4_027,24.89899239748125,False
653,task_0654,4_023,10,655,task_0656,4_023,24.730873894897012,True
654,task_0655,4_023,1,653,task_0654,4_023,41.20268743392663,True
654,task_0655,4_023,2,655,task_0656,4_023,39.59733916476261,True
654,task_0655,4_023,3,671,task_0672,4_027,31.497845859529914,False
654,task_0655,4_023,4,669,task_0670,4_027,30.144382802967137,False
654,task_0655,4_023,5,685,task_0686,4_031,27.788927051914367,False
654,task_0655,4_023,6,646,task_0647,4_021,27.453648583694704,False
654,task_0655,4_023,7,644,task_0645,4_021,26.8817368754041,False
654,task_0655,4_023,8,652,task_0653,4_023,25.497751989159337,True
654,task_0655,4_023,9,684,task_0685,4_031,25.013369903546486,False
654,task_0655,4_023,10,595,task_0596,4_008,23.970368967000397,False
655,task_0656,4_023,1,654,task_0655,4_023,41.69468979665166,True
655,task_0656,4_023,2,267,task_0268,2_020,31.891226645556184,False
655,task_0656,4_023,3,613,task_0614,4_013,30.710963237494692,False
655,task_0656,4_023,4,601,task_0602,4_010,29.533557881846313,False
655,task_0656,4_023,5,615,task_0616,4_013,27.588657486278343,False
655,task_0656,4_023,6,229,task_0230,2_011,27.285346334594447,False
655,task_0656,4_023,7,602,task_0603,4_010,26.44088818613557,False
655,task_0656,4_023,8,662,task_0663,4_025,25.948034617143307,False
655,task_0656,4_023,9,646,task_0647,4_021,25.70724476731622,False
655,task_0656,4_023,10,133,task_0134,1_034,25.635168994568936,False
656,task_0657,4_024,1,658,task_0659,4_024,69.43071681521486,True
656,task_0657,4_024,2,598,task_0599,4_009,33.99529140231922,False
656,task_0657,4_024,3,657,task_0658,4_024,31.908196792644002,True
656,task_0657,4_024,4,625,task_0626,4_016,22.760979082851364,False
656,task_0657,4_024,5,92,task_0093,1_024,21.493677889798995,False
656,task_0657,4_024,6,596,task_0597,4_009,21.439077294223804,False
656,task_0657,4_024,7,611,task_0612,4_012,20.475109851913512,False
656,task_0657,4_024,8,654,task_0655,4_023,20.40864829168458,False
656,task_0657,4_024,9,659,task_0660,4_024,19.9764657743205,True
656,task_0657,4_024,10,624,task_0625,4_016,19.700703621173474,False
657,task_0658,4_024,1,659,task_0660,4_024,127.4558027017746,True
657,task_0658,4_024,2,658,task_0659,4_024,49.61679057669048,True
657,task_0658,4_024,3,656,task_0657,4_024,31.023726745984753,True
657,task_0658,4_024,4,692,task_0693,4_033,25.083950609814192,False
657,task_0658,4_024,5,667,task_0668,4_026,24.172574840405687,False
657,task_0658,4_024,6,584,task_0585,4_006,23.730148047972374,False
657,task_0658,4_024,7,694,task_0695,4_033,22.221132316225443,False
657,task_0658,4_024,8,708,task_0709,4_037,22.190787348503054,False
657,task_0658,4_024,9,100,task_0101,1_026,21.59469514204101,False
657,task_0658,4_024,10,713,task_0714,4_038,21.195383748022916,False
658,task_0659,4_024,1,656,task_0657,4_024,71.04556954300455,True
658,task_0659,4_024,2,657,task_0658,4_024,52.2934260855479,True
658,task_0659,4_024,3,659,task_0660,4_024,41.50302194037095,True
658,task_0659,4_024,4,663,task_0664,4_025,27.762733953016422,False
658,task_0659,4_024,5,662,task_0663,4_025,27.499224530580957,False
658,task_0659,4_024,6,632,task_0633,4_018,25.423265388633435,False
658,task_0659,4_024,7,584,task_0585,4_006,24.78352428189684,False
658,task_0659,4_024,8,660,task_0661,4_025,23.479475796740026,False
658,task_0659,4_024,9,664,task_0665,4_026,23.212053225992154,False
658,task_0659,4_024,10,716,task_0717,4_039,23.089695745554998,False
659,task_0660,4_024,1,657,task_0658,4_024,131.79485896256472,True
659,task_0660,4_024,2,658,task_0659,4_024,38.46362452232934,True
659,task_0660,4_024,3,100,task_0101,1_026,27.150262695870275,False
659,task_0660,4_024,4,667,task_0668,4_026,24.056563901375057,False
659,task_0660,4_024,5,616,task_0617,4_014,23.354002909948676,False
659,task_0660,4_024,6,692,task_0693,4_033,22.859838127380932,False
659,task_0660,4_024,7,623,task_0624,4_015,22.793096129174145,False
659,task_0660,4_024,8,634,task_0635,4_018,22.686239536161185,False
659,task_0660,4_024,9,442,task_0443,3_024,22.268016063090837,False
659,task_0660,4_024,10,630,task_0631,4_017,21.992689152785633,False
660,task_0661,4_025,1,662,task_0663,4_025,159.88322150050442,True
660,task_0661,4_025,2,663,task_0664,4_025,111.05899893955953,True
660,task_0661,4_025,3,661,task_0662,4_025,69.79288390705405,True
660,task_0661,4_025,4,713,task_0714,4_038,52.90954133347216,False
660,task_0661,4_025,5,699,task_0700,4_034,50.30139415244912,False
660,task_0661,4_025,6,697,task_0698,4_034,50.269629225887506,False
660,task_0661,4_025,7,696,task_0697,4_034,49.22695778364167,False
660,task_0661,4_025,8,669,task_0670,4_027,47.316637119438695,False
660,task_0661,4_025,9,592,task_0593,4_008,46.334065103793456,False
660,task_0661,4_025,10,646,task_0647,4_021,44.55944461899245,False
661,task_0662,4_025,1,663,task_0664,4_025,74.09259913293283,True
661,task_0662,4_025,2,660,task_0661,4_025,57.21890017396541,True
661,task_0662,4_025,3,662,task_0663,4_025,55.79077948974776,True
661,task_0662,4_025,4,592,task_0593,4_008,42.71771284051669,False
661,task_0662,4_025,5,637,task_0638,4_019,39.98538377670499,False
661,task_0662,4_025,6,594,task_0595,4_008,38.34402032618226,False
661,task_0662,4_025,7,701,task_0702,4_035,34.81750308879864,False
661,task_0662,4_025,8,664,task_0665,4_026,32.53883404174192,False
661,task_0662,4_025,9,612,task_0613,4_013,32.168133957026555,False
661,task_0662,4_025,10,665,task_0666,4_026,31.19655576093163,False
662,task_0663,4_025,1,660,task_0661,4_025,159.77615356082785,True
662,task_0663,4_025,2,663,task_0664,4_025,116.7083083079101,True
662,task_0663,4_025,3,661,task_0662,4_025,68.76875856663578,True
662,task_0663,4_025,4,592,task_0593,4_008,48.632949261183875,False
662,task_0663,4_025,5,713,task_0714,4_038,45.77591744979587,False
662,task_0663,4_025,6,646,task_0647,4_021,45.43586718376686,False
662,task_0663,4_025,7,664,task_0665,4_026,44.24884232676599,False
662,task_0663,4_025,8,699,task_0700,4_034,43.87993538110379,False
662,task_0663,4_025,9,590,task_0591,4_007,41.28284375203849,False
662,task_0663,4_025,10,594,task_0595,4_008,40.81666633884648,False
663,task_0664,4_025,1,662,task_0663,4_025,105.84839730615784,True
663,task_0664,4_025,2,660,task_0661,4_025,101.71348496314224,True
663,task_0664,4_025,3,661,task_0662,4_025,88.52888057062022,True
663,task_0664,4_025,4,592,task_0593,4_008,44.27514360314007,False
663,task_0664,4_025,5,699,task_0700,4_034,43.06195177285515,False
663,task_0664,4_025,6,696,task_0697,4_034,41.87308432346836,False
663,task_0664,4_025,7,697,task_0698,4_034,40.42727843101946,False
663,task_0664,4_025,8,664,task_0665,4_026,39.3268619246291,False
663,task_0664,4_025,9,590,task_0591,4_007,39.22908177428307,False
663,task_0664,4_025,10,713,task_0714,4_038,38.610978396794614,False
664,task_0665,4_026,1,667,task_0668,4_026,100.29807639981387,True
664,task_0665,4_026,2,665,task_0666,4_026,88.0489793848717,True
664,task_0665,4_026,3,692,task_0693,4_033,65.92021576387879,False
664,task_0665,4_026,4,694,task_0695,4_033,60.08691053915503,False
664,task_0665,4_026,5,693,task_0694,4_033,56.74434039411778,False
664,task_0665,4_026,6,584,task_0585,4_006,56.7376225810622,False
664,task_0665,4_026,7,673,task_0674,4_028,55.72847719014557,False
664,task_0665,4_026,8,666,task_0667,4_026,53.96317626536193,True
664,task_0665,4_026,9,672,task_0673,4_028,52.188042173706684,False
664,task_0665,4_026,10,627,task_0628,4_016,51.44749759596937,False
665,task_0666,4_026,1,667,task_0668,4_026,98.90857955020952,True
665,task_0666,4_026,2,664,task_0665,4_026,89.42504725590828,True
665,task_0666,4_026,3,673,task_0674,4_028,58.56097902557135,False
665,task_0666,4_026,4,675,task_0676,4_028,54.70180238992171,False
665,task_0666,4_026,5,694,task_0695,4_033,50.757594301651196,False
665,task_0666,4_026,6,674,task_0675,4_028,50.72495953927889,False
665,task_0666,4_026,7,672,task_0673,4_028,50.58202525436944,False
665,task_0666,4_026,8,693,task_0694,4_033,50.0164870604547,False
665,task_0666,4_026,9,666,task_0667,4_026,49.73327207489356,True
665,task_0666,4_026,10,692,task_0693,4_033,49.12583942136985,False
666,task_0667,4_026,1,667,task_0668,4_026,51.135420587828854,True
666,task_0667,4_026,2,664,task_0665,4_026,45.67065078880361,True
666,task_0667,4_026,3,665,task_0666,4_026,42.690249019436834,True
666,task_0667,4_026,4,616,task_0617,4_014,32.67721705723183,False
666,task_0667,4_026,5,674,task_0675,4_028,32.64976203530098,False
666,task_0667,4_026,6,672,task_0673,4_028,32.50682775039153,False
666,task_0667,4_026,7,619,task_0620,4_014,31.546782895684093,False
666,task_0667,4_026,8,617,task_0618,4_014,31.269405105927984,False
666,task_0667,4_026,9,623,task_0624,4_015,31.04376737973916,False
666,task_0667,4_026,10,717,task_0718,4_039,30.700745878290007,False
667,task_0668,4_026,1,664,task_0665,4_026,105.90828197304263,True
667,task_0668,4_026,2,665,task_0666,4_026,105.81463959683686,True
667,task_0668,4_026,3,666,task_0667,4_026,64.98640389437016,True
667,task_0668,4_026,4,692,task_0693,4_033,64.30419042994394,False
667,task_0668,4_026,5,694,task_0695,4_033,63.38290473678206,False
667,task_0668,4_026,6,584,task_0585,4_006,61.00120140881154,False
667,task_0668,4_026,7,693,task_0694,4_033,55.36971163612222,False
667,task_0668,4_026,8,646,task_0647,4_021,53.93638392652837,False
667,task_0668,4_026,9,695,task_0696,4_033,52.08238758527859,False
667,task_0668,4_026,10,644,task_0645,4_021,52.00171231334834,False
668,task_0669,4_027,1,670,task_0671,4_027,118.66474893622738,True
668,task_0669,4_027,2,669,task_0670,4_027,110.77335754573441,True
668,task_0669,4_027,3,671,task_0672,4_027,102.00027211976615,True
668,task_0669,4_027,4,687,task_0688,4_031,42.38906920010212,False
668,task_0669,4_027,5,696,task_0697,4_034,42.128169719347675,False
668,task_0669,4_027,6,684,task_0685,4_031,42.100698815016905,False
668,task_0669,4_027,7,697,task_0698,4_034,41.97446379857757,False
668,task_0669,4_027,8,565,task_0566,4_001,41.77239996903442,False
668,task_0669,4_027,9,688,task_0689,4_032,41.02388335046332,False
668,task_0669,4_027,10,685,task_0686,4_031,40.27144104429202,False
669,task_0670,4_027,1,671,task_0672,4_027,159.68777775013706,True
669,task_0670,4_027,2,668,task_0669,4_027,113.61951829806338,True
669,task_0670,4_027,3,670,task_0671,4_027,77.29043895361092,True
669,task_0670,4_027,4,696,task_0697,4_034,47.35941015419167,False
669,task_0670,4_027,5,697,task_0698,4_034,46.12562315374611,False
669,task_0670,4_027,6,565,task_0566,4_001,43.62111741894776,False
669,task_0670,4_027,7,660,task_0661,4_025,41.521054598823724,False
669,task_0670,4_027,8,688,task_0689,4_032,41.02388335046332,False
669,task_0670,4_027,9,699,task_0700,4_034,37.779843797287484,False
669,task_0670,4_027,10,616,task_0617,4_014,35.82789032546737,False
670,task_0671,4_027,1,668,task_0669,4_027,106.26411959915897,True
670,task_0671,4_027,2,671,task_0672,4_027,70.77136794995269,True
670,task_0671,4_027,3,669,task_0670,4_027,67.15024682336669,True
670,task_0671,4_027,4,684,task_0685,4_031,37.39855497029754,False
670,task_0671,4_027,5,687,task_0688,4_031,35.929369533948446,False
670,task_0671,4_027,6,685,task_0686,4_031,34.043789757721775,False
670,task_0671,4_027,7,703,task_0704,4_035,31.684969609246473,False
670,task_0671,4_027,8,702,task_0703,4_035,31.12062532546003,False
670,task_0671,4_027,9,624,task_0625,4_016,30.622135196071504,False
670,task_0671,4_027,10,653,task_0654,4_023,30.118091940231825,False
671,task_0672,4_027,1,669,task_0670,4_027,152.30911061335038,True
671,task_0672,4_027,2,668,task_0669,4_027,100.04852903269504,True
671,task_0672,4_027,3,670,task_0671,4_027,77.29043895361092,True
671,task_0672,4_027,4,696,task_0697,4_034,42.58030787334361,False
671,task_0672,4_027,5,697,task_0698,4_034,41.18379460871829,False
671,task_0672,4_027,6,625,task_0626,4_016,35.52331564800755,False
671,task_0672,4_027,7,654,task_0655,4_023,35.29237007276494,False
671,task_0672,4_027,8,593,task_0594,4_008,34.49224802410467,False
671,task_0672,4_027,9,672,task_0673,4_028,34.439802268905254,False
671,task_0672,4_027,10,673,task_0674,4_028,33.94623157731272,False
672,task_0673,4_028,1,673,task_0674,4_028,116.78477804931497,True
672,task_0673,4_028,2,674,task_0675,4_028,115.03724677047693,True
672,task_0673,4_028,3,675,task_0676,4_028,109.88260761378447,True
672,task_0673,4_028,4,665,task_0666,4_026,51.36355110767076,False
672,task_0673,4_028,5,616,task_0617,4_014,50.75725834898816,False
672,task_0673,4_028,6,664,task_0665,4_026,50.20775594331794,False
672,task_0673,4_028,7,618,task_0619,4_014,48.405040585683544,False
672,task_0673,4_028,8,667,task_0668,4_026,47.53057434551323,False
672,task_0673,4_028,9,640,task_0641,4_020,45.57522547377809,False
672,task_0673,4_028,10,623,task_0624,4_015,44.985962458558014,False
673,task_0674,4_028,1,672,task_0673,4_028,117.42263688618226,True
673,task_0674,4_028,2,675,task_0676,4_028,109.96589526160543,True
673,task_0674,4_028,3,674,task_0675,4_028,108.03703614811853,True
673,task_0674,4_028,4,665,task_0666,4_026,60.36277218659359,False
673,task_0674,4_028,5,664,task_0665,4_026,55.67255411472631,False
673,task_0674,4_028,6,619,task_0620,4_014,48.24257560098758,False
673,task_0674,4_028,7,617,task_0618,4_014,47.40357530066586,False
673,task_0674,4_028,8,667,task_0668,4_026,46.57107097540397,False
673,task_0674,4_028,9,616,task_0617,4_014,46.16923931086866,False
673,task_0674,4_028,10,618,task_0619,4_014,45.855297773130246,False
674,task_0675,4_028,1,672,task_0673,4_028,114.89431248556748,True
674,task_0675,4_028,2,673,task_0674,4_028,107.89410186320909,True
674,task_0675,4_028,3,675,task_0676,4_028,106.08726129327337,True
674,task_0675,4_028,4,665,task_0666,4_026,51.36355110767076,False
674,task_0675,4_028,5,618,task_0619,4_014,49.96559568472505,False
674,task_0675,4_028,6,616,task_0617,4_014,49.59032799419877,False
674,task_0675,4_028,7,667,task_0668,4_026,47.53057434551323,False
674,task_0675,4_028,8,664,task_0665,4_026,45.34009729370104,False
674,task_0675,4_028,9,617,task_0618,4_014,44.26593792072588,False
674,task_0675,4_028,10,622,task_0623,4_015,43.82230653840166,False
675,task_0676,4_028,1,673,task_0674,4_028,109.96589526160543,True
675,task_0676,4_028,2,672,task_0673,4_028,109.88260761378447,True
675,task_0676,4_028,3,674,task_0675,4_028,106.23019557818282,True
675,task_0676,4_028,4,665,task_0666,4_026,56.72250558687391,False
675,task_0676,4_028,5,617,task_0618,4_014,49.58001959670464,False
675,task_0676,4_028,6,618,task_0619,4_014,49.363644068900825,False
675,task_0676,4_028,7,667,task_0668,4_026,48.06979329668783,False
675,task_0676,4_028,8,616,task_0617,4_014,47.45399282103817,False
675,task_0676,4_028,9,664,task_0665,4_026,45.85831477930885,False
675,task_0676,4_028,10,619,task_0620,4_014,45.16434807534544,False
676,task_0677,4_029,1,678,task_0679,4_029,87.10885596949583,True
676,task_0677,4_029,2,680,task_0681,4_030,82.49916996805968,False
676,task_0677,4_029,3,682,task_0683,4_030,55.187262219305005,False
676,task_0677,4_029,4,716,task_0717,4_039,39.935853096697585,False
676,task_0677,4_029,5,608,task_0609,4_012,37.20753190416589,False
676,task_0677,4_029,6,644,task_0645,4_021,36.936402685733036,False
676,task_0677,4_029,7,717,task_0718,4_039,36.34130830797359,False
676,task_0677,4_029,8,719,task_0720,4_039,35.93553054609454,False
676,task_0677,4_029,9,625,task_0626,4_016,33.34448656301487,False
676,task_0677,4_029,10,616,task_0617,4_014,32.854594027119035,False
677,task_0678,4_029,1,683,task_0684,4_030,55.60772878523927,False
677,task_0678,4_029,2,679,task_0680,4_029,34.10048625445279,True
677,task_0678,4_029,3,681,task_0682,4_030,31.26873577206794,False
677,task_0678,4_029,4,668,task_0669,4_027,28.262003852732906,False
677,task_0678,4_029,5,696,task_0697,4_034,27.81239729151924,False
677,task_0678,4_029,6,699,task_0700,4_034,27.237075522805494,False
677,task_0678,4_029,7,670,task_0671,4_027,26.437968151921694,False
677,task_0678,4_029,8,698,task_0699,4_034,24.330196262255324,False
677,task_0678,4_029,9,584,task_0585,4_006,23.925617986482766,False
677,task_0678,4_029,10,583,task_0584,4_005,23.00785100956171,False
678,task_0679,4_029,1,680,task_0681,4_030,108.11994072498427,False
678,task_0679,4_029,2,676,task_0677,4_029,89.97559657726778,True
678,task_0679,4_029,3,682,task_0683,4_030,60.817021847023014,False
678,task_0679,4_029,4,717,task_0718,4_039,53.30364297244496,False
678,task_0679,4_029,5,719,task_0720,4_039,52.682454492006414,False
678,task_0679,4_029,6,716,task_0717,4_039,52.59311614867796,False
678,task_0679,4_029,7,648,task_0649,4_022,43.65075981695076,False
678,task_0679,4_029,8,609,task_0610,4_012,40.94360321392999,False
678,task_0679,4_029,9,651,task_0652,4_022,40.652425754050135,False
678,task_0679,4_029,10,649,task_0650,4_022,40.17438886994829,False
679,task_0680,4_029,1,683,task_0684,4_030,99.31720609845199,False
679,task_0680,4_029,2,583,task_0584,4_005,38.7696530242622,False
679,task_0680,4_029,3,581,task_0582,4_005,36.266140900069345,False
679,task_0680,4_029,4,681,task_0682,4_030,36.031201017535345,False
679,task_0680,4_029,5,677,task_0678,4_029,35.25404450148337,True
679,task_0680,4_029,6,684,task_0685,4_031,35.16121712794814,False
679,task_0680,4_029,7,685,task_0686,4_031,32.6715593154847,False
679,task_0680,4_029,8,687,task_0688,4_031,32.0959995276305,False
679,task_0680,4_029,9,678,task_0679,4_029,31.492489914692797,True
679,task_0680,4_029,10,475,task_0476,3_033,29.12526495482015,False
680,task_0681,4_030,1,678,task_0679,4_029,107.38346878309241,False
680,task_0681,4_030,2,676,task_0677,4_029,84.42401300769573,False
680,task_0681,4_030,3,682,task_0683,4_030,53.3755691147333,True
680,task_0681,4_030,4,719,task_0720,4_039,53.13673346956146,False
680,task_0681,4_030,5,716,task_0717,4_039,50.90971689142357,False
680,task_0681,4_030,6,717,task_0718,4_039,50.4815229015585,False
680,task_0681,4_030,7,648,task_0649,4_022,43.122560481940006,False
680,task_0681,4_030,8,649,task_0650,4_022,41.65235858615812,False
680,task_0681,4_030,9,584,task_0585,4_006,40.95085032601972,False
680,task_0681,4_030,10,687,task_0688,4_031,40.910743394748806,False
681,task_0682,4_030,1,683,task_0684,4_030,33.887518005367355,True
681,task_0682,4_030,2,679,task_0680,4_029,29.067297613667524,False
681,task_0682,4_030,3,677,task_0678,4_029,29.047442950924328,False
681,task_0682,4_030,4,583,task_0584,4_005,23.68727989554527,False
681,task_0682,4_030,5,696,task_0697,4_034,23.65712111974533,False
681,task_0682,4_030,6,581,task_0582,4_005,22.984807129761425,False
681,task_0682,4_030,7,593,task_0594,4_008,22.07674661023328,False
681,task_0682,4_030,8,48,task_0049,1_013,21.932448593153723,False
681,task_0682,4_030,9,592,task_0593,4_008,21.876839277602983,False
681,task_0682,4_030,10,594,task_0595,4_008,21.355217292132927,False
682,task_0683,4_030,1,678,task_0679,4_029,57.8324664772243,False
682,task_0683,4_030,2,676,task_0677,4_029,54.19659503931612,False
682,task_0683,4_030,3,680,task_0681,4_030,51.929749568782434,True
682,task_0683,4_030,4,644,task_0645,4_021,42.55932561189845,False
682,task_0683,4_030,5,646,task_0647,4_021,33.61338301619837,False
682,task_0683,4_030,6,579,task_0580,4_004,30.8816534121583,False
682,task_0683,4_030,7,615,task_0616,4_013,30.28109195101147,False
682,task_0683,4_030,8,573,task_0574,4_003,30.023519251638604,False
682,task_0683,4_030,9,609,task_0610,4_012,29.890835970567938,False
682,task_0683,4_030,10,568,task_0569,4_002,29.638086203966434,False
683,task_0684,4_030,1,679,task_0680,4_029,89.3959476459394,False
683,task_0684,4_030,2,677,task_0678,4_029,56.83303178426962,False
683,task_0684,4_030,3,681,task_0682,4_030,39.58870897232312,True
683,task_0684,4_030,4,629,task_0630,4_017,31.393058267786074,False
683,task_0684,4_030,5,617,task_0618,4_014,27.886833922548732,False
683,task_0684,4_030,6,619,task_0620,4_014,27.21968905005106,False
683,task_0684,4_030,7,616,task_0617,4_014,26.596010681731425,False
683,task_0684,4_030,8,630,task_0631,4_017,25.690602837720796,False
683,task_0684,4_030,9,618,task_0619,4_014,23.553453215348856,False
683,task_0684,4_030,10,593,task_0594,4_008,22.52468250809854,False
684,task_0685,4_031,1,687,task_0688,4_031,143.37839425957802,True
684,task_0685,4_031,2,685,task_0686,4_031,135.5751895087633,True
684,task_0685,4_031,3,686,task_0687,4_031,110.06491952899914,True
684,task_0685,4_031,4,584,task_0585,4_006,57.09232744189485,False
684,task_0685,4_031,5,644,task_0645,4_021,56.96866593645172,False
684,task_0685,4_031,6,692,task_0693,4_033,53.55088937380668,False
684,task_0685,4_031,7,616,task_0617,4_014,50.434040703550465,False
684,task_0685,4_031,8,664,task_0665,4_026,50.281243676527346,False
684,task_0685,4_031,9,694,task_0695,4_033,50.22086704451301,False
684,task_0685,4_031,10,716,task_0717,4_039,47.67015795691124,False
685,task_0686,4_031,1,687,task_0688,4_031,152.09261208210248,True
685,task_0686,4_031,2,684,task_0685,4_031,140.1060678488198,True
685,task_0686,4_031,3,686,task_0687,4_031,106.75452964485264,True
685,task_0686,4_031,4,644,task_0645,4_021,62.96209868650187,False
685,task_0686,4_031,5,692,task_0693,4_033,55.475463101791505,False
685,task_0686,4_031,6,584,task_0585,4_006,53.708676615371274,False
685,task_0686,4_031,7,621,task_0622,4_015,53.095721535990165,False
685,task_0686,4_031,8,646,task_0647,4_021,52.89365314903657,False
685,task_0686,4_031,9,623,task_0624,4_015,52.00110540711448,False
685,task_0686,4_031,10,694,task_0695,4_033,51.23732640469955,False
686,task_0687,4_031,1,684,task_0685,4_031,88.44939313750146,True
686,task_0687,4_031,2,685,task_0686,4_031,83.03086681309654,True
686,task_0687,4_031,3,687,task_0688,4_031,77.46420713146199,True
686,task_0687,4_031,4,644,task_0645,4_021,35.81539830421602,False
686,task_0687,4_031,5,584,task_0585,4_006,35.24886279900514,False
686,task_0687,4_031,6,715,task_0716,4_038,29.95082237899098,False
686,task_0687,4_031,7,618,task_0619,4_014,29.317464875509476,False
686,task_0687,4_031,8,719,task_0720,4_039,29.256877145075578,False
686,task_0687,4_031,9,674,task_0675,4_028,28.618175958312012,False
686,task_0687,4_031,10,694,task_0695,4_033,28.414320608987808,False
687,task_0688,4_031,1,685,task_0686,4_031,147.75894981834236,True
687,task_0688,4_031,2,684,task_0685,4_031,143.66526668195723,True
687,task_0688,4_031,3,686,task_0687,4_031,94.15445216482239,True
687,task_0688,4_031,4,584,task_0585,4_006,62.86173617485112,False
687,task_0688,4_031,5,644,task_0645,4_021,54.364716981295125,False
687,task_0688,4_031,6,692,task_0693,4_033,53.58784386740088,False
687,task_0688,4_031,7,664,task_0665,4_026,50.01696896330559,False
687,task_0688,4_031,8,694,task_0695,4_033,48.83751324310946,False
687,task_0688,4_031,9,620,task_0621,4_015,47.33087591112619,False
687,task_0688,4_031,10,667,task_0668,4_026,46.740285816324665,False
688,task_0689,4_032,1,690,task_0691,4_032,118.31669630588483,True
688,task_0689,4_032,2,691,task_0692,4_032,95.10016062209554,True
688,task_0689,4_032,3,689,task_0690,4_032,71.2225086958013,True
688,task_0689,4_032,4,648,task_0649,4_022,57.028313172647024,False
688,task_0689,4_032,5,572,task_0573,4_003,52.37689010269463,False
688,task_0689,4_032,6,713,task_0714,4_038,47.37464497413817,False
688,task_0689,4_032,7,645,task_0646,4_021,44.527376075850825,False
688,task_0689,4_032,8,575,task_0576,4_003,43.487243419045356,False
688,task_0689,4_032,9,669,task_0670,4_027,41.16768419263177,False
688,task_0689,4_032,10,668,task_0669,4_027,41.12477062055089,False
689,task_0690,4_032,1,688,task_0689,4_032,66.92616909122543,True
689,task_0690,4_032,2,690,task_0691,4_032,66.8174308402919,True
689,task_0690,4_032,3,691,task_0692,4_032,52.77288682940082,True
689,task_0690,4_032,4,572,task_0573,4_003,48.50153103010225,False
689,task_0690,4_032,5,645,task_0646,4_021,38.55898290324524,False
689,task_0690,4_032,6,647,task_0648,4_021,37.26773006098118,False
689,task_0690,4_032,7,574,task_0575,4_003,36.341746178383126,False
689,task_0690,4_032,8,575,task_0576,4_003,35.20437424844414,False
689,task_0690,4_032,9,651,task_0652,4_022,29.933326777372436,False
689,task_0690,4_032,10,649,task_0650,4_022,29.84819861364027,False
690,task_0691,4_032,1,688,task_0689,4_032,117.45167710215848,True
690,task_0691,4_032,2,691,task_0692,4_032,99.2917799890946,True
690,task_0691,4_032,3,689,task_0690,4_032,71.2225086958013,True
690,task_0691,4_032,4,572,task_0573,4_003,54.57257677075449,False
690,task_0691,4_032,5,713,task_0714,4_038,46.345660040983354,False
690,task_0691,4_032,6,645,task_0646,4_021,45.22493417309043,False
690,task_0691,4_032,7,574,task_0575,4_003,44.84242988241013,False
690,task_0691,4_032,8,648,task_0649,4_022,44.03599518209693,False
690,task_0691,4_032,9,575,task_0576,4_003,44.01796903297863,False
690,task_0691,4_032,10,651,task_0652,4_022,41.10804367145169,False
691,task_0692,4_032,1,690,task_0691,4_032,97.41661090452992,True
691,task_0692,4_032,2,688,task_0689,4_032,92.9665040055756,True
691,task_0692,4_032,3,689,task_0690,4_032,54.79845423518189,True
691,task_0692,4_032,4,572,task_0573,4_003,45.09915140360322,False
691,task_0692,4_032,5,713,task_0714,4_038,39.49014982409165,False
691,task_0692,4_032,6,648,task_0649,4_022,38.266965098996,False
691,task_0692,4_032,7,647,task_0648,4_021,35.30147609348352,False
691,task_0692,4_032,8,697,task_0698,4_034,34.44600238087014,False
691,task_0692,4_032,9,699,task_0700,4_034,31.155600921846744,False
691,task_0692,4_032,10,574,task_0575,4_003,30.8896756214953,False
692,task_0693,4_033,1,694,task_0695,4_033,113.34005215769567,True
692,task_0693,4_033,2,693,task_0694,4_033,99.72580625182334,True
692,task_0693,4_033,3,695,task_0696,4_033,94.4306500058948,True
692,task_0693,4_033,4,708,task_0709,4_037,75.21556802679116,False
692,task_0693,4_033,5,664,task_0665,4_026,69.84018563105592,False
692,task_0693,4_033,6,667,task_0668,4_026,67.53178979101354,False
692,task_0693,4_033,7,711,task_0712,4_037,66.67813447751476,False
692,task_0693,4_033,8,709,task_0710,4_037,64.35786266119665,False
692,task_0693,4_033,9,710,task_0711,4_037,62.390198824450906,False
692,task_0693,4_033,10,665,task_0666,4_026,53.222652019066686,False
693,task_0694,4_033,1,695,task_0696,4_033,95.04983743195876,True
693,task_0694,4_033,2,692,task_0693,4_033,86.70601750269928,True
693,task_0694,4_033,3,694,task_0695,4_033,70.1843711168596,True
693,task_0694,4_033,4,664,task_0665,4_026,58.856007353815,False
693,task_0694,4_033,5,667,task_0668,4_026,53.69670107629663,False
693,task_0694,4_033,6,711,task_0712,4_037,51.57002185411311,False
693,task_0694,4_033,7,665,task_0666,4_026,49.419698654638026,False
693,task_0694,4_033,8,708,task_0709,4_037,48.301286369548045,False
693,task_0694,4_033,9,709,task_0710,4_037,47.61409743788103,False
693,task_0694,4_033,10,710,task_0711,4_037,45.35576809141071,False
694,task_0695,4_033,1,692,task_0693,4_033,119.88353276498559,True
694,task_0695,4_033,2,695,task_0696,4_033,90.22596856006324,True
694,task_0695,4_033,3,693,task_0694,4_033,82.08050876514571,True
694,task_0695,4_033,4,711,task_0712,4_037,72.54989176313643,False
694,task_0695,4_033,5,708,task_0709,4_037,72.38270613888814,False
694,task_0695,4_033,6,667,task_0668,4_026,70.97959665461414,False
694,task_0695,4_033,7,710,task_0711,4_037,69.76207550005253,False
694,task_0695,4_033,8,664,task_0665,4_026,67.29462391213066,False
694,task_0695,4_033,9,665,task_0666,4_026,57.594253942641195,False
694,task_0695,4_033,10,709,task_0710,4_037,56.24289803951389,False
695,task_0696,4_033,1,693,task_0694,4_033,91.57534405554856,True
695,task_0696,4_033,2,692,task_0693,4_033,78.35608318645872,True
695,task_0696,4_033,3,694,task_0695,4_033,71.46084348879242,True
695,task_0696,4_033,4,709,task_0710,4_037,59.21430538636622,False
695,task_0696,4_033,5,711,task_0712,4_037,53.214715926971316,False
695,task_0696,4_033,6,667,task_0668,4_026,50.221029328911385,False
695,task_0696,4_033,7,664,task_0665,4_026,49.89136140849262,False
695,task_0696,4_033,8,708,task_0709,4_037,48.871392519373586,False
695,task_0696,4_033,9,710,task_0711,4_037,46.095265605123586,False
695,task_0696,4_033,10,665,task_0666,4_026,43.268049573849986,False
696,task_0697,4_034,1,697,task_0698,4_034,155.85820254891362,True
696,task_0697,4_034,2,699,task_0700,4_034,140.291333210967,True
696,task_0697,4_034,3,698,task_0699,4_034,107.23016765390403,True
696,task_0697,4_034,4,567,task_0568,4_001,57.53586142050053,False
696,task_0697,4_034,5,669,task_0670,4_027,53.309059133966734,False
696,task_0697,4_034,6,565,task_0566,4_001,50.98927774587617,False
696,task_0697,4_034,7,713,task_0714,4_038,50.75542756641395,False
696,task_0697,4_034,8,671,task_0672,4_027,50.46618249278844,False
696,task_0697,4_034,9,668,task_0669,4_027,47.978244940409105,False
696,task_0697,4_034,10,660,task_0661,4_025,47.62171693278999,False
697,task_0698,4_034,1,696,task_0697,4_034,164.21467057342275,True
697,task_0698,4_034,2,699,task_0700,4_034,134.8895544158823,True
697,task_0698,4_034,3,698,task_0699,4_034,87.38449178444006,True
697,task_0698,4_034,4,567,task_0568,4_001,58.13430447070043,False
697,task_0698,4_034,5,669,task_0670,4_027,53.47229307067457,False
697,task_0698,4_034,6,713,task_0714,4_038,52.707219024626355,False
697,task_0698,4_034,7,671,task_0672,4_027,50.63675695828962,False
697,task_0698,4_034,8,565,task_0566,4_001,49.43675030169529,False
697,task_0698,4_034,9,668,task_0669,4_027,49.420761592643125,False
697,task_0698,4_034,10,660,task_0661,4_025,49.304179927191996,False
698,task_0699,4_034,1,696,task_0697,4_034,89.98043252661544,True
698,task_0699,4_034,2,699,task_0700,4_034,66.74078514000436,True
698,task_0699,4_034,3,697,task_0698,4_034,66.73361340136321,True
698,task_0699,4_034,4,592,task_0593,4_008,29.12613166982883,False
698,task_0699,4_034,5,607,task_0608,4_011,28.198961836729328,False
698,task_0699,4_034,6,594,task_0595,4_008,28.056849596290593,False
698,task_0699,4_034,7,604,task_0605,4_011,26.51149115937005,False
698,task_0699,4_034,8,595,task_0596,4_008,24.12624158922006,False
698,task_0699,4_034,9,593,task_0594,4_008,23.923662402618206,False
698,task_0699,4_034,10,580,task_0581,4_005,21.704137066419147,False
699,task_0700,4_034,1,696,task_0697,4_034,141.70464548713906,True
699,task_0700,4_034,2,697,task_0698,4_034,129.39703906943652,True
699,task_0700,4_034,3,698,task_0699,4_034,82.53680236945694,True
699,task_0700,4_034,4,713,task_0714,4_038,59.31760452890668,False
699,task_0700,4_034,5,660,task_0661,4_025,48.25746381956868,False
699,task_0700,4_034,6,567,task_0568,4_001,45.51405273955474,False
699,task_0700,4_034,7,668,task_0669,4_027,45.088965520898086,False
699,task_0700,4_034,8,662,task_0663,4_025,44.40037120046272,False
699,task_0700,4_034,9,595,task_0596,4_008,44.12755770380453,False
699,task_0700,4_034,10,593,task_0594,4_008,43.924978517202675,False
700,task_0701,4_035,1,701,task_0702,4_035,116.04546449553169,True
700,task_0701,4_035,2,703,task_0704,4_035,103.03228346489003,True
700,task_0701,4_035,3,702,task_0703,4_035,75.70394763792027,True
700,task_0701,4_035,4,625,task_0626,4_016,33.536587130381214,False
700,task_0701,4_035,5,594,task_0595,4_008,33.14375624485689,False
700,task_0701,4_035,6,649,task_0650,4_022,30.758681958235474,False
700,task_0701,4_035,7,627,task_0628,4_016,30.553660743366304,False
700,task_0701,4_035,8,633,task_0634,4_018,30.51440264995156,False
700,task_0701,4_035,9,592,task_0593,4_008,30.24132962979642,False
700,task_0701,4_035,10,648,task_0649,4_022,30.0169754764459,False
701,task_0702,4_035,1,700,task_0701,4_035,116.04546449553169,True
701,task_0702,4_035,2,703,task_0704,4_035,108.54907375807655,True
701,task_0702,4_035,3,702,task_0703,4_035,69.56804212918782,True
701,task_0702,4_035,4,661,task_0662,4_025,35.77027148804303,False
701,task_0702,4_035,5,625,task_0626,4_016,35.04075053846631,False
701,task_0702,4_035,6,627,task_0628,4_016,32.96064088400487,False
701,task_0702,4_035,7,592,task_0593,4_008,32.201938732288205,False
701,task_0702,4_035,8,651,task_0652,4_022,30.92802045172039,False
701,task_0702,4_035,9,664,task_0665,4_026,30.29840056962021,False
701,task_0702,4_035,10,684,task_0685,4_031,29.43391372142487,False
702,task_0703,4_035,1,703,task_0704,4_035,84.56995415042707,True
702,task_0703,4_035,2,700,task_0701,4_035,68.69834279589983,True
702,task_0703,4_035,3,701,task_0702,4_035,62.98954590523887,True
702,task_0703,4_035,4,670,task_0671,4_027,26.638391938273408,False
702,task_0703,4_035,5,661,task_0662,4_025,24.8972561307761,False
702,task_0703,4_035,6,668,task_0669,4_027,24.338941114006236,False
702,task_0703,4_035,7,601,task_0602,4_010,23.039675644143042,False
702,task_0703,4_035,8,671,task_0672,4_027,22.94147102982696,False
702,task_0703,4_035,9,669,task_0670,4_027,21.850227347921958,False
702,task_0703,4_035,10,654,task_0655,4_023,21.33328240204747,False
703,task_0704,4_035,1,701,task_0702,4_035,109.96664289801426,True
703,task_0704,4_035,2,700,task_0701,4_035,104.25784600735331,True
703,task_0704,4_035,3,702,task_0703,4_035,93.3896238762056,True
703,task_0704,4_035,4,625,task_0626,4_016,31.51919665901341,False
703,task_0704,4_035,5,668,task_0669,4_027,31.135909871102193,False
703,task_0704,4_035,6,670,task_0671,4_027,30.674864145566637,False
703,task_0704,4_035,7,671,task_0672,4_027,29.990628522786086,False
703,task_0704,4_035,8,669,task_0670,4_027,28.647196105017912,False
703,task_0704,4_035,9,685,task_0686,4_031,26.798795749807972,False
703,task_0704,4_035,10,601,task_0602,4_010,26.50706266328071,False
704,task_0705,4_036,1,705,task_0706,4_036,157.22667549362382,True
704,task_0705,4_036,2,707,task_0708,4_036,125.86283353851631,True
704,task_0705,4_036,3,706,task_0707,4_036,95.85785133142869,True
704,task_0705,4_036,4,589,task_0590,4_007,60.86233806762552,False
704,task_0705,4_036,5,591,task_0592,4_007,55.41265335812635,False
704,task_0705,4_036,6,590,task_0591,4_007,45.7282328015352,False
704,task_0705,4_036,7,720,task_0721,5_001,41.452237688834174,False
704,task_0705,4_036,8,684,task_0685,4_031,35.811650616051125,False
704,task_0705,4_036,9,685,task_0686,4_031,35.806806605077156,False
704,task_0705,4_036,10,697,task_0698,4_034,35.621703328031685,False
705,task_0706,4_036,1,704,task_0705,4_036,162.56979026705918,True
705,task_0706,4_036,2,707,task_0708,4_036,158.2969373062252,True
705,task_0706,4_036,3,706,task_0707,4_036,104.59911157152324,True
705,task_0706,4_036,4,589,task_0590,4_007,72.5458317802923,False
705,task_0706,4_036,5,591,task_0592,4_007,67.82276080724594,False
705,task_0706,4_036,6,590,task_0591,4_007,56.99197612609476,False
705,task_0706,4_036,7,660,task_0661,4_025,36.42304456675253,False
705,task_0706,4_036,8,697,task_0698,4_034,36.17286565035278,False
705,task_0706,4_036,9,633,task_0634,4_018,35.391611992838385,False
705,task_0706,4_036,10,699,task_0700,4_034,34.94625421087353,False
706,task_0707,4_036,1,705,task_0706,4_036,94.93221051854685,True
706,task_0707,4_036,2,704,task_0705,4_036,91.9599623555358,True
706,task_0707,4_036,3,707,task_0708,4_036,82.40742671532665,True
706,task_0707,4_036,4,589,task_0590,4_007,38.30748388380629,False
706,task_0707,4_036,5,619,task_0620,4_014,34.8977138417052,False
706,task_0707,4_036,6,591,task_0592,4_007,34.53574379480798,False
706,task_0707,4_036,7,617,task_0618,4_014,34.47632711158851,False
706,task_0707,4_036,8,618,task_0619,4_014,33.408608235170874,False
706,task_0707,4_036,9,616,task_0617,4_014,33.02082484671401,False
706,task_0707,4_036,10,634,task_0635,4_018,31.48617244164467,False
707,task_0708,4_036,1,705,task_0706,4_036,175.28169435957903,True
707,task_0708,4_036,2,704,task_0705,4_036,145.25137865172437,True
707,task_0708,4_036,3,706,task_0707,4_036,98.25620039319436,True
707,task_0708,4_036,4,591,task_0592,4_007,67.344406973185,False
707,task_0708,4_036,5,589,task_0590,4_007,66.98888451124887,False
707,task_0708,4_036,6,590,task_0591,4_007,58.70868400071363,False
707,task_0708,4_036,7,699,task_0700,4_034,39.783228563014426,False
707,task_0708,4_036,8,697,task_0698,4_034,38.83883995165295,False
707,task_0708,4_036,9,635,task_0636,4_018,37.51382041052455,False
707,task_0708,4_036,10,660,task_0661,4_025,36.48786434303139,False
708,task_0709,4_037,1,710,task_0711,4_037,110.05490932455592,True
708,task_0709,4_037,2,711,task_0712,4_037,108.22547597636404,True
708,task_0709,4_037,3,709,task_0710,4_037,81.64938568067241,True
708,task_0709,4_037,4,692,task_0693,4_033,75.9743757006879,False
708,task_0709,4_037,5,694,task_0695,4_033,69.44927208646668,False
708,task_0709,4_037,6,695,task_0696,4_033,57.96667317318987,False
708,task_0709,4_037,7,693,task_0694,4_033,55.18447500274885,False
708,task_0709,4_037,8,667,task_0668,4_026,52.35202304303154,False
708,task_0709,4_037,9,713,task_0714,4_038,49.28515321360778,False
708,task_0709,4_037,10,715,task_0716,4_038,49.268116103442786,False
709,task_0710,4_037,1,711,task_0712,4_037,77.75514679475447,True
709,task_0710,4_037,2,708,task_0709,4_037,71.74932740163729,True
709,task_0710,4_037,3,710,task_0711,4_037,63.14737792651707,True
709,task_0710,4_037,4,695,task_0696,4_033,60.329654321702705,False
709,task_0710,4_037,5,692,task_0693,4_033,54.085194447397456,False
709,task_0710,4_037,6,693,task_0694,4_033,47.14480294402868,False
709,task_0710,4_037,7,694,task_0695,4_033,46.18701251546467,False
709,task_0710,4_037,8,715,task_0716,4_038,37.90908993122053,False
709,task_0710,4_037,9,714,task_0715,4_038,35.8274368166051,False
709,task_0710,4_037,10,667,task_0668,4_026,34.40108679381142,False
710,task_0711,4_037,1,711,task_0712,4_037,147.8276217957006,True
710,task_0711,4_037,2,708,task_0709,4_037,106.40294418326343,True
710,task_0711,4_037,3,694,task_0695,4_033,68.36113132816138,False
710,task_0711,4_037,4,709,task_0710,4_037,67.59599857179815,True
710,task_0711,4_037,5,692,task_0693,4_033,61.73607200553285,False
710,task_0711,4_037,6,713,task_0714,4_038,58.63436390607263,False
710,task_0711,4_037,7,715,task_0716,4_038,54.12826927468763,False
710,task_0711,4_037,8,621,task_0622,4_015,50.508726246673554,False
710,task_0711,4_037,9,695,task_0696,4_033,48.785410284564485,False
710,task_0711,4_037,10,664,task_0665,4_026,48.20162996410056,False
711,task_0712,4_037,1,710,task_0711,4_037,148.3529334354723,True
711,task_0712,4_037,2,708,task_0709,4_037,105.42953516549608,True
711,task_0712,4_037,3,709,task_0710,4_037,87.92684485615399,True
711,task_0712,4_037,4,694,task_0695,4_033,70.55722467112886,False
711,task_0712,4_037,5,692,task_0693,4_033,66.10862110473036,False
711,task_0712,4_037,6,713,task_0714,4_038,60.86631227086375,False
711,task_0712,4_037,7,695,task_0696,4_033,59.666074897695786,False
711,task_0712,4_037,8,715,task_0716,4_038,58.029069548488536,False
711,task_0712,4_037,9,693,task_0694,4_033,56.897407338484385,False
711,task_0712,4_037,10,573,task_0574,4_003,48.29665892993872,False
712,task_0713,4_038,1,715,task_0716,4_038,117.11770586650161,True
712,task_0713,4_038,2,713,task_0714,4_038,107.197716356644,True
712,task_0713,4_038,3,714,task_0715,4_038,82.93107129574312,True
712,task_0713,4_038,4,632,task_0633,4_018,39.69837228582713,False
712,task_0713,4_038,5,694,task_0695,4_033,35.71029323140511,False
712,task_0713,4_038,6,711,task_0712,4_037,35.47886730506823,False
712,task_0713,4_038,7,634,task_0635,4_018,35.00076212789592,False
712,task_0713,4_038,8,692,task_0693,4_033,34.36719164159409,False
712,task_0713,4_038,9,633,task_0634,4_018,34.096970503628675,False
712,task_0713,4_038,10,635,task_0636,4_018,33.71068152741389,False
713,task_0714,4_038,1,715,task_0716,4_038,160.53052157441851,True
713,task_0714,4_038,2,712,task_0713,4_038,135.72224457943253,True
713,task_0714,4_038,3,714,task_0715,4_038,88.6323518233299,True
713,task_0714,4_038,4,711,task_0712,4_037,63.86193422033244,False
713,task_0714,4_038,5,699,task_0700,4_034,62.598504317902034,False
713,task_0714,4_038,6,710,task_0711,4_037,61.89996976928311,False
713,task_0714,4_038,7,573,task_0574,4_003,60.159021463308775,False
713,task_0714,4_038,8,575,task_0576,4_003,59.98350662468458,False
713,task_0714,4_038,9,688,task_0689,4_032,57.50360335440819,False
713,task_0714,4_038,10,572,task_0573,4_003,56.70198725707363,False
714,task_0715,4_038,1,712,task_0713,4_038,75.21080121124211,True
714,task_0715,4_038,2,715,task_0716,4_038,73.79025978264538,True
714,task_0715,4_038,3,713,task_0714,4_038,62.34799444791392,True
714,task_0715,4_038,4,711,task_0712,4_037,33.52849846993251,False
714,task_0715,4_038,5,574,task_0575,4_003,32.92053189367785,False
714,task_0715,4_038,6,573,task_0574,4_003,32.34299759321001,False
714,task_0715,4_038,7,592,task_0593,4_008,32.2925920703518,False
714,task_0715,4_038,8,594,task_0595,4_008,32.24283394178793,False
714,task_0715,4_038,9,709,task_0710,4_037,31.568618705251335,False
714,task_0715,4_038,10,575,task_0576,4_003,30.49045344281092,False
715,task_0716,4_038,1,713,task_0714,4_038,144.64586187123905,True
715,task_0716,4_038,2,712,task_0713,4_038,137.13897442172524,True
715,task_0716,4_038,3,714,task_0715,4_038,94.38883019070674,True
715,task_0716,4_038,4,711,task_0712,4_037,53.85575555612229,False
715,task_0716,4_038,5,710,task_0711,4_037,50.54987474128478,False
715,task_0716,4_038,6,574,task_0575,4_003,46.30153452803863,False
715,task_0716,4_038,7,708,task_0709,4_037,44.84449651689489,False
715,task_0716,4_038,8,632,task_0633,4_018,44.66362047299106,False
715,task_0716,4_038,9,694,task_0695,4_033,44.26940446621997,False
715,task_0716,4_038,10,573,task_0574,4_003,43.45000189243404,False
716,task_0717,4_039,1,717,task_0718,4_039,104.54624372508995,True
716,task_0717,4_039,2,719,task_0720,4_039,102.60269530263957,True
716,task_0717,4_039,3,718,task_0719,4_039,66.64516961516998,True
716,task_0717,4_039,4,678,task_0679,4_029,55.989384838241854,False
716,task_0717,4_039,5,680,task_0681,4_030,54.612787559117514,False
716,task_0717,4_039,6,584,task_0585,4_006,51.67835506890481,False
716,task_0717,4_039,7,651,task_0652,4_022,51.06841143396968,False
716,task_0717,4_039,8,649,task_0650,4_022,48.53519612170656,False
716,task_0717,4_039,9,616,task_0617,4_014,46.77913450290242,False
716,task_0717,4_039,10,684,task_0685,4_031,46.346693714568104,False
717,task_0718,4_039,1,719,task_0720,4_039,154.30396771520566,True
717,task_0718,4_039,2,716,task_0717,4_039,101.62299990566505,True
717,task_0718,4_039,3,718,task_0719,4_039,66.64516961516998,True
717,task_0718,4_039,4,678,task_0679,4_029,52.774578689536014,False
717,task_0718,4_039,5,680,task_0681,4_030,50.8066179071569,False
717,task_0718,4_039,6,584,task_0585,4_006,45.0726787852923,False
717,task_0718,4_039,7,616,task_0617,4_014,44.725857396458466,False
717,task_0718,4_039,8,667,task_0668,4_026,44.357297863607634,False
717,task_0718,4_039,9,649,task_0650,4_022,44.180459170881214,False
717,task_0718,4_039,10,651,task_0652,4_022,42.887197418174914,False
718,task_0719,4_039,1,719,task_0720,4_039,56.17272905539282,True
718,task_0719,4_039,2,717,task_0718,4_039,54.25554872638326,True
718,task_0719,4_039,3,716,task_0717,4_039,52.356422979241806,True
718,task_0719,4_039,4,680,task_0681,4_030,27.22391339187835,False
718,task_0719,4_039,5,666,task_0667,4_026,26.588326376162104,False
718,task_0719,4_039,6,584,task_0585,4_006,25.401871794722673,False
718,task_0719,4_039,7,667,task_0668,4_026,25.285929965641035,False
718,task_0719,4_039,8,678,task_0679,4_029,24.545734052593552,False
718,task_0719,4_039,9,650,task_0651,4_022,22.444126393644684,False
718,task_0719,4_039,10,674,task_0675,4_028,22.187321780145524,False
719,task_0720,4_039,1,717,task_0718,4_039,156.93383985226245,True
719,task_0720,4_039,2,716,task_0717,4_039,101.62299990566505,True
719,task_0720,4_039,3,718,task_0719,4_039,70.11501480599387,True
719,task_0720,4_039,4,680,task_0681,4_030,54.01903894239318,False
719,task_0720,4_039,5,678,task_0679,4_029,53.438657931980686,False
719,task_0720,4_039,6,584,task_0585,4_006,45.0726787852923,False
719,task_0720,4_039,7,616,task_0617,4_014,44.725857396458466,False
719,task_0720,4_039,8,667,task_0668,4_026,44.357297863607634,False
719,task_0720,4_039,9,649,task_0650,4_022,44.180459170881214,False
719,task_0720,4_039,10,651,task_0652,4_022,42.887197418174914,False
720,task_0721,5_001,1,722,task_0723,5_001,81.19103771247124,True
720,task_0721,5_001,2,704,task_0705,4_036,34.37812334240276,False
720,task_0721,5_001,3,721,task_0722,5_001,30.402163109586915,True
720,task_0721,5_001,4,482,task_0483,3_034,29.3923976397454,False
720,task_0721,5_001,5,590,task_0591,4_007,27.4604712000193,False
720,task_0721,5_001,6,480,task_0481,3_034,27.257592269049667,False
720,task_0721,5_001,7,705,task_0706,4_036,26.305080767203084,False
720,task_0721,5_001,8,330,task_0331,2_036,26.205261643203198,False
720,task_0721,5_001,9,723,task_0724,5_001,26.20481913821953,True
720,task_0721,5_001,10,564,task_0565,4_001,25.941569152571546,False
721,task_0722,5_001,1,723,task_0724,5_001,140.53720515803758,True
721,task_0722,5_001,2,581,task_0582,4_005,31.188151471098575,False
721,task_0722,5_001,3,726,task_0727,5_002,27.358139112381153,False
721,task_0722,5_001,4,725,task_0726,5_002,27.07912131526923,False
721,task_0722,5_001,5,205,task_0206,2_005,27.003724239190046,False
721,task_0722,5_001,6,720,task_0721,5_001,26.11118545085668,True
721,task_0722,5_001,7,722,task_0723,5_001,26.0622722850588,True
721,task_0722,5_001,8,212,task_0213,2_007,26.048428208940326,False
721,task_0722,5_001,9,697,task_0698,4_034,24.98632107273256,False
721,task_0722,5_001,10,696,task_0697,4_034,24.46216060763754,False
722,task_0723,5_001,1,720,task_0721,5_001,83.1958082588232,True
722,task_0723,5_001,2,434,task_0435,3_022,42.40652879899288,False
722,task_0723,5_001,3,438,task_0439,3_023,42.3168563534354,False
722,task_0723,5_001,4,725,task_0726,5_002,29.03479612084445,False
722,task_0723,5_001,5,721,task_0722,5_001,27.87260210590948,True
722,task_0723,5_001,6,723,task_0724,5_001,27.152688717004587,True
722,task_0723,5_001,7,595,task_0596,4_008,26.85793160125349,False
722,task_0723,5_001,8,683,task_0684,4_030,25.39596871082431,False
722,task_0723,5_001,9,390,task_0391,3_011,25.215264178998492,False
722,task_0723,5_001,10,726,task_0727,5_002,25.156478942393804,False
723,task_0724,5_001,1,721,task_0722,5_001,138.5057719568444,True
723,task_0724,5_001,2,726,task_0727,5_002,34.29488160092473,False
723,task_0724,5_001,3,581,task_0582,4_005,26.935460308864666,False
723,task_0724,5_001,4,205,task_0206,2_005,26.068677522968542,False
723,task_0724,5_001,5,722,task_0723,5_001,26.032998289252987,True
723,task_0724,5_001,6,725,task_0726,5_002,25.160143879038145,False
723,task_0724,5_001,7,212,task_0213,2_007,24.78457143001688,False
723,task_0724,5_001,8,696,task_0697,4_034,24.322596174697832,False
723,task_0724,5_001,9,213,task_0214,2_007,24.27717761254614,False
723,task_0724,5_001,10,704,task_0705,4_036,23.555729446849064,False
724,task_0725,5_002,1,727,task_0728,5_002,130.67251170682724,True
724,task_0725,5_002,2,725,task_0726,5_002,123.64859373059971,True
724,task_0725,5_002,3,726,task_0727,5_002,103.76291738966437,True
724,task_0725,5_002,4,62,task_0063,1_016,28.00379630803211,False
724,task_0725,5_002,5,277,task_0278,2_023,25.12124354208151,False
724,task_0725,5_002,6,721,task_0722,5_001,24.641232230717698,False
724,task_0725,5_002,7,723,task_0724,5_001,23.140090865461715,False
724,task_0725,5_002,8,145,task_0146,1_037,22.632436401222392,False
724,task_0725,5_002,9,66,task_0067,1_017,22.59183800188444,False
724,task_0725,5_002,10,178,task_0179,1_045,21.940284674202427,False
725,task_0726,5_002,1,726,task_0727,5_002,182.3448783424085,True
725,task_0726,5_002,2,724,task_0725,5_002,146.1549684637237,True
725,task_0726,5_002,3,727,task_0728,5_002,142.9004650684778,True
725,task_0726,5_002,4,721,task_0722,5_001,40.1295637473473,False
725,task_0726,5_002,5,723,task_0724,5_001,34.58146546009338,False
725,task_0726,5_002,6,722,task_0723,5_001,29.189230845267172,False
725,task_0726,5_002,7,720,task_0721,5_001,24.745361133024655,False
725,task_0726,5_002,8,581,task_0582,4_005,23.647483440721587,False
725,task_0726,5_002,9,340,task_0341,2_039,23.596132228622917,False
725,task_0726,5_002,10,277,task_0278,2_023,23.49644473770791,False
726,task_0727,5_002,1,725,task_0726,5_002,191.66154169436405,True
726,task_0727,5_002,2,724,task_0725,5_002,124.37971622538872,True
726,task_0727,5_002,3,727,task_0728,5_002,86.24639418380835,True
726,task_0727,5_002,4,723,task_0724,5_001,39.56321812963196,False
726,task_0727,5_002,5,721,task_0722,5_001,35.973180629112775,False
726,task_0727,5_002,6,1,task_0002,1_001,33.5116583403862,False
726,task_0727,5_002,7,0,task_0001,1_001,29.495163146884398,False
726,task_0727,5_002,8,62,task_0063,1_016,29.39434328468491,False
726,task_0727,5_002,9,277,task_0278,2_023,28.697794282817256,False
726,task_0727,5_002,10,521,task_0522,3_044,27.80800845533146,False
727,task_0728,5_002,1,724,task_0725,5_002,126.37200430185882,True
727,task_0728,5_002,2,725,task_0726,5_002,114.82063691617103,True
727,task_0728,5_002,3,726,task_0727,5_002,64.73423536394046,True
727,task_0728,5_002,4,84,task_0085,1_022,23.795043435175625,False
727,task_0728,5_002,5,704,task_0705,4_036,22.611386415510815,False
727,task_0728,5_002,6,276,task_0277,2_023,20.538958163528598,False
727,task_0728,5_002,7,705,task_0706,4_036,20.342170178527432,False
727,task_0728,5_002,8,147,task_0148,1_037,19.56445001492554,False
727,task_0728,5_002,9,721,task_0722,5_001,17.79664924318565,False
727,task_0728,5_002,10,9,task_0010,1_003,17.76524259744572,False
