query_index,query_id,query_group_id,rank,neighbor_index,neighbor_id,neighbor_group_id,score,same_group
0,task_0001,1_001,1,2,task_0003,1_001,0.9224368333816528,True
0,task_0001,1_001,2,1,task_0002,1_001,0.7497523427009583,True
0,task_0001,1_001,3,39,task_0040,1_010,0.6479095220565796,False
0,task_0001,1_001,4,37,task_0038,1_010,0.6383097171783447,False
0,task_0001,1_001,5,3,task_0004,1_001,0.6225639581680298,True
0,task_0001,1_001,6,21,task_0022,1_006,0.60268235206604,False
0,task_0001,1_001,7,9,task_0010,1_003,0.5800642967224121,False
0,task_0001,1_001,8,148,task_0149,1_038,0.5791855454444885,False
0,task_0001,1_001,9,23,task_0024,1_006,0.5720597505569458,False
0,task_0001,1_001,10,182,task_0183,1_046,0.5694826245307922,False
1,task_0002,1_001,1,37,task_0038,1_010,0.7669681310653687,False
1,task_0002,1_001,2,0,task_0001,1_001,0.7497523427009583,True
1,task_0002,1_001,3,2,task_0003,1_001,0.7414630651473999,True
1,task_0002,1_001,4,39,task_0040,1_010,0.707387387752533,False
1,task_0002,1_001,5,21,task_0022,1_006,0.6808454990386963,False
1,task_0002,1_001,6,3,task_0004,1_001,0.6757386326789856,True
1,task_0002,1_001,7,9,task_0010,1_003,0.672011137008667,False
1,task_0002,1_001,8,22,task_0023,1_006,0.6597616672515869,False
1,task_0002,1_001,9,182,task_0183,1_046,0.6541694402694702,False
1,task_0002,1_001,10,148,task_0149,1_038,0.6507086753845215,False
2,task_0003,1_001,1,0,task_0001,1_001,0.9224368333816528,True
2,task_0003,1_001,2,1,task_0002,1_001,0.7414630651473999,True
2,task_0003,1_001,3,39,task_0040,1_010,0.6757272481918335,False
2,task_0003,1_001,4,37,task_0038,1_010,0.6561011672019958,False
2,task_0003,1_001,5,3,task_0004,1_001,0.6531726121902466,True
2,task_0003,1_001,6,150,task_0151,1_038,0.5890829563140869,False
2,task_0003,1_001,7,110,task_0111,1_028,0.5865517258644104,False
2,task_0003,1_001,8,148,task_0149,1_038,0.5826107859611511,False
2,task_0003,1_001,9,14,task_0015,1_004,0.573168933391571,False
2,task_0003,1_001,10,179,task_0180,1_045,0.5730688571929932,False
3,task_0004,1_001,1,39,task_0040,1_010,0.6970967054367065,False
3,task_0004,1_001,2,1,task_0002,1_001,0.6757386326789856,True
3,task_0004,1_001,3,2,task_0003,1_001,0.6531726121902466,True
3,task_0004,1_001,4,146,task_0147,1_037,0.6424996256828308,False
3,task_0004,1_001,5,37,task_0038,1_010,0.638725757598877,False
3,task_0004,1_001,6,144,task_0145,1_037,0.6308896541595459,False
3,task_0004,1_001,7,110,task_0111,1_028,0.6288418173789978,False
3,task_0004,1_001,8,0,task_0001,1_001,0.6225639581680298,True
3,task_0004,1_001,9,148,task_0149,1_038,0.601025402545929,False
3,task_0004,1_001,10,122,task_0123,1_031,0.592993974685669,False
4,task_0005,1_002,1,7,task_0008,1_002,0.7825770378112793,True
4,task_0005,1_002,2,38,task_0039,1_010,0.7637986540794373,False
4,task_0005,1_002,3,72,task_0073,1_019,0.7528753280639648,False
4,task_0005,1_002,4,5,task_0006,1_002,0.7519943714141846,True
4,task_0005,1_002,5,182,task_0183,1_046,0.7397615313529968,False
4,task_0005,1_002,6,36,task_0037,1_010,0.7370673418045044,False
4,task_0005,1_002,7,68,task_0069,1_018,0.7354025840759277,False
4,task_0005,1_002,8,115,task_0116,1_029,0.7323951721191406,False
4,task_0005,1_002,9,104,task_0105,1_027,0.7313524484634399,False
4,task_0005,1_002,10,96,task_0097,1_025,0.7294994592666626,False
5,task_0006,1_002,1,138,task_0139,1_035,0.8103616237640381,False
5,task_0006,1_002,2,6,task_0007,1_002,0.7916397452354431,True
5,task_0006,1_002,3,72,task_0073,1_019,0.7699404954910278,False
5,task_0006,1_002,4,7,task_0008,1_002,0.7681583762168884,True
5,task_0006,1_002,5,68,task_0069,1_018,0.7616965770721436,False
5,task_0006,1_002,6,18,task_0019,1_005,0.759139895439148,False
5,task_0006,1_002,7,74,task_0075,1_019,0.7557660341262817,False
5,task_0006,1_002,8,16,task_0017,1_005,0.7529836893081665,False
5,task_0006,1_002,9,4,task_0005,1_002,0.7519943714141846,True
5,task_0006,1_002,10,139,task_0140,1_035,0.7433208227157593,False
6,task_0007,1_002,1,55,task_0056,1_014,0.8412330746650696,False
6,task_0007,1_002,2,53,task_0054,1_014,0.8392868041992188,False
6,task_0007,1_002,3,72,task_0073,1_019,0.8109660148620605,False
6,task_0007,1_002,4,156,task_0157,1_040,0.8073791265487671,False
6,task_0007,1_002,5,158,task_0159,1_040,0.8011539578437805,False
6,task_0007,1_002,6,106,task_0107,1_027,0.7945454716682434,False
6,task_0007,1_002,7,5,task_0006,1_002,0.7916397452354431,True
6,task_0007,1_002,8,74,task_0075,1_019,0.783039391040802,False
6,task_0007,1_002,9,68,task_0069,1_018,0.7779728770256042,False
6,task_0007,1_002,10,130,task_0131,1_033,0.7696947455406189,False
7,task_0008,1_002,1,136,task_0137,1_035,0.7913714647293091,False
7,task_0008,1_002,2,4,task_0005,1_002,0.7825770378112793,True
7,task_0008,1_002,3,5,task_0006,1_002,0.7681583762168884,True
7,task_0008,1_002,4,38,task_0039,1_010,0.7500452995300293,False
7,task_0008,1_002,5,86,task_0087,1_022,0.739332377910614,False
7,task_0008,1_002,6,74,task_0075,1_019,0.7198039889335632,False
7,task_0008,1_002,7,104,task_0105,1_027,0.719603419303894,False
7,task_0008,1_002,8,72,task_0073,1_019,0.7147901058197021,False
7,task_0008,1_002,9,122,task_0123,1_031,0.706088662147522,False
7,task_0008,1_002,10,43,task_0044,1_011,0.6946525573730469,False
8,task_0009,1_003,1,10,task_0011,1_003,0.7315009832382202,True
8,task_0009,1_003,2,57,task_0058,1_015,0.6880595684051514,False
8,task_0009,1_003,3,28,task_0029,1_008,0.6387220621109009,False
8,task_0009,1_003,4,31,task_0032,1_008,0.6375380754470825,False
8,task_0009,1_003,5,9,task_0010,1_003,0.6306313872337341,True
8,task_0009,1_003,6,59,task_0060,1_015,0.6201283931732178,False
8,task_0009,1_003,7,29,task_0030,1_008,0.6127213835716248,False
8,task_0009,1_003,8,161,task_0162,1_041,0.612484335899353,False
8,task_0009,1_003,9,11,task_0012,1_003,0.6022448539733887,True
8,task_0009,1_003,10,128,task_0129,1_033,0.5954893231391907,False
9,task_0010,1_003,1,11,task_0012,1_003,0.8778914213180542,True
9,task_0010,1_003,2,91,task_0092,1_023,0.7555906772613525,False
9,task_0010,1_003,3,89,task_0090,1_023,0.726813554763794,False
9,task_0010,1_003,4,40,task_0041,1_011,0.7117891311645508,False
9,task_0010,1_003,5,54,task_0055,1_014,0.6858071684837341,False
9,task_0010,1_003,6,21,task_0022,1_006,0.6842642426490784,False
9,task_0010,1_003,7,42,task_0043,1_011,0.6839421391487122,False
9,task_0010,1_003,8,70,task_0071,1_018,0.6795105934143066,False
9,task_0010,1_003,9,87,task_0088,1_022,0.6788818836212158,False
9,task_0010,1_003,10,23,task_0024,1_006,0.6775243878364563,False
10,task_0011,1_003,1,28,task_0029,1_008,0.7918200492858887,False
10,task_0011,1_003,2,58,task_0059,1_015,0.7524943351745605,False
10,task_0011,1_003,3,30,task_0031,1_008,0.7324182391166687,False
10,task_0011,1_003,4,8,task_0009,1_003,0.7315009832382202,True
10,task_0011,1_003,5,56,task_0057,1_015,0.7250683903694153,False
10,task_0011,1_003,6,31,task_0032,1_008,0.6581359505653381,False
10,task_0011,1_003,7,9,task_0010,1_003,0.6580685377120972,True
10,task_0011,1_003,8,11,task_0012,1_003,0.655322253704071,True
10,task_0011,1_003,9,161,task_0162,1_041,0.6548143625259399,False
10,task_0011,1_003,10,57,task_0058,1_015,0.6519134640693665,False
11,task_0012,1_003,1,9,task_0010,1_003,0.8778914213180542,True
11,task_0012,1_003,2,89,task_0090,1_023,0.7480989694595337,False
11,task_0012,1_003,3,91,task_0092,1_023,0.7448704838752747,False
11,task_0012,1_003,4,151,task_0152,1_038,0.679872453212738,False
11,task_0012,1_003,5,40,task_0041,1_011,0.6611506938934326,False
11,task_0012,1_003,6,10,task_0011,1_003,0.655322253704071,True
11,task_0012,1_003,7,44,task_0045,1_012,0.6321906447410583,False
11,task_0012,1_003,8,88,task_0089,1_023,0.626946747303009,False
11,task_0012,1_003,9,62,task_0063,1_016,0.6240085363388062,False
11,task_0012,1_003,10,42,task_0043,1_011,0.6208791732788086,False
12,task_0013,1_004,1,14,task_0015,1_004,0.9718042612075806,True
12,task_0013,1_004,2,46,task_0047,1_012,0.7768329381942749,False
12,task_0013,1_004,3,179,task_0180,1_045,0.7561734914779663,False
12,task_0013,1_004,4,125,task_0126,1_032,0.7455124855041504,False
12,task_0013,1_004,5,136,task_0137,1_035,0.7331903576850891,False
12,task_0013,1_004,6,126,task_0127,1_032,0.7263025641441345,False
12,task_0013,1_004,7,142,task_0143,1_036,0.7247781753540039,False
12,task_0013,1_004,8,149,task_0150,1_038,0.7206373810768127,False
12,task_0013,1_004,9,150,task_0151,1_038,0.720491886138916,False
12,task_0013,1_004,10,42,task_0043,1_011,0.7170457243919373,False
13,task_0014,1_004,1,15,task_0016,1_004,0.8941705822944641,True
13,task_0014,1_004,2,102,task_0103,1_026,0.758954644203186,False
13,task_0014,1_004,3,106,task_0107,1_027,0.7557132244110107,False
13,task_0014,1_004,4,138,task_0139,1_035,0.7437555193901062,False
13,task_0014,1_004,5,156,task_0157,1_040,0.7363201975822449,False
13,task_0014,1_004,6,70,task_0071,1_018,0.7317478060722351,False
13,task_0014,1_004,7,158,task_0159,1_040,0.7302359342575073,False
13,task_0014,1_004,8,117,task_0118,1_030,0.7245853543281555,False
13,task_0014,1_004,9,42,task_0043,1_011,0.7235802412033081,False
13,task_0014,1_004,10,18,task_0019,1_005,0.7231356501579285,False
14,task_0015,1_004,1,12,task_0013,1_004,0.9718042612075806,True
14,task_0015,1_004,2,125,task_0126,1_032,0.7465224862098694,False
14,task_0015,1_004,3,46,task_0047,1_012,0.7459019422531128,False
14,task_0015,1_004,4,179,task_0180,1_045,0.7417003512382507,False
14,task_0015,1_004,5,136,task_0137,1_035,0.7298199534416199,False
14,task_0015,1_004,6,150,task_0151,1_038,0.7228266596794128,False
14,task_0015,1_004,7,149,task_0150,1_038,0.7194318175315857,False
14,task_0015,1_004,8,126,task_0127,1_032,0.71919846534729,False
14,task_0015,1_004,9,142,task_0143,1_036,0.7108345031738281,False
14,task_0015,1_004,10,148,task_0149,1_038,0.695444643497467,False
15,task_0016,1_004,1,13,task_0014,1_004,0.8941705822944641,True
15,task_0016,1_004,2,106,task_0107,1_027,0.7552270889282227,False
15,task_0016,1_004,3,102,task_0103,1_026,0.7403203248977661,False
15,task_0016,1_004,4,117,task_0118,1_030,0.734890878200531,False
15,task_0016,1_004,5,138,task_0139,1_035,0.7318807244300842,False
15,task_0016,1_004,6,18,task_0019,1_005,0.7317498326301575,False
15,task_0016,1_004,7,16,task_0017,1_005,0.7260267734527588,False
15,task_0016,1_004,8,181,task_0182,1_046,0.7199450135231018,False
15,task_0016,1_004,9,70,task_0071,1_018,0.7125850319862366,False
15,task_0016,1_004,10,6,task_0007,1_002,0.7112110257148743,False
16,task_0017,1_005,1,18,task_0019,1_005,0.9302021265029907,True
16,task_0017,1_005,2,137,task_0138,1_035,0.8115848898887634,False
16,task_0017,1_005,3,138,task_0139,1_035,0.7917436361312866,False
16,task_0017,1_005,4,139,task_0140,1_035,0.78895503282547,False
16,task_0017,1_005,5,74,task_0075,1_019,0.7810515761375427,False
16,task_0017,1_005,6,70,task_0071,1_018,0.7800924181938171,False
16,task_0017,1_005,7,61,task_0062,1_016,0.7639089822769165,False
16,task_0017,1_005,8,24,task_0025,1_007,0.7628406286239624,False
16,task_0017,1_005,9,5,task_0006,1_002,0.7529836893081665,False
16,task_0017,1_005,10,27,task_0028,1_007,0.7527600526809692,False
17,task_0018,1_005,1,19,task_0020,1_005,0.9475935101509094,True
17,task_0018,1_005,2,21,task_0022,1_006,0.8569554090499878,False
17,task_0018,1_005,3,63,task_0064,1_016,0.8445491790771484,False
17,task_0018,1_005,4,23,task_0024,1_006,0.8290629982948303,False
17,task_0018,1_005,5,81,task_0082,1_021,0.8257143497467041,False
17,task_0018,1_005,6,54,task_0055,1_014,0.8245677351951599,False
17,task_0018,1_005,7,65,task_0066,1_017,0.822028398513794,False
17,task_0018,1_005,8,182,task_0183,1_046,0.7970185875892639,False
17,task_0018,1_005,9,175,task_0176,1_044,0.7876536846160889,False
17,task_0018,1_005,10,53,task_0054,1_014,0.7766549587249756,False
18,task_0019,1_005,1,16,task_0017,1_005,0.9302021265029907,True
18,task_0019,1_005,2,137,task_0138,1_035,0.8038151264190674,False
18,task_0019,1_005,3,74,task_0075,1_019,0.7971423864364624,False
18,task_0019,1_005,4,139,task_0140,1_035,0.7953577041625977,False
18,task_0019,1_005,5,138,task_0139,1_035,0.7906185388565063,False
18,task_0019,1_005,6,70,task_0071,1_018,0.7872381806373596,False
18,task_0019,1_005,7,24,task_0025,1_007,0.7697747945785522,False
18,task_0019,1_005,8,26,task_0027,1_007,0.7622253894805908,False
18,task_0019,1_005,9,5,task_0006,1_002,0.759139895439148,False
18,task_0019,1_005,10,109,task_0110,1_028,0.7534887194633484,False
19,task_0020,1_005,1,17,task_0018,1_005,0.9475935101509094,True
19,task_0020,1_005,2,21,task_0022,1_006,0.8807792663574219,False
19,task_0020,1_005,3,23,task_0024,1_006,0.8547825813293457,False
19,task_0020,1_005,4,63,task_0064,1_016,0.8448215126991272,False
19,task_0020,1_005,5,81,task_0082,1_021,0.839984655380249,False
19,task_0020,1_005,6,54,task_0055,1_014,0.8290169835090637,False
19,task_0020,1_005,7,65,task_0066,1_017,0.8202791810035706,False
19,task_0020,1_005,8,182,task_0183,1_046,0.8067232370376587,False
19,task_0020,1_005,9,175,task_0176,1_044,0.8061643838882446,False
19,task_0020,1_005,10,20,task_0021,1_006,0.7931880354881287,False
20,task_0021,1_006,1,22,task_0023,1_006,0.9216710329055786,True
20,task_0021,1_006,2,52,task_0053,1_014,0.819532036781311,False
20,task_0021,1_006,3,128,task_0129,1_033,0.8142317533493042,False
20,task_0021,1_006,4,446,task_0447,3_025,0.8132086992263794,False
20,task_0021,1_006,5,21,task_0022,1_006,0.8128437399864197,True
20,task_0021,1_006,6,26,task_0027,1_007,0.8119349479675293,False
20,task_0021,1_006,7,53,task_0054,1_014,0.8034110069274902,False
20,task_0021,1_006,8,362,task_0363,3_004,0.7997516989707947,False
20,task_0021,1_006,9,172,task_0173,1_044,0.7958029508590698,False
20,task_0021,1_006,10,442,task_0443,3_024,0.7944977283477783,False
21,task_0022,1_006,1,23,task_0024,1_006,0.8990328311920166,True
21,task_0022,1_006,2,19,task_0020,1_005,0.8807792663574219,False
21,task_0022,1_006,3,17,task_0018,1_005,0.8569554090499878,False
21,task_0022,1_006,4,54,task_0055,1_014,0.8431596159934998,False
21,task_0022,1_006,5,81,task_0082,1_021,0.8251957893371582,False
21,task_0022,1_006,6,53,task_0054,1_014,0.8132082223892212,False
21,task_0022,1_006,7,20,task_0021,1_006,0.8128437399864197,True
21,task_0022,1_006,8,65,task_0066,1_017,0.8119288682937622,False
21,task_0022,1_006,9,55,task_0056,1_014,0.8063333630561829,False
21,task_0022,1_006,10,63,task_0064,1_016,0.7901117205619812,False
22,task_0023,1_006,1,20,task_0021,1_006,0.9216710329055786,True
22,task_0023,1_006,2,446,task_0447,3_025,0.8326956629753113,False
22,task_0023,1_006,3,360,task_0361,3_004,0.8318055272102356,False
22,task_0023,1_006,4,362,task_0363,3_004,0.8273016810417175,False
22,task_0023,1_006,5,442,task_0443,3_024,0.8247227668762207,False
22,task_0023,1_006,6,52,task_0053,1_014,0.8175041079521179,False
22,task_0023,1_006,7,172,task_0173,1_044,0.8136517405509949,False
22,task_0023,1_006,8,128,task_0129,1_033,0.8059825301170349,False
22,task_0023,1_006,9,21,task_0022,1_006,0.7708622813224792,True
22,task_0023,1_006,10,26,task_0027,1_007,0.7599753737449646,False
23,task_0024,1_006,1,21,task_0022,1_006,0.8990328311920166,True
23,task_0024,1_006,2,19,task_0020,1_005,0.8547825813293457,False
23,task_0024,1_006,3,63,task_0064,1_016,0.8350793719291687,False
23,task_0024,1_006,4,17,task_0018,1_005,0.8290629982948303,False
23,task_0024,1_006,5,81,task_0082,1_021,0.8117467164993286,False
23,task_0024,1_006,6,54,task_0055,1_014,0.8043354749679565,False
23,task_0024,1_006,7,65,task_0066,1_017,0.7850835919380188,False
23,task_0024,1_006,8,20,task_0021,1_006,0.7835195064544678,True
23,task_0024,1_006,9,182,task_0183,1_046,0.758961021900177,False
23,task_0024,1_006,10,175,task_0176,1_044,0.7485902905464172,False
24,task_0025,1_007,1,26,task_0027,1_007,0.9277878999710083,True
24,task_0025,1_007,2,139,task_0140,1_035,0.7891128063201904,False
24,task_0025,1_007,3,137,task_0138,1_035,0.7830000519752502,False
24,task_0025,1_007,4,149,task_0150,1_038,0.778812050819397,False
24,task_0025,1_007,5,136,task_0137,1_035,0.7727711796760559,False
24,task_0025,1_007,6,18,task_0019,1_005,0.7697747945785522,False
24,task_0025,1_007,7,20,task_0021,1_006,0.7664186358451843,False
24,task_0025,1_007,8,70,task_0071,1_018,0.7641330361366272,False
24,task_0025,1_007,9,138,task_0139,1_035,0.7639123201370239,False
24,task_0025,1_007,10,16,task_0017,1_005,0.7628406286239624,False
25,task_0026,1_007,1,27,task_0028,1_007,0.9811466932296753,True
25,task_0026,1_007,2,70,task_0071,1_018,0.8642633557319641,False
25,task_0026,1_007,3,40,task_0041,1_011,0.8123865127563477,False
25,task_0026,1_007,4,186,task_0187,1_047,0.7924066781997681,False
25,task_0026,1_007,5,112,task_0113,1_029,0.7862212657928467,False
25,task_0026,1_007,6,114,task_0115,1_029,0.7752711772918701,False
25,task_0026,1_007,7,42,task_0043,1_011,0.7651345133781433,False
25,task_0026,1_007,8,116,task_0117,1_030,0.7632666230201721,False
25,task_0026,1_007,9,118,task_0119,1_030,0.7587521076202393,False
25,task_0026,1_007,10,137,task_0138,1_035,0.7546194791793823,False
26,task_0027,1_007,1,24,task_0025,1_007,0.9277878999710083,True
26,task_0027,1_007,2,70,task_0071,1_018,0.8123176097869873,False
26,task_0027,1_007,3,20,task_0021,1_006,0.8119349479675293,False
26,task_0027,1_007,4,136,task_0137,1_035,0.8113930821418762,False
26,task_0027,1_007,5,149,task_0150,1_038,0.8059592247009277,False
26,task_0027,1_007,6,139,task_0140,1_035,0.7947202324867249,False
26,task_0027,1_007,7,137,task_0138,1_035,0.7832852602005005,False
26,task_0027,1_007,8,142,task_0143,1_036,0.7831348180770874,False
26,task_0027,1_007,9,126,task_0127,1_032,0.7758644223213196,False
26,task_0027,1_007,10,18,task_0019,1_005,0.7622253894805908,False
27,task_0028,1_007,1,25,task_0026,1_007,0.9811466932296753,True
27,task_0028,1_007,2,70,task_0071,1_018,0.8613449335098267,False
27,task_0028,1_007,3,40,task_0041,1_011,0.8145127296447754,False
27,task_0028,1_007,4,186,task_0187,1_047,0.7872482538223267,False
27,task_0028,1_007,5,112,task_0113,1_029,0.787165105342865,False
27,task_0028,1_007,6,114,task_0115,1_029,0.7779728770256042,False
27,task_0028,1_007,7,42,task_0043,1_011,0.7673045992851257,False
27,task_0028,1_007,8,118,task_0119,1_030,0.7633909583091736,False
27,task_0028,1_007,9,116,task_0117,1_030,0.7632079124450684,False
27,task_0028,1_007,10,16,task_0017,1_005,0.7527600526809692,False
28,task_0029,1_008,1,30,task_0031,1_008,0.8143174648284912,True
28,task_0029,1_008,2,10,task_0011,1_003,0.7918200492858887,False
28,task_0029,1_008,3,58,task_0059,1_015,0.7721059918403625,False
28,task_0029,1_008,4,56,task_0057,1_015,0.7605987191200256,False
28,task_0029,1_008,5,89,task_0090,1_023,0.6733409762382507,False
28,task_0029,1_008,6,33,task_0034,1_009,0.669460117816925,False
28,task_0029,1_008,7,88,task_0089,1_023,0.6410931944847107,False
28,task_0029,1_008,8,8,task_0009,1_003,0.6387220621109009,False
28,task_0029,1_008,9,91,task_0092,1_023,0.6355935335159302,False
28,task_0029,1_008,10,9,task_0010,1_003,0.6271375417709351,False
29,task_0030,1_008,1,31,task_0032,1_008,0.9302477240562439,True
29,task_0030,1_008,2,59,task_0060,1_015,0.7302177548408508,False
29,task_0030,1_008,3,57,task_0058,1_015,0.6980739831924438,False
29,task_0030,1_008,4,30,task_0031,1_008,0.6145258545875549,True
29,task_0030,1_008,5,8,task_0009,1_003,0.6127213835716248,False
29,task_0030,1_008,6,33,task_0034,1_009,0.6068799495697021,False
29,task_0030,1_008,7,56,task_0057,1_015,0.6041144132614136,False
29,task_0030,1_008,8,10,task_0011,1_003,0.60273277759552,False
29,task_0030,1_008,9,58,task_0059,1_015,0.5938400030136108,False
29,task_0030,1_008,10,28,task_0029,1_008,0.5776160359382629,True
30,task_0031,1_008,1,28,task_0029,1_008,0.8143174648284912,True
30,task_0031,1_008,2,10,task_0011,1_003,0.7324182391166687,False
30,task_0031,1_008,3,58,task_0059,1_015,0.7297056913375854,False
30,task_0031,1_008,4,56,task_0057,1_015,0.6980283856391907,False
30,task_0031,1_008,5,31,task_0032,1_008,0.6935547590255737,True
30,task_0031,1_008,6,90,task_0091,1_023,0.6890130043029785,False
30,task_0031,1_008,7,33,task_0034,1_009,0.6477950811386108,False
30,task_0031,1_008,8,35,task_0036,1_009,0.6335920095443726,False
30,task_0031,1_008,9,408,task_0409,3_016,0.6220933198928833,False
30,task_0031,1_008,10,9,task_0010,1_003,0.6215185523033142,False
31,task_0032,1_008,1,29,task_0030,1_008,0.9302477240562439,True
31,task_0032,1_008,2,59,task_0060,1_015,0.7360208034515381,False
31,task_0032,1_008,3,57,task_0058,1_015,0.711728572845459,False
31,task_0032,1_008,4,30,task_0031,1_008,0.6935547590255737,True
31,task_0032,1_008,5,10,task_0011,1_003,0.6581359505653381,False
31,task_0032,1_008,6,8,task_0009,1_003,0.6375380754470825,False
31,task_0032,1_008,7,161,task_0162,1_041,0.6245941519737244,False
31,task_0032,1_008,8,58,task_0059,1_015,0.6147383451461792,False
31,task_0032,1_008,9,33,task_0034,1_009,0.6091068983078003,False
31,task_0032,1_008,10,28,task_0029,1_008,0.6064983606338501,True
32,task_0033,1_009,1,34,task_0035,1_009,0.89573734998703,True
32,task_0033,1_009,2,174,task_0175,1_044,0.7607083320617676,False
32,task_0033,1_009,3,172,task_0173,1_044,0.7575632929801941,False
32,task_0033,1_009,4,362,task_0363,3_004,0.7362232804298401,False
32,task_0033,1_009,5,360,task_0361,3_004,0.7230892181396484,False
32,task_0033,1_009,6,122,task_0123,1_031,0.7192485928535461,False
32,task_0033,1_009,7,125,task_0126,1_032,0.7033335566520691,False
32,task_0033,1_009,8,128,task_0129,1_033,0.7011702656745911,False
32,task_0033,1_009,9,22,task_0023,1_006,0.6962006688117981,False
32,task_0033,1_009,10,20,task_0021,1_006,0.6926882863044739,False
33,task_0034,1_009,1,35,task_0036,1_009,0.7697925567626953,True
33,task_0034,1_009,2,56,task_0057,1_015,0.6942063570022583,False
33,task_0034,1_009,3,58,task_0059,1_015,0.6705924868583679,False
33,task_0034,1_009,4,28,task_0029,1_008,0.669460117816925,False
33,task_0034,1_009,5,30,task_0031,1_008,0.6477950811386108,False
33,task_0034,1_009,6,90,task_0091,1_023,0.6416541934013367,False
33,task_0034,1_009,7,267,task_0268,2_020,0.6240400671958923,False
33,task_0034,1_009,8,10,task_0011,1_003,0.6239480972290039,False
33,task_0034,1_009,9,57,task_0058,1_015,0.6112807989120483,False
33,task_0034,1_009,10,679,task_0680,4_029,0.6097583770751953,False
34,task_0035,1_009,1,32,task_0033,1_009,0.89573734998703,True
34,task_0035,1_009,2,174,task_0175,1_044,0.8005622029304504,False
34,task_0035,1_009,3,172,task_0173,1_044,0.7773277163505554,False
34,task_0035,1_009,4,122,task_0123,1_031,0.7745432257652283,False
34,task_0035,1_009,5,362,task_0363,3_004,0.7623426914215088,False
34,task_0035,1_009,6,360,task_0361,3_004,0.7527406215667725,False
34,task_0035,1_009,7,120,task_0121,1_031,0.7523485422134399,False
34,task_0035,1_009,8,125,task_0126,1_032,0.7321937680244446,False
34,task_0035,1_009,9,47,task_0048,1_012,0.7277367115020752,False
34,task_0035,1_009,10,446,task_0447,3_025,0.7266215085983276,False
35,task_0036,1_009,1,33,task_0034,1_009,0.7697925567626953,True
35,task_0036,1_009,2,34,task_0035,1_009,0.7181384563446045,True
35,task_0036,1_009,3,58,task_0059,1_015,0.6681906580924988,False
35,task_0036,1_009,4,56,task_0057,1_015,0.665008544921875,False
35,task_0036,1_009,5,32,task_0033,1_009,0.6534435153007507,True
35,task_0036,1_009,6,162,task_0163,1_041,0.6343826651573181,False
35,task_0036,1_009,7,63,task_0064,1_016,0.6341811418533325,False
35,task_0036,1_009,8,19,task_0020,1_005,0.6339757442474365,False
35,task_0036,1_009,9,30,task_0031,1_008,0.6335920095443726,False
35,task_0036,1_009,10,174,task_0175,1_044,0.6333066821098328,False
36,task_0037,1_010,1,38,task_0039,1_010,0.8148254752159119,True
36,task_0037,1_010,2,37,task_0038,1_010,0.7703006267547607,True
36,task_0037,1_010,3,182,task_0183,1_046,0.7639043927192688,False
36,task_0037,1_010,4,100,task_0101,1_026,0.7555780410766602,False
36,task_0037,1_010,5,19,task_0020,1_005,0.7498367428779602,False
36,task_0037,1_010,6,104,task_0105,1_027,0.7404509782791138,False
36,task_0037,1_010,7,17,task_0018,1_005,0.7383163571357727,False
36,task_0037,1_010,8,4,task_0005,1_002,0.7370673418045044,False
36,task_0037,1_010,9,54,task_0055,1_014,0.725569486618042,False
36,task_0037,1_010,10,39,task_0040,1_010,0.7163206338882446,True
37,task_0038,1_010,1,39,task_0040,1_010,0.8300849199295044,True
37,task_0038,1_010,2,36,task_0037,1_010,0.7703006267547607,True
37,task_0038,1_010,3,1,task_0002,1_001,0.7669681310653687,False
37,task_0038,1_010,4,182,task_0183,1_046,0.7418294548988342,False
37,task_0038,1_010,5,100,task_0101,1_026,0.708926796913147,False
37,task_0038,1_010,6,38,task_0039,1_010,0.7070603966712952,True
37,task_0038,1_010,7,4,task_0005,1_002,0.7066136002540588,False
37,task_0038,1_010,8,54,task_0055,1_014,0.7054307460784912,False
37,task_0038,1_010,9,19,task_0020,1_005,0.704825758934021,False
37,task_0038,1_010,10,17,task_0018,1_005,0.7014161348342896,False
38,task_0039,1_010,1,36,task_0037,1_010,0.8148254752159119,True
38,task_0039,1_010,2,4,task_0005,1_002,0.7637986540794373,False
38,task_0039,1_010,3,177,task_0178,1_045,0.7580683827400208,False
38,task_0039,1_010,4,7,task_0008,1_002,0.7500452995300293,False
38,task_0039,1_010,5,39,task_0040,1_010,0.7277598977088928,True
38,task_0039,1_010,6,104,task_0105,1_027,0.7275472283363342,False
38,task_0039,1_010,7,5,task_0006,1_002,0.7272122502326965,False
38,task_0039,1_010,8,72,task_0073,1_019,0.7264176607131958,False
38,task_0039,1_010,9,182,task_0183,1_046,0.7218985557556152,False
38,task_0039,1_010,10,108,task_0109,1_028,0.7172315120697021,False
39,task_0040,1_010,1,37,task_0038,1_010,0.8300849199295044,True
39,task_0040,1_010,2,182,task_0183,1_046,0.7301153540611267,False
39,task_0040,1_010,3,38,task_0039,1_010,0.7277598977088928,True
39,task_0040,1_010,4,100,task_0101,1_026,0.7231658697128296,False
39,task_0040,1_010,5,4,task_0005,1_002,0.7219869494438171,False
39,task_0040,1_010,6,36,task_0037,1_010,0.7163206338882446,True
39,task_0040,1_010,7,19,task_0020,1_005,0.7091634273529053,False
39,task_0040,1_010,8,1,task_0002,1_001,0.707387387752533,False
39,task_0040,1_010,9,54,task_0055,1_014,0.703669548034668,False
39,task_0040,1_010,10,149,task_0150,1_038,0.7007030844688416,False
40,task_0041,1_011,1,42,task_0043,1_011,0.872473955154419,True
40,task_0041,1_011,2,70,task_0071,1_018,0.8173274397850037,False
40,task_0041,1_011,3,27,task_0028,1_007,0.8145127296447754,False
40,task_0041,1_011,4,25,task_0026,1_007,0.8123865127563477,False
40,task_0041,1_011,5,44,task_0045,1_012,0.7933055758476257,False
40,task_0041,1_011,6,112,task_0113,1_029,0.7922958135604858,False
40,task_0041,1_011,7,114,task_0115,1_029,0.7904611825942993,False
40,task_0041,1_011,8,116,task_0117,1_030,0.7876708507537842,False
40,task_0041,1_011,9,66,task_0067,1_017,0.7862238883972168,False
40,task_0041,1_011,10,85,task_0086,1_022,0.7850426435470581,False
41,task_0042,1_011,1,145,task_0146,1_037,0.8299626111984253,False
41,task_0042,1_011,2,43,task_0044,1_011,0.7772287130355835,True
41,task_0042,1_011,3,147,task_0148,1_037,0.7344040274620056,False
41,task_0042,1_011,4,66,task_0067,1_017,0.6679360270500183,False
41,task_0042,1_011,5,62,task_0063,1_016,0.6626632213592529,False
41,task_0042,1_011,6,42,task_0043,1_011,0.6565695405006409,True
41,task_0042,1_011,7,40,task_0041,1_011,0.6475539207458496,True
41,task_0042,1_011,8,26,task_0027,1_007,0.6472607851028442,False
41,task_0042,1_011,9,87,task_0088,1_022,0.6424185633659363,False
41,task_0042,1_011,10,70,task_0071,1_018,0.6416248679161072,False
42,task_0043,1_011,1,40,task_0041,1_011,0.872473955154419,True
42,task_0043,1_011,2,186,task_0187,1_047,0.7921366095542908,False
42,task_0043,1_011,3,70,task_0071,1_018,0.7735985517501831,False
42,task_0043,1_011,4,27,task_0028,1_007,0.7673045992851257,False
42,task_0043,1_011,5,25,task_0026,1_007,0.7651345133781433,False
42,task_0043,1_011,6,112,task_0113,1_029,0.7631618976593018,False
42,task_0043,1_011,7,85,task_0086,1_022,0.7631037831306458,False
42,task_0043,1_011,8,26,task_0027,1_007,0.7599549889564514,False
42,task_0043,1_011,9,53,task_0054,1_014,0.7565704584121704,False
42,task_0043,1_011,10,66,task_0067,1_017,0.7550154328346252,False
43,task_0044,1_011,1,41,task_0042,1_011,0.7772287130355835,True
43,task_0044,1_011,2,40,task_0041,1_011,0.775189995765686,True
43,task_0044,1_011,3,44,task_0045,1_012,0.7588332891464233,False
43,task_0044,1_011,4,128,task_0129,1_033,0.757287323474884,False
43,task_0044,1_011,5,446,task_0447,3_025,0.7519549131393433,False
43,task_0044,1_011,6,442,task_0443,3_024,0.7416185736656189,False
43,task_0044,1_011,7,360,task_0361,3_004,0.7359671592712402,False
43,task_0044,1_011,8,145,task_0146,1_037,0.7345007061958313,False
43,task_0044,1_011,9,87,task_0088,1_022,0.7286737561225891,False
43,task_0044,1_011,10,22,task_0023,1_006,0.7196031808853149,False
44,task_0045,1_012,1,46,task_0047,1_012,0.8196907639503479,True
44,task_0045,1_012,2,40,task_0041,1_011,0.7933055758476257,False
44,task_0045,1_012,3,45,task_0046,1_012,0.7891753911972046,True
44,task_0045,1_012,4,164,task_0165,1_042,0.7598252892494202,False
44,task_0045,1_012,5,43,task_0044,1_011,0.7588332891464233,False
44,task_0045,1_012,6,149,task_0150,1_038,0.7474504113197327,False
44,task_0045,1_012,7,168,task_0169,1_043,0.7419183254241943,False
44,task_0045,1_012,8,142,task_0143,1_036,0.7377061247825623,False
44,task_0045,1_012,9,70,task_0071,1_018,0.7355802059173584,False
44,task_0045,1_012,10,143,task_0144,1_036,0.7302272915840149,False
45,task_0046,1_012,1,47,task_0048,1_012,0.8696920871734619,True
45,task_0046,1_012,2,44,task_0045,1_012,0.7891753911972046,True
45,task_0046,1_012,3,122,task_0123,1_031,0.7759343981742859,False
45,task_0046,1_012,4,34,task_0035,1_009,0.7181156873703003,False
45,task_0046,1_012,5,43,task_0044,1_011,0.7176942825317383,False
45,task_0046,1_012,6,171,task_0172,1_043,0.7107923030853271,False
45,task_0046,1_012,7,446,task_0447,3_025,0.7078684568405151,False
45,task_0046,1_012,8,117,task_0118,1_030,0.7029368877410889,False
45,task_0046,1_012,9,442,task_0443,3_024,0.697982132434845,False
45,task_0046,1_012,10,120,task_0121,1_031,0.6976410746574402,False
46,task_0047,1_012,1,44,task_0045,1_012,0.8196907639503479,True
46,task_0047,1_012,2,12,task_0013,1_004,0.7768329381942749,False
46,task_0047,1_012,3,142,task_0143,1_036,0.7704213857650757,False
46,task_0047,1_012,4,26,task_0027,1_007,0.7494680285453796,False
46,task_0047,1_012,5,143,task_0144,1_036,0.7480642795562744,False
46,task_0047,1_012,6,14,task_0015,1_004,0.7459019422531128,False
46,task_0047,1_012,7,149,task_0150,1_038,0.7437214851379395,False
46,task_0047,1_012,8,42,task_0043,1_011,0.7380656003952026,False
46,task_0047,1_012,9,49,task_0050,1_013,0.7267360091209412,False
46,task_0047,1_012,10,24,task_0025,1_007,0.7251248955726624,False
47,task_0048,1_012,1,45,task_0046,1_012,0.8696920871734619,True
47,task_0048,1_012,2,122,task_0123,1_031,0.7846256494522095,False
47,task_0048,1_012,3,120,task_0121,1_031,0.7369179725646973,False
47,task_0048,1_012,4,44,task_0045,1_012,0.728506326675415,True
47,task_0048,1_012,5,34,task_0035,1_009,0.7277367115020752,False
47,task_0048,1_012,6,117,task_0118,1_030,0.7177038192749023,False
47,task_0048,1_012,7,125,task_0126,1_032,0.6966282725334167,False
47,task_0048,1_012,8,126,task_0127,1_032,0.6915987730026245,False
47,task_0048,1_012,9,123,task_0124,1_031,0.6901018023490906,False
47,task_0048,1_012,10,128,task_0129,1_033,0.6831139922142029,False
48,task_0049,1_013,1,50,task_0051,1_013,0.9151188135147095,True
48,task_0049,1_013,2,51,task_0052,1_013,0.8540430068969727,True
48,task_0049,1_013,3,49,task_0050,1_013,0.8399159908294678,True
48,task_0049,1_013,4,183,task_0184,1_046,0.7442387342453003,False
48,task_0049,1_013,5,96,task_0097,1_025,0.6830798983573914,False
48,task_0049,1_013,6,70,task_0071,1_018,0.6787956953048706,False
48,task_0049,1_013,7,121,task_0122,1_031,0.6703511476516724,False
48,task_0049,1_013,8,468,task_0469,3_031,0.667996346950531,False
48,task_0049,1_013,9,46,task_0047,1_012,0.6661933660507202,False
48,task_0049,1_013,10,681,task_0682,4_030,0.6648532152175903,False
49,task_0050,1_013,1,51,task_0052,1_013,0.8861075043678284,True
49,task_0050,1_013,2,50,task_0051,1_013,0.8826087713241577,True
49,task_0050,1_013,3,48,task_0049,1_013,0.8399159908294678,True
49,task_0050,1_013,4,46,task_0047,1_012,0.7267360091209412,False
49,task_0050,1_013,5,183,task_0184,1_046,0.7094302177429199,False
49,task_0050,1_013,6,26,task_0027,1_007,0.6793405413627625,False
49,task_0050,1_013,7,24,task_0025,1_007,0.6782099008560181,False
49,task_0050,1_013,8,149,task_0150,1_038,0.6627671718597412,False
49,task_0050,1_013,9,96,task_0097,1_025,0.6625634431838989,False
49,task_0050,1_013,10,136,task_0137,1_035,0.660993754863739,False
50,task_0051,1_013,1,51,task_0052,1_013,0.9480900764465332,True
50,task_0051,1_013,2,48,task_0049,1_013,0.9151188135147095,True
50,task_0051,1_013,3,49,task_0050,1_013,0.8826087713241577,True
50,task_0051,1_013,4,65,task_0066,1_017,0.7396736145019531,False
50,task_0051,1_013,5,70,task_0071,1_018,0.7325189113616943,False
50,task_0051,1_013,6,96,task_0097,1_025,0.7291119694709778,False
50,task_0051,1_013,7,53,task_0054,1_014,0.7289828062057495,False
50,task_0051,1_013,8,54,task_0055,1_014,0.7175693511962891,False
50,task_0051,1_013,9,183,task_0184,1_046,0.7174327373504639,False
50,task_0051,1_013,10,470,task_0471,3_031,0.7148314118385315,False
51,task_0052,1_013,1,50,task_0051,1_013,0.9480900764465332,True
51,task_0052,1_013,2,49,task_0050,1_013,0.8861075043678284,True
51,task_0052,1_013,3,48,task_0049,1_013,0.8540430068969727,True
51,task_0052,1_013,4,96,task_0097,1_025,0.7689988613128662,False
51,task_0052,1_013,5,65,task_0066,1_017,0.7568260431289673,False
51,task_0052,1_013,6,468,task_0469,3_031,0.7491140365600586,False
51,task_0052,1_013,7,470,task_0471,3_031,0.7460325360298157,False
51,task_0052,1_013,8,70,task_0071,1_018,0.7459455132484436,False
51,task_0052,1_013,9,548,task_0549,3_051,0.7438015937805176,False
51,task_0052,1_013,10,141,task_0142,1_036,0.7367271184921265,False
52,task_0053,1_014,1,54,task_0055,1_014,0.8862203359603882,True
52,task_0053,1_014,2,53,task_0054,1_014,0.8638542890548706,True
52,task_0053,1_014,3,55,task_0056,1_014,0.8566796779632568,True
52,task_0053,1_014,4,20,task_0021,1_006,0.819532036781311,False
52,task_0053,1_014,5,22,task_0023,1_006,0.8175041079521179,False
52,task_0053,1_014,6,446,task_0447,3_025,0.7991178631782532,False
52,task_0053,1_014,7,442,task_0443,3_024,0.7982781529426575,False
52,task_0053,1_014,8,360,task_0361,3_004,0.7940536141395569,False
52,task_0053,1_014,9,21,task_0022,1_006,0.7822706699371338,False
52,task_0053,1_014,10,362,task_0363,3_004,0.7764304876327515,False
53,task_0054,1_014,1,55,task_0056,1_014,0.9794414043426514,True
53,task_0054,1_014,2,52,task_0053,1_014,0.8638542890548706,True
53,task_0054,1_014,3,6,task_0007,1_002,0.8392868041992188,False
53,task_0054,1_014,4,54,task_0055,1_014,0.834086000919342,True
53,task_0054,1_014,5,130,task_0131,1_033,0.8337991237640381,False
53,task_0054,1_014,6,158,task_0159,1_040,0.8327011466026306,False
53,task_0054,1_014,7,156,task_0157,1_040,0.832057774066925,False
53,task_0054,1_014,8,134,task_0135,1_034,0.8196430206298828,False
53,task_0054,1_014,9,106,task_0107,1_027,0.8136705160140991,False
53,task_0054,1_014,10,21,task_0022,1_006,0.8132082223892212,False
54,task_0055,1_014,1,52,task_0053,1_014,0.8862203359603882,True
54,task_0055,1_014,2,21,task_0022,1_006,0.8431596159934998,False
54,task_0055,1_014,3,55,task_0056,1_014,0.8380181789398193,True
54,task_0055,1_014,4,53,task_0054,1_014,0.834086000919342,True
54,task_0055,1_014,5,19,task_0020,1_005,0.8290169835090637,False
54,task_0055,1_014,6,17,task_0018,1_005,0.8245677351951599,False
54,task_0055,1_014,7,65,task_0066,1_017,0.8193415999412537,False
54,task_0055,1_014,8,63,task_0064,1_016,0.8067609071731567,False
54,task_0055,1_014,9,23,task_0024,1_006,0.8043354749679565,False
54,task_0055,1_014,10,81,task_0082,1_021,0.7971933484077454,False
55,task_0056,1_014,1,53,task_0054,1_014,0.9794414043426514,True
55,task_0056,1_014,2,52,task_0053,1_014,0.8566796779632568,True
55,task_0056,1_014,3,6,task_0007,1_002,0.8412330746650696,False
55,task_0056,1_014,4,54,task_0055,1_014,0.8380181789398193,True
55,task_0056,1_014,5,130,task_0131,1_033,0.8371283411979675,False
55,task_0056,1_014,6,156,task_0157,1_040,0.8260719180107117,False
55,task_0056,1_014,7,134,task_0135,1_034,0.8242272138595581,False
55,task_0056,1_014,8,158,task_0159,1_040,0.8214797973632812,False
55,task_0056,1_014,9,106,task_0107,1_027,0.8065435290336609,False
55,task_0056,1_014,10,21,task_0022,1_006,0.8063333630561829,False
56,task_0057,1_015,1,58,task_0059,1_015,0.9055691957473755,True
56,task_0057,1_015,2,28,task_0029,1_008,0.7605987191200256,False
56,task_0057,1_015,3,10,task_0011,1_003,0.7250683903694153,False
56,task_0057,1_015,4,30,task_0031,1_008,0.6980283856391907,False
56,task_0057,1_015,5,33,task_0034,1_009,0.6942063570022583,False
56,task_0057,1_015,6,35,task_0036,1_009,0.665008544921875,False
56,task_0057,1_015,7,57,task_0058,1_015,0.6623518466949463,True
56,task_0057,1_015,8,679,task_0680,4_029,0.6321649551391602,False
56,task_0057,1_015,9,701,task_0702,4_035,0.6135053634643555,False
56,task_0057,1_015,10,97,task_0098,1_025,0.6042501926422119,False
57,task_0058,1_015,1,59,task_0060,1_015,0.8659219741821289,True
57,task_0058,1_015,2,31,task_0032,1_008,0.711728572845459,False
57,task_0058,1_015,3,58,task_0059,1_015,0.7021706104278564,True
57,task_0058,1_015,4,29,task_0030,1_008,0.6980739831924438,False
57,task_0058,1_015,5,8,task_0009,1_003,0.6880595684051514,False
57,task_0058,1_015,6,56,task_0057,1_015,0.6623518466949463,True
57,task_0058,1_015,7,10,task_0011,1_003,0.6519134640693665,False
57,task_0058,1_015,8,28,task_0029,1_008,0.6217007637023926,False
57,task_0058,1_015,9,33,task_0034,1_009,0.6112807989120483,False
57,task_0058,1_015,10,89,task_0090,1_023,0.6044251918792725,False
58,task_0059,1_015,1,56,task_0057,1_015,0.9055691957473755,True
58,task_0059,1_015,2,28,task_0029,1_008,0.7721059918403625,False
58,task_0059,1_015,3,10,task_0011,1_003,0.7524943351745605,False
58,task_0059,1_015,4,30,task_0031,1_008,0.7297056913375854,False
58,task_0059,1_015,5,57,task_0058,1_015,0.7021706104278564,True
58,task_0059,1_015,6,33,task_0034,1_009,0.6705924868583679,False
58,task_0059,1_015,7,35,task_0036,1_009,0.6681906580924988,False
58,task_0059,1_015,8,408,task_0409,3_016,0.6275242567062378,False
58,task_0059,1_015,9,161,task_0162,1_041,0.6175196766853333,False
58,task_0059,1_015,10,59,task_0060,1_015,0.6158398985862732,True
59,task_0060,1_015,1,57,task_0058,1_015,0.8659219741821289,True
59,task_0060,1_015,2,31,task_0032,1_008,0.7360208034515381,False
59,task_0060,1_015,3,29,task_0030,1_008,0.7302177548408508,False
59,task_0060,1_015,4,8,task_0009,1_003,0.6201283931732178,False
59,task_0060,1_015,5,58,task_0059,1_015,0.6158398985862732,True
59,task_0060,1_015,6,161,task_0162,1_041,0.6064254641532898,False
59,task_0060,1_015,7,56,task_0057,1_015,0.5839390754699707,True
59,task_0060,1_015,8,33,task_0034,1_009,0.5787516832351685,False
59,task_0060,1_015,9,410,task_0411,3_016,0.5672183036804199,False
59,task_0060,1_015,10,10,task_0011,1_003,0.5656713843345642,False
60,task_0061,1_016,1,64,task_0065,1_017,0.7878457307815552,False
60,task_0061,1_016,2,21,task_0022,1_006,0.702325165271759,False
60,task_0061,1_016,3,169,task_0170,1_043,0.7000120282173157,False
60,task_0061,1_016,4,23,task_0024,1_006,0.6995709538459778,False
60,task_0061,1_016,5,19,task_0020,1_005,0.690737783908844,False
60,task_0061,1_016,6,66,task_0067,1_017,0.686744213104248,False
60,task_0061,1_016,7,63,task_0064,1_016,0.6856784224510193,True
60,task_0061,1_016,8,165,task_0166,1_042,0.6839314103126526,False
60,task_0061,1_016,9,62,task_0063,1_016,0.6793705821037292,True
60,task_0061,1_016,10,54,task_0055,1_014,0.6786068081855774,False
61,task_0062,1_016,1,53,task_0054,1_014,0.789863109588623,False
61,task_0062,1_016,2,65,task_0066,1_017,0.7874333262443542,False
61,task_0062,1_016,3,63,task_0064,1_016,0.787087082862854,True
61,task_0062,1_016,4,79,task_0080,1_020,0.7841252088546753,False
61,task_0062,1_016,5,156,task_0157,1_040,0.7738022208213806,False
61,task_0062,1_016,6,55,task_0056,1_014,0.7699986696243286,False
61,task_0062,1_016,7,70,task_0071,1_018,0.7652055621147156,False
61,task_0062,1_016,8,158,task_0159,1_040,0.7642789483070374,False
61,task_0062,1_016,9,16,task_0017,1_005,0.7639089822769165,False
61,task_0062,1_016,10,67,task_0068,1_017,0.7637239694595337,False
62,task_0063,1_016,1,66,task_0067,1_017,0.9873724579811096,False
62,task_0063,1_016,2,70,task_0071,1_018,0.7931846380233765,False
62,task_0063,1_016,3,40,task_0041,1_011,0.778616189956665,False
62,task_0063,1_016,4,186,task_0187,1_047,0.7620396614074707,False
62,task_0063,1_016,5,42,task_0043,1_011,0.7524292469024658,False
62,task_0063,1_016,6,112,task_0113,1_029,0.7521940469741821,False
62,task_0063,1_016,7,116,task_0117,1_030,0.7491875886917114,False
62,task_0063,1_016,8,114,task_0115,1_029,0.7364184260368347,False
62,task_0063,1_016,9,130,task_0131,1_033,0.7312327027320862,False
62,task_0063,1_016,10,25,task_0026,1_007,0.7290459275245667,False
63,task_0064,1_016,1,65,task_0066,1_017,0.860496461391449,False
63,task_0064,1_016,2,19,task_0020,1_005,0.8448215126991272,False
63,task_0064,1_016,3,17,task_0018,1_005,0.8445491790771484,False
63,task_0064,1_016,4,23,task_0024,1_006,0.8350793719291687,False
63,task_0064,1_016,5,81,task_0082,1_021,0.8163198828697205,False
63,task_0064,1_016,6,54,task_0055,1_014,0.8067609071731567,False
63,task_0064,1_016,7,21,task_0022,1_006,0.7901117205619812,False
63,task_0064,1_016,8,61,task_0062,1_016,0.787087082862854,True
63,task_0064,1_016,9,55,task_0056,1_014,0.7757688760757446,False
63,task_0064,1_016,10,53,task_0054,1_014,0.7719887495040894,False
64,task_0065,1_017,1,60,task_0061,1_016,0.7878457307815552,False
64,task_0065,1_017,2,66,task_0067,1_017,0.7259049415588379,True
64,task_0065,1_017,3,62,task_0063,1_016,0.7131397724151611,False
64,task_0065,1_017,4,169,task_0170,1_043,0.7111151218414307,False
64,task_0065,1_017,5,36,task_0037,1_010,0.7007890343666077,False
64,task_0065,1_017,6,136,task_0137,1_035,0.694402277469635,False
64,task_0065,1_017,7,165,task_0166,1_042,0.6902646422386169,False
64,task_0065,1_017,8,63,task_0064,1_016,0.6883968710899353,False
64,task_0065,1_017,9,37,task_0038,1_010,0.685272216796875,False
64,task_0065,1_017,10,86,task_0087,1_022,0.6839039325714111,False
65,task_0066,1_017,1,63,task_0064,1_016,0.860496461391449,False
65,task_0066,1_017,2,81,task_0082,1_021,0.8299810886383057,False
65,task_0066,1_017,3,17,task_0018,1_005,0.822028398513794,False
65,task_0066,1_017,4,19,task_0020,1_005,0.8202791810035706,False
65,task_0066,1_017,5,54,task_0055,1_014,0.8193415999412537,False
65,task_0066,1_017,6,21,task_0022,1_006,0.8119288682937622,False
65,task_0066,1_017,7,61,task_0062,1_016,0.7874333262443542,False
65,task_0066,1_017,8,23,task_0024,1_006,0.7850835919380188,False
65,task_0066,1_017,9,182,task_0183,1_046,0.7774577140808105,False
65,task_0066,1_017,10,53,task_0054,1_014,0.7721717357635498,False
66,task_0067,1_017,1,62,task_0063,1_016,0.9873724579811096,False
66,task_0067,1_017,2,70,task_0071,1_018,0.8059533834457397,False
66,task_0067,1_017,3,40,task_0041,1_011,0.7862238883972168,False
66,task_0067,1_017,4,186,task_0187,1_047,0.7592986226081848,False
66,task_0067,1_017,5,42,task_0043,1_011,0.7550154328346252,False
66,task_0067,1_017,6,112,task_0113,1_029,0.7548894882202148,False
66,task_0067,1_017,7,116,task_0117,1_030,0.7546412348747253,False
66,task_0067,1_017,8,114,task_0115,1_029,0.740404486656189,False
66,task_0067,1_017,9,53,task_0054,1_014,0.7360692620277405,False
66,task_0067,1_017,10,25,task_0026,1_007,0.7358217835426331,False
67,task_0068,1_017,1,61,task_0062,1_016,0.7637239694595337,False
67,task_0068,1_017,2,63,task_0064,1_016,0.7415847182273865,False
67,task_0068,1_017,3,65,task_0066,1_017,0.7391687035560608,True
67,task_0068,1_017,4,20,task_0021,1_006,0.7119237184524536,False
67,task_0068,1_017,5,165,task_0166,1_042,0.6904436945915222,False
67,task_0068,1_017,6,26,task_0027,1_007,0.6829155683517456,False
67,task_0068,1_017,7,169,task_0170,1_043,0.6788331866264343,False
67,task_0068,1_017,8,19,task_0020,1_005,0.6729568243026733,False
67,task_0068,1_017,9,142,task_0143,1_036,0.6714576482772827,False
67,task_0068,1_017,10,81,task_0082,1_021,0.6671488285064697,False
68,task_0069,1_018,1,72,task_0073,1_019,0.9601800441741943,False
68,task_0069,1_018,2,74,task_0075,1_019,0.7966955900192261,False
68,task_0069,1_018,3,6,task_0007,1_002,0.7779728770256042,False
68,task_0069,1_018,4,115,task_0116,1_029,0.7681812047958374,False
68,task_0069,1_018,5,139,task_0140,1_035,0.7622642517089844,False
68,task_0069,1_018,6,5,task_0006,1_002,0.7616965770721436,False
68,task_0069,1_018,7,137,task_0138,1_035,0.7599189281463623,False
68,task_0069,1_018,8,70,task_0071,1_018,0.7482806444168091,True
68,task_0069,1_018,9,158,task_0159,1_040,0.7430546879768372,False
68,task_0069,1_018,10,138,task_0139,1_035,0.7417729496955872,False
69,task_0070,1_018,1,73,task_0074,1_019,0.9383478164672852,False
69,task_0070,1_018,2,71,task_0072,1_018,0.9124111533164978,True
69,task_0070,1_018,3,75,task_0076,1_019,0.807159423828125,False
69,task_0070,1_018,4,291,task_0292,2_026,0.7891933917999268,False
69,task_0070,1_018,5,230,task_0231,2_011,0.782882034778595,False
69,task_0070,1_018,6,289,task_0290,2_026,0.7776376008987427,False
69,task_0070,1_018,7,288,task_0289,2_026,0.7686151266098022,False
69,task_0070,1_018,8,123,task_0124,1_031,0.7633536458015442,False
69,task_0070,1_018,9,333,task_0334,2_037,0.7515469789505005,False
69,task_0070,1_018,10,231,task_0232,2_011,0.7105196714401245,False
70,task_0071,1_018,1,25,task_0026,1_007,0.8642633557319641,False
70,task_0071,1_018,2,27,task_0028,1_007,0.8613449335098267,False
70,task_0071,1_018,3,186,task_0187,1_047,0.8299832940101624,False
70,task_0071,1_018,4,40,task_0041,1_011,0.8173274397850037,False
70,task_0071,1_018,5,112,task_0113,1_029,0.8171073198318481,False
70,task_0071,1_018,6,137,task_0138,1_035,0.8141056895256042,False
70,task_0071,1_018,7,26,task_0027,1_007,0.8123176097869873,False
70,task_0071,1_018,8,116,task_0117,1_030,0.8085429072380066,False
70,task_0071,1_018,9,74,task_0075,1_019,0.8061221241950989,False
70,task_0071,1_018,10,66,task_0067,1_017,0.8059533834457397,False
71,task_0072,1_018,1,73,task_0074,1_019,0.9404115080833435,False
71,task_0072,1_018,2,69,task_0070,1_018,0.9124111533164978,True
71,task_0072,1_018,3,75,task_0076,1_019,0.7940914034843445,False
71,task_0072,1_018,4,101,task_0102,1_026,0.7571841478347778,False
71,task_0072,1_018,5,333,task_0334,2_037,0.7570635080337524,False
71,task_0072,1_018,6,123,task_0124,1_031,0.7365942597389221,False
71,task_0072,1_018,7,105,task_0106,1_027,0.7364091277122498,False
71,task_0072,1_018,8,103,task_0104,1_026,0.7360663414001465,False
71,task_0072,1_018,9,107,task_0108,1_027,0.7321401834487915,False
71,task_0072,1_018,10,289,task_0290,2_026,0.7281063199043274,False
72,task_0073,1_019,1,68,task_0069,1_018,0.9601800441741943,False
72,task_0073,1_019,2,74,task_0075,1_019,0.8170012831687927,True
72,task_0073,1_019,3,6,task_0007,1_002,0.8109660148620605,False
72,task_0073,1_019,4,137,task_0138,1_035,0.787662923336029,False
72,task_0073,1_019,5,139,task_0140,1_035,0.7842444777488708,False
72,task_0073,1_019,6,5,task_0006,1_002,0.7699404954910278,False
72,task_0073,1_019,7,17,task_0018,1_005,0.7638936042785645,False
72,task_0073,1_019,8,70,task_0071,1_018,0.763877272605896,False
72,task_0073,1_019,9,115,task_0116,1_029,0.761023223400116,False
72,task_0073,1_019,10,158,task_0159,1_040,0.7594614624977112,False
73,task_0074,1_019,1,71,task_0072,1_018,0.9404115080833435,False
73,task_0074,1_019,2,69,task_0070,1_018,0.9383478164672852,False
73,task_0074,1_019,3,75,task_0076,1_019,0.8242616653442383,True
73,task_0074,1_019,4,333,task_0334,2_037,0.7788355946540833,False
73,task_0074,1_019,5,230,task_0231,2_011,0.7358077764511108,False
73,task_0074,1_019,6,231,task_0232,2_011,0.7325514554977417,False
73,task_0074,1_019,7,289,task_0290,2_026,0.7247053980827332,False
73,task_0074,1_019,8,291,task_0292,2_026,0.7203832268714905,False
73,task_0074,1_019,9,288,task_0289,2_026,0.7118360996246338,False
73,task_0074,1_019,10,98,task_0099,1_025,0.7096684575080872,False
74,task_0075,1_019,1,72,task_0073,1_019,0.8170012831687927,True
74,task_0075,1_019,2,139,task_0140,1_035,0.8112813830375671,False
74,task_0075,1_019,3,137,task_0138,1_035,0.8099687695503235,False
74,task_0075,1_019,4,109,task_0110,1_028,0.8072349429130554,False
74,task_0075,1_019,5,70,task_0071,1_018,0.8061221241950989,False
74,task_0075,1_019,6,18,task_0019,1_005,0.7971423864364624,False
74,task_0075,1_019,7,68,task_0069,1_018,0.7966955900192261,False
74,task_0075,1_019,8,6,task_0007,1_002,0.783039391040802,False
74,task_0075,1_019,9,16,task_0017,1_005,0.7810515761375427,False
74,task_0075,1_019,10,5,task_0006,1_002,0.7557660341262817,False
75,task_0076,1_019,1,73,task_0074,1_019,0.8242616653442383,True
75,task_0076,1_019,2,69,task_0070,1_018,0.807159423828125,False
75,task_0076,1_019,3,71,task_0072,1_018,0.7940914034843445,False
75,task_0076,1_019,4,289,task_0290,2_026,0.7271419763565063,False
75,task_0076,1_019,5,230,task_0231,2_011,0.7215477824211121,False
75,task_0076,1_019,6,291,task_0292,2_026,0.7128647565841675,False
75,task_0076,1_019,7,123,task_0124,1_031,0.7083243131637573,False
75,task_0076,1_019,8,288,task_0289,2_026,0.6906315684318542,False
75,task_0076,1_019,9,231,task_0232,2_011,0.6895836591720581,False
75,task_0076,1_019,10,101,task_0102,1_026,0.6848847270011902,False
76,task_0077,1_020,1,80,task_0081,1_021,0.9080104231834412,False
76,task_0077,1_020,2,78,task_0079,1_020,0.7573885917663574,True
76,task_0077,1_020,3,336,task_0337,2_038,0.7544850707054138,False
76,task_0077,1_020,4,342,task_0343,2_039,0.7386464476585388,False
76,task_0077,1_020,5,340,task_0341,2_039,0.734174907207489,False
76,task_0077,1_020,6,82,task_0083,1_021,0.7264843583106995,False
76,task_0077,1_020,7,338,task_0339,2_038,0.7224961519241333,False
76,task_0077,1_020,8,152,task_0153,1_039,0.6780822277069092,False
76,task_0077,1_020,9,603,task_0604,4_010,0.6685469746589661,False
76,task_0077,1_020,10,155,task_0156,1_039,0.6652718186378479,False
77,task_0078,1_020,1,55,task_0056,1_014,0.7070221900939941,False
77,task_0078,1_020,2,174,task_0175,1_044,0.6993131637573242,False
77,task_0078,1_020,3,21,task_0022,1_006,0.6981017589569092,False
77,task_0078,1_020,4,81,task_0082,1_021,0.6976490020751953,False
77,task_0078,1_020,5,53,task_0054,1_014,0.6968520283699036,False
77,task_0078,1_020,6,156,task_0157,1_040,0.6887018084526062,False
77,task_0078,1_020,7,20,task_0021,1_006,0.6865306496620178,False
77,task_0078,1_020,8,130,task_0131,1_033,0.671245276927948,False
77,task_0078,1_020,9,6,task_0007,1_002,0.6703479886054993,False
77,task_0078,1_020,10,17,task_0018,1_005,0.6679961085319519,False
78,task_0079,1_020,1,82,task_0083,1_021,0.8596420884132385,False
78,task_0079,1_020,2,76,task_0077,1_020,0.7573885917663574,True
78,task_0079,1_020,3,336,task_0337,2_038,0.7419847249984741,False
78,task_0079,1_020,4,80,task_0081,1_021,0.7206263542175293,False
78,task_0079,1_020,5,340,task_0341,2_039,0.7024480700492859,False
78,task_0079,1_020,6,129,task_0130,1_033,0.7018629908561707,False
78,task_0079,1_020,7,342,task_0343,2_039,0.7013106346130371,False
78,task_0079,1_020,8,603,task_0604,4_010,0.6965281963348389,False
78,task_0079,1_020,9,131,task_0132,1_033,0.6769755482673645,False
78,task_0079,1_020,10,135,task_0136,1_034,0.6642354726791382,False
79,task_0080,1_020,1,83,task_0084,1_021,0.9113526344299316,False
79,task_0080,1_020,2,61,task_0062,1_016,0.7841252088546753,False
79,task_0080,1_020,3,81,task_0082,1_021,0.7734755873680115,False
79,task_0080,1_020,4,20,task_0021,1_006,0.7617462277412415,False
79,task_0080,1_020,5,130,task_0131,1_033,0.7201462984085083,False
79,task_0080,1_020,6,156,task_0157,1_040,0.7153502106666565,False
79,task_0080,1_020,7,53,task_0054,1_014,0.7122296094894409,False
79,task_0080,1_020,8,19,task_0020,1_005,0.7104665040969849,False
79,task_0080,1_020,9,158,task_0159,1_040,0.7063602805137634,False
79,task_0080,1_020,10,17,task_0018,1_005,0.7014525532722473,False
80,task_0081,1_021,1,76,task_0077,1_020,0.9080104231834412,False
80,task_0081,1_021,2,78,task_0079,1_020,0.7206263542175293,False
80,task_0081,1_021,3,338,task_0339,2_038,0.7202543616294861,False
80,task_0081,1_021,4,336,task_0337,2_038,0.7086445093154907,False
80,task_0081,1_021,5,603,task_0604,4_010,0.7031760215759277,False
80,task_0081,1_021,6,82,task_0083,1_021,0.7010371685028076,True
80,task_0081,1_021,7,342,task_0343,2_039,0.693989098072052,False
80,task_0081,1_021,8,155,task_0156,1_039,0.6825177073478699,False
80,task_0081,1_021,9,340,task_0341,2_039,0.6747633814811707,False
80,task_0081,1_021,10,152,task_0153,1_039,0.6590796709060669,False
81,task_0082,1_021,1,19,task_0020,1_005,0.839984655380249,False
81,task_0082,1_021,2,65,task_0066,1_017,0.8299810886383057,False
81,task_0082,1_021,3,17,task_0018,1_005,0.8257143497467041,False
81,task_0082,1_021,4,21,task_0022,1_006,0.8251957893371582,False
81,task_0082,1_021,5,63,task_0064,1_016,0.8163198828697205,False
81,task_0082,1_021,6,23,task_0024,1_006,0.8117467164993286,False
81,task_0082,1_021,7,54,task_0055,1_014,0.7971933484077454,False
81,task_0082,1_021,8,20,task_0021,1_006,0.7769345641136169,False
81,task_0082,1_021,9,79,task_0080,1_020,0.7734755873680115,False
81,task_0082,1_021,10,158,task_0159,1_040,0.7604209780693054,False
82,task_0083,1_021,1,78,task_0079,1_020,0.8596420884132385,False
82,task_0083,1_021,2,336,task_0337,2_038,0.7710209488868713,False
82,task_0083,1_021,3,340,task_0341,2_039,0.7528447508811951,False
82,task_0083,1_021,4,129,task_0130,1_033,0.7328885197639465,False
82,task_0083,1_021,5,342,task_0343,2_039,0.7313679456710815,False
82,task_0083,1_021,6,76,task_0077,1_020,0.7264843583106995,False
82,task_0083,1_021,7,80,task_0081,1_021,0.7010371685028076,True
82,task_0083,1_021,8,603,task_0604,4_010,0.6829394698143005,False
82,task_0083,1_021,9,99,task_0100,1_025,0.6714673638343811,False
82,task_0083,1_021,10,229,task_0230,2_011,0.6707915663719177,False
83,task_0084,1_021,1,79,task_0080,1_020,0.9113526344299316,False
83,task_0084,1_021,2,61,task_0062,1_016,0.7494451999664307,False
83,task_0084,1_021,3,118,task_0119,1_030,0.748619019985199,False
83,task_0084,1_021,4,112,task_0113,1_029,0.7389360070228577,False
83,task_0084,1_021,5,114,task_0115,1_029,0.735666811466217,False
83,task_0084,1_021,6,81,task_0082,1_021,0.727127194404602,True
83,task_0084,1_021,7,116,task_0117,1_030,0.7186874151229858,False
83,task_0084,1_021,8,70,task_0071,1_018,0.7091095447540283,False
83,task_0084,1_021,9,20,task_0021,1_006,0.705379068851471,False
83,task_0084,1_021,10,130,task_0131,1_033,0.7037426829338074,False
84,task_0085,1_022,1,86,task_0087,1_022,0.8496807217597961,True
84,task_0085,1_022,2,87,task_0088,1_022,0.7751256823539734,True
84,task_0085,1_022,3,177,task_0178,1_045,0.7318987250328064,False
84,task_0085,1_022,4,70,task_0071,1_018,0.7222334742546082,False
84,task_0085,1_022,5,98,task_0099,1_025,0.7180901169776917,False
84,task_0085,1_022,6,139,task_0140,1_035,0.7146732211112976,False
84,task_0085,1_022,7,94,task_0095,1_024,0.71051424741745,False
84,task_0085,1_022,8,170,task_0171,1_043,0.6927284002304077,False
84,task_0085,1_022,9,109,task_0110,1_028,0.6905944347381592,False
84,task_0085,1_022,10,74,task_0075,1_019,0.6883640289306641,False
85,task_0086,1_022,1,40,task_0041,1_011,0.7850426435470581,False
85,task_0086,1_022,2,186,task_0187,1_047,0.7730746865272522,False
85,task_0086,1_022,3,42,task_0043,1_011,0.7631037831306458,False
85,task_0086,1_022,4,6,task_0007,1_002,0.7623414397239685,False
85,task_0086,1_022,5,55,task_0056,1_014,0.754913330078125,False
85,task_0086,1_022,6,53,task_0054,1_014,0.7542813420295715,False
85,task_0086,1_022,7,70,task_0071,1_018,0.7517459392547607,False
85,task_0086,1_022,8,156,task_0157,1_040,0.748497724533081,False
85,task_0086,1_022,9,446,task_0447,3_025,0.7481167912483215,False
85,task_0086,1_022,10,117,task_0118,1_030,0.7480725646018982,False
86,task_0087,1_022,1,84,task_0085,1_022,0.8496807217597961,True
86,task_0087,1_022,2,177,task_0178,1_045,0.7607183456420898,False
86,task_0087,1_022,3,7,task_0008,1_002,0.739332377910614,False
86,task_0087,1_022,4,139,task_0140,1_035,0.7389616966247559,False
86,task_0087,1_022,5,136,task_0137,1_035,0.7358047366142273,False
86,task_0087,1_022,6,87,task_0088,1_022,0.7349057197570801,True
86,task_0087,1_022,7,70,task_0071,1_018,0.7306746244430542,False
86,task_0087,1_022,8,148,task_0149,1_038,0.7257006168365479,False
86,task_0087,1_022,9,74,task_0075,1_019,0.7221958637237549,False
86,task_0087,1_022,10,26,task_0027,1_007,0.7181157469749451,False
87,task_0088,1_022,1,84,task_0085,1_022,0.7751256823539734,True
87,task_0088,1_022,2,128,task_0129,1_033,0.7674553394317627,False
87,task_0088,1_022,3,86,task_0087,1_022,0.7349057197570801,True
87,task_0088,1_022,4,43,task_0044,1_011,0.7286737561225891,False
87,task_0088,1_022,5,122,task_0123,1_031,0.7252071499824524,False
87,task_0088,1_022,6,446,task_0447,3_025,0.7188239693641663,False
87,task_0088,1_022,7,85,task_0086,1_022,0.7174067497253418,True
87,task_0088,1_022,8,151,task_0152,1_038,0.7119333148002625,False
87,task_0088,1_022,9,66,task_0067,1_017,0.7068124413490295,False
87,task_0088,1_022,10,179,task_0180,1_045,0.706149160861969,False
88,task_0089,1_023,1,89,task_0090,1_023,0.8057048320770264,True
88,task_0089,1_023,2,90,task_0091,1_023,0.756816029548645,True
88,task_0089,1_023,3,91,task_0092,1_023,0.7418708801269531,True
88,task_0089,1_023,4,40,task_0041,1_011,0.6670851707458496,False
88,task_0089,1_023,5,64,task_0065,1_017,0.6626591682434082,False
88,task_0089,1_023,6,42,task_0043,1_011,0.6579124927520752,False
88,task_0089,1_023,7,28,task_0029,1_008,0.6410931944847107,False
88,task_0089,1_023,8,66,task_0067,1_017,0.6356173753738403,False
88,task_0089,1_023,9,13,task_0014,1_004,0.6309003233909607,False
88,task_0089,1_023,10,9,task_0010,1_003,0.630601704120636,False
89,task_0090,1_023,1,91,task_0092,1_023,0.8988245129585266,True
89,task_0090,1_023,2,88,task_0089,1_023,0.8057048320770264,True
89,task_0090,1_023,3,11,task_0012,1_003,0.7480989694595337,False
89,task_0090,1_023,4,9,task_0010,1_003,0.726813554763794,False
89,task_0090,1_023,5,90,task_0091,1_023,0.7190403938293457,True
89,task_0090,1_023,6,28,task_0029,1_008,0.6733409762382507,False
89,task_0090,1_023,7,40,task_0041,1_011,0.6491942405700684,False
89,task_0090,1_023,8,42,task_0043,1_011,0.6270347237586975,False
89,task_0090,1_023,9,146,task_0147,1_037,0.6136232018470764,False
89,task_0090,1_023,10,13,task_0014,1_004,0.6132264733314514,False
90,task_0091,1_023,1,91,task_0092,1_023,0.7612237930297852,True
90,task_0091,1_023,2,88,task_0089,1_023,0.756816029548645,True
90,task_0091,1_023,3,89,task_0090,1_023,0.7190403938293457,True
90,task_0091,1_023,4,30,task_0031,1_008,0.6890130043029785,False
90,task_0091,1_023,5,44,task_0045,1_012,0.672088623046875,False
90,task_0091,1_023,6,150,task_0151,1_038,0.6701803207397461,False
90,task_0091,1_023,7,13,task_0014,1_004,0.6520769596099854,False
90,task_0091,1_023,8,182,task_0183,1_046,0.6456543207168579,False
90,task_0091,1_023,9,63,task_0064,1_016,0.6426100134849548,False
90,task_0091,1_023,10,316,task_0317,2_033,0.642246425151825,False
91,task_0092,1_023,1,89,task_0090,1_023,0.8988245129585266,True
91,task_0092,1_023,2,90,task_0091,1_023,0.7612237930297852,True
91,task_0092,1_023,3,9,task_0010,1_003,0.7555906772613525,False
91,task_0092,1_023,4,11,task_0012,1_003,0.7448704838752747,False
91,task_0092,1_023,5,88,task_0089,1_023,0.7418708801269531,True
91,task_0092,1_023,6,126,task_0127,1_032,0.6414198279380798,False
91,task_0092,1_023,7,40,task_0041,1_011,0.6397692561149597,False
91,task_0092,1_023,8,28,task_0029,1_008,0.6355935335159302,False
91,task_0092,1_023,9,42,task_0043,1_011,0.6314526200294495,False
91,task_0092,1_023,10,13,task_0014,1_004,0.631273090839386,False
92,task_0093,1_024,1,96,task_0097,1_025,0.9034788608551025,False
92,task_0093,1_024,2,150,task_0151,1_038,0.8432834148406982,False
92,task_0093,1_024,3,149,task_0150,1_038,0.8226394653320312,False
92,task_0093,1_024,4,141,task_0142,1_036,0.8122391700744629,False
92,task_0093,1_024,5,148,task_0149,1_038,0.7352156639099121,False
92,task_0093,1_024,6,140,task_0141,1_036,0.7108738422393799,False
92,task_0093,1_024,7,26,task_0027,1_007,0.703441321849823,False
92,task_0093,1_024,8,184,task_0185,1_047,0.7011159062385559,False
92,task_0093,1_024,9,142,task_0143,1_036,0.698611855506897,False
92,task_0093,1_024,10,51,task_0052,1_013,0.6981714963912964,False
93,task_0094,1_024,1,97,task_0098,1_025,0.7457835674285889,False
93,task_0094,1_024,2,99,task_0100,1_025,0.7387949228286743,False
93,task_0094,1_024,3,342,task_0343,2_039,0.6503815650939941,False
93,task_0094,1_024,4,336,task_0337,2_038,0.6385295391082764,False
93,task_0094,1_024,5,263,task_0264,2_019,0.6365525722503662,False
93,task_0094,1_024,6,194,task_0195,2_002,0.6294436454772949,False
93,task_0094,1_024,7,340,task_0341,2_039,0.6232049465179443,False
93,task_0094,1_024,8,82,task_0083,1_021,0.6213260293006897,False
93,task_0094,1_024,9,338,task_0339,2_038,0.6149721741676331,False
93,task_0094,1_024,10,192,task_0193,2_002,0.6099914312362671,False
94,task_0095,1_024,1,98,task_0099,1_025,0.9737821221351624,False
94,task_0095,1_024,2,139,task_0140,1_035,0.7431495785713196,False
94,task_0095,1_024,3,137,task_0138,1_035,0.7330554723739624,False
94,task_0095,1_024,4,70,task_0071,1_018,0.7299513816833496,False
94,task_0095,1_024,5,173,task_0174,1_044,0.7264700531959534,False
94,task_0095,1_024,6,109,task_0110,1_028,0.7252160310745239,False
94,task_0095,1_024,7,149,task_0150,1_038,0.7239603400230408,False
94,task_0095,1_024,8,26,task_0027,1_007,0.7160807847976685,False
94,task_0095,1_024,9,185,task_0186,1_047,0.7105939388275146,False
94,task_0095,1_024,10,84,task_0085,1_022,0.71051424741745,False
95,task_0096,1_024,1,152,task_0153,1_039,0.7166738510131836,False
95,task_0096,1_024,2,99,task_0100,1_025,0.7157405614852905,False
95,task_0096,1_024,3,97,task_0098,1_025,0.6972002983093262,False
95,task_0096,1_024,4,154,task_0155,1_039,0.6823362708091736,False
95,task_0096,1_024,5,155,task_0156,1_039,0.6669175028800964,False
95,task_0096,1_024,6,338,task_0339,2_038,0.6589065194129944,False
95,task_0096,1_024,7,153,task_0154,1_039,0.6524472832679749,False
95,task_0096,1_024,8,260,task_0261,2_019,0.6497763395309448,False
95,task_0096,1_024,9,239,task_0240,2_013,0.6485291123390198,False
95,task_0096,1_024,10,262,task_0263,2_019,0.6476133465766907,False
96,task_0097,1_025,1,92,task_0093,1_024,0.9034788608551025,False
96,task_0097,1_025,2,149,task_0150,1_038,0.8510953783988953,False
96,task_0097,1_025,3,141,task_0142,1_036,0.8423212766647339,False
96,task_0097,1_025,4,150,task_0151,1_038,0.821268618106842,False
96,task_0097,1_025,5,51,task_0052,1_013,0.7689988613128662,False
96,task_0097,1_025,6,70,task_0071,1_018,0.7623928189277649,False
96,task_0097,1_025,7,148,task_0149,1_038,0.7619109153747559,False
96,task_0097,1_025,8,185,task_0186,1_047,0.7530369162559509,False
96,task_0097,1_025,9,26,task_0027,1_007,0.7518931031227112,False
96,task_0097,1_025,10,24,task_0025,1_007,0.7414883971214294,False
97,task_0098,1_025,1,93,task_0094,1_024,0.7457835674285889,False
97,task_0098,1_025,2,95,task_0096,1_024,0.6972002983093262,False
97,task_0098,1_025,3,152,task_0153,1_039,0.6583904027938843,False
97,task_0098,1_025,4,307,task_0308,2_030,0.6243667602539062,False
97,task_0098,1_025,5,99,task_0100,1_025,0.624077558517456,True
97,task_0098,1_025,6,338,task_0339,2_038,0.6152730584144592,False
97,task_0098,1_025,7,316,task_0317,2_033,0.6086808443069458,False
97,task_0098,1_025,8,336,task_0337,2_038,0.6051269173622131,False
97,task_0098,1_025,9,56,task_0057,1_015,0.6042501926422119,False
97,task_0098,1_025,10,600,task_0601,4_010,0.6004786491394043,False
98,task_0099,1_025,1,94,task_0095,1_024,0.9737821221351624,False
98,task_0099,1_025,2,139,task_0140,1_035,0.7495984435081482,False
98,task_0099,1_025,3,70,task_0071,1_018,0.7425312399864197,False
98,task_0099,1_025,4,26,task_0027,1_007,0.7393805980682373,False
98,task_0099,1_025,5,109,task_0110,1_028,0.7387815713882446,False
98,task_0099,1_025,6,137,task_0138,1_035,0.7365759611129761,False
98,task_0099,1_025,7,149,task_0150,1_038,0.7339508533477783,False
98,task_0099,1_025,8,173,task_0174,1_044,0.7223964333534241,False
98,task_0099,1_025,9,96,task_0097,1_025,0.7214074730873108,True
98,task_0099,1_025,10,84,task_0085,1_022,0.7180901169776917,False
99,task_0100,1_025,1,93,task_0094,1_024,0.7387949228286743,False
99,task_0100,1_025,2,95,task_0096,1_024,0.7157405614852905,False
99,task_0100,1_025,3,603,task_0604,4_010,0.7106223106384277,False
99,task_0100,1_025,4,82,task_0083,1_021,0.6714673638343811,False
99,task_0100,1_025,5,342,task_0343,2_039,0.6633356809616089,False
99,task_0100,1_025,6,103,task_0104,1_026,0.6618441939353943,False
99,task_0100,1_025,7,107,task_0108,1_027,0.6560685038566589,False
99,task_0100,1_025,8,101,task_0102,1_026,0.6541379690170288,False
99,task_0100,1_025,9,262,task_0263,2_019,0.6520216464996338,False
99,task_0100,1_025,10,260,task_0261,2_019,0.6459845304489136,False
100,task_0101,1_026,1,104,task_0105,1_027,0.9042983055114746,False
100,task_0101,1_026,2,157,task_0158,1_040,0.7788004875183105,False
100,task_0101,1_026,3,36,task_0037,1_010,0.7555780410766602,False
100,task_0101,1_026,4,159,task_0160,1_040,0.7483400702476501,False
100,task_0101,1_026,5,111,task_0112,1_028,0.7323892116546631,False
100,task_0101,1_026,6,39,task_0040,1_010,0.7231658697128296,False
100,task_0101,1_026,7,109,task_0110,1_028,0.7206822633743286,False
100,task_0101,1_026,8,158,task_0159,1_040,0.7170925736427307,False
100,task_0101,1_026,9,182,task_0183,1_046,0.7164902091026306,False
100,task_0101,1_026,10,17,task_0018,1_005,0.709720253944397,False
101,task_0102,1_026,1,105,task_0106,1_027,0.966184139251709,False
101,task_0102,1_026,2,107,task_0108,1_027,0.9591328501701355,False
101,task_0102,1_026,3,103,task_0104,1_026,0.9206677675247192,True
101,task_0102,1_026,4,71,task_0072,1_018,0.7571841478347778,False
101,task_0102,1_026,5,333,task_0334,2_037,0.7204318642616272,False
101,task_0102,1_026,6,73,task_0074,1_019,0.704841136932373,False
101,task_0102,1_026,7,230,task_0231,2_011,0.6933244466781616,False
101,task_0102,1_026,8,69,task_0070,1_018,0.6908124685287476,False
101,task_0102,1_026,9,123,task_0124,1_031,0.689808189868927,False
101,task_0102,1_026,10,231,task_0232,2_011,0.6872734427452087,False
102,task_0103,1_026,1,106,task_0107,1_027,0.862188458442688,False
102,task_0103,1_026,2,181,task_0182,1_046,0.7967246770858765,False
102,task_0103,1_026,3,158,task_0159,1_040,0.7762229442596436,False
102,task_0103,1_026,4,53,task_0054,1_014,0.7725833654403687,False
102,task_0103,1_026,5,6,task_0007,1_002,0.7639371752738953,False
102,task_0103,1_026,6,156,task_0157,1_040,0.7594315409660339,False
102,task_0103,1_026,7,13,task_0014,1_004,0.758954644203186,False
102,task_0103,1_026,8,70,task_0071,1_018,0.757995069026947,False
102,task_0103,1_026,9,55,task_0056,1_014,0.7436548471450806,False
102,task_0103,1_026,10,15,task_0016,1_004,0.7403203248977661,False
103,task_0104,1_026,1,101,task_0102,1_026,0.9206677675247192,True
103,task_0104,1_026,2,105,task_0106,1_027,0.9102545976638794,False
103,task_0104,1_026,3,107,task_0108,1_027,0.9097330570220947,False
103,task_0104,1_026,4,71,task_0072,1_018,0.7360663414001465,False
103,task_0104,1_026,5,333,task_0334,2_037,0.7241455912590027,False
103,task_0104,1_026,6,123,task_0124,1_031,0.7214351892471313,False
103,task_0104,1_026,7,230,task_0231,2_011,0.7199312448501587,False
103,task_0104,1_026,8,229,task_0230,2_011,0.7190660238265991,False
103,task_0104,1_026,9,231,task_0232,2_011,0.7190157175064087,False
103,task_0104,1_026,10,73,task_0074,1_019,0.7036892771720886,False
104,task_0105,1_027,1,100,task_0101,1_026,0.9042983055114746,False
104,task_0105,1_027,2,157,task_0158,1_040,0.82011479139328,False
104,task_0105,1_027,3,158,task_0159,1_040,0.7595964670181274,False
104,task_0105,1_027,4,36,task_0037,1_010,0.7404509782791138,False
104,task_0105,1_027,5,109,task_0110,1_028,0.7402534484863281,False
104,task_0105,1_027,6,159,task_0160,1_040,0.7399174571037292,False
104,task_0105,1_027,7,4,task_0005,1_002,0.7313524484634399,False
104,task_0105,1_027,8,156,task_0157,1_040,0.7288239002227783,False
104,task_0105,1_027,9,38,task_0039,1_010,0.7275472283363342,False
104,task_0105,1_027,10,7,task_0008,1_002,0.719603419303894,False
105,task_0106,1_027,1,101,task_0102,1_026,0.966184139251709,False
105,task_0106,1_027,2,107,task_0108,1_027,0.9638365507125854,True
105,task_0106,1_027,3,103,task_0104,1_026,0.9102545976638794,False
105,task_0106,1_027,4,71,task_0072,1_018,0.7364091277122498,False
105,task_0106,1_027,5,333,task_0334,2_037,0.7105943560600281,False
105,task_0106,1_027,6,73,task_0074,1_019,0.6924673914909363,False
105,task_0106,1_027,7,69,task_0070,1_018,0.6832982897758484,False
105,task_0106,1_027,8,230,task_0231,2_011,0.6759337782859802,False
105,task_0106,1_027,9,123,task_0124,1_031,0.6736289858818054,False
105,task_0106,1_027,10,288,task_0289,2_026,0.6647994518280029,False
106,task_0107,1_027,1,102,task_0103,1_026,0.862188458442688,False
106,task_0107,1_027,2,53,task_0054,1_014,0.8136705160140991,False
106,task_0107,1_027,3,181,task_0182,1_046,0.8122904300689697,False
106,task_0107,1_027,4,55,task_0056,1_014,0.8065435290336609,False
106,task_0107,1_027,5,158,task_0159,1_040,0.8018520474433899,False
106,task_0107,1_027,6,6,task_0007,1_002,0.7945454716682434,False
106,task_0107,1_027,7,134,task_0135,1_034,0.7826000452041626,False
106,task_0107,1_027,8,156,task_0157,1_040,0.7743101716041565,False
106,task_0107,1_027,9,70,task_0071,1_018,0.7716391086578369,False
106,task_0107,1_027,10,186,task_0187,1_047,0.7572045922279358,False
107,task_0108,1_027,1,105,task_0106,1_027,0.9638365507125854,True
107,task_0108,1_027,2,101,task_0102,1_026,0.9591328501701355,False
107,task_0108,1_027,3,103,task_0104,1_026,0.9097330570220947,False
107,task_0108,1_027,4,71,task_0072,1_018,0.7321401834487915,False
107,task_0108,1_027,5,333,task_0334,2_037,0.704934298992157,False
107,task_0108,1_027,6,230,task_0231,2_011,0.6985594630241394,False
107,task_0108,1_027,7,231,task_0232,2_011,0.6922414898872375,False
107,task_0108,1_027,8,123,task_0124,1_031,0.6828134059906006,False
107,task_0108,1_027,9,73,task_0074,1_019,0.6779411435127258,False
107,task_0108,1_027,10,153,task_0154,1_039,0.6733006834983826,False
108,task_0109,1_028,1,122,task_0123,1_031,0.767960786819458,False
108,task_0109,1_028,2,127,task_0128,1_032,0.7314450740814209,False
108,task_0109,1_028,3,110,task_0111,1_028,0.7292428612709045,True
108,task_0109,1_028,4,123,task_0124,1_031,0.7175242900848389,False
108,task_0109,1_028,5,38,task_0039,1_010,0.7172315120697021,False
108,task_0109,1_028,6,126,task_0127,1_032,0.7150464653968811,False
108,task_0109,1_028,7,120,task_0121,1_031,0.7130768895149231,False
108,task_0109,1_028,8,177,task_0178,1_045,0.7088606357574463,False
108,task_0109,1_028,9,156,task_0157,1_040,0.7070164680480957,False
108,task_0109,1_028,10,5,task_0006,1_002,0.7029304504394531,False
109,task_0110,1_028,1,111,task_0112,1_028,0.898239254951477,True
109,task_0110,1_028,2,157,task_0158,1_040,0.8269690275192261,False
109,task_0110,1_028,3,74,task_0075,1_019,0.8072349429130554,False
109,task_0110,1_028,4,139,task_0140,1_035,0.7925021052360535,False
109,task_0110,1_028,5,137,task_0138,1_035,0.7852365970611572,False
109,task_0110,1_028,6,70,task_0071,1_018,0.7827313542366028,False
109,task_0110,1_028,7,112,task_0113,1_029,0.778201699256897,False
109,task_0110,1_028,8,159,task_0160,1_040,0.774120569229126,False
109,task_0110,1_028,9,116,task_0117,1_030,0.7709634304046631,False
109,task_0110,1_028,10,156,task_0157,1_040,0.7593405842781067,False
110,task_0111,1_028,1,120,task_0121,1_031,0.7403119802474976,False
110,task_0111,1_028,2,108,task_0109,1_028,0.7292428612709045,True
110,task_0111,1_028,3,122,task_0123,1_031,0.7144396305084229,False
110,task_0111,1_028,4,177,task_0178,1_045,0.7123790979385376,False
110,task_0111,1_028,5,179,task_0180,1_045,0.7040640711784363,False
110,task_0111,1_028,6,126,task_0127,1_032,0.6948553919792175,False
110,task_0111,1_028,7,148,task_0149,1_038,0.6927474141120911,False
110,task_0111,1_028,8,38,task_0039,1_010,0.6914918422698975,False
110,task_0111,1_028,9,109,task_0110,1_028,0.6805672645568848,True
110,task_0111,1_028,10,178,task_0179,1_045,0.678787350654602,False
111,task_0112,1_028,1,109,task_0110,1_028,0.898239254951477,True
111,task_0112,1_028,2,157,task_0158,1_040,0.7647990584373474,False
111,task_0112,1_028,3,139,task_0140,1_035,0.7501338124275208,False
111,task_0112,1_028,4,74,task_0075,1_019,0.7477713227272034,False
111,task_0112,1_028,5,100,task_0101,1_026,0.7323892116546631,False
111,task_0112,1_028,6,137,task_0138,1_035,0.728326678276062,False
111,task_0112,1_028,7,70,task_0071,1_018,0.7203590869903564,False
111,task_0112,1_028,8,148,task_0149,1_038,0.7185831665992737,False
111,task_0112,1_028,9,104,task_0105,1_027,0.716983437538147,False
111,task_0112,1_028,10,149,task_0150,1_038,0.7149836421012878,False
112,task_0113,1_029,1,114,task_0115,1_029,0.9744903445243835,True
112,task_0113,1_029,2,118,task_0119,1_030,0.9612581729888916,False
112,task_0113,1_029,3,116,task_0117,1_030,0.9599257707595825,False
112,task_0113,1_029,4,70,task_0071,1_018,0.8171073198318481,False
112,task_0113,1_029,5,137,task_0138,1_035,0.799094557762146,False
112,task_0113,1_029,6,40,task_0041,1_011,0.7922958135604858,False
112,task_0113,1_029,7,130,task_0131,1_033,0.7889525294303894,False
112,task_0113,1_029,8,27,task_0028,1_007,0.787165105342865,False
112,task_0113,1_029,9,25,task_0026,1_007,0.7862212657928467,False
112,task_0113,1_029,10,186,task_0187,1_047,0.7817842960357666,False
113,task_0114,1_029,1,115,task_0116,1_029,0.849172830581665,True
113,task_0114,1_029,2,20,task_0021,1_006,0.7591167688369751,False
113,task_0114,1_029,3,22,task_0023,1_006,0.7576611638069153,False
113,task_0114,1_029,4,117,task_0118,1_030,0.7503650188446045,False
113,task_0114,1_029,5,72,task_0073,1_019,0.7459976077079773,False
113,task_0114,1_029,6,122,task_0123,1_031,0.7439897060394287,False
113,task_0114,1_029,7,128,task_0129,1_033,0.7398167252540588,False
113,task_0114,1_029,8,68,task_0069,1_018,0.7346039414405823,False
113,task_0114,1_029,9,139,task_0140,1_035,0.7290282845497131,False
113,task_0114,1_029,10,26,task_0027,1_007,0.7178359031677246,False
114,task_0115,1_029,1,118,task_0119,1_030,0.9852933883666992,False
114,task_0115,1_029,2,112,task_0113,1_029,0.9744903445243835,True
114,task_0115,1_029,3,116,task_0117,1_030,0.9681008458137512,False
114,task_0115,1_029,4,70,task_0071,1_018,0.7926335334777832,False
114,task_0115,1_029,5,40,task_0041,1_011,0.7904611825942993,False
114,task_0115,1_029,6,137,task_0138,1_035,0.7795200347900391,False
114,task_0115,1_029,7,27,task_0028,1_007,0.7779728770256042,False
114,task_0115,1_029,8,25,task_0026,1_007,0.7752711772918701,False
114,task_0115,1_029,9,186,task_0187,1_047,0.7657083868980408,False
114,task_0115,1_029,10,139,task_0140,1_035,0.7608481645584106,False
115,task_0116,1_029,1,113,task_0114,1_029,0.849172830581665,True
115,task_0116,1_029,2,68,task_0069,1_018,0.7681812047958374,False
115,task_0116,1_029,3,72,task_0073,1_019,0.761023223400116,False
115,task_0116,1_029,4,74,task_0075,1_019,0.7369420528411865,False
115,task_0116,1_029,5,139,task_0140,1_035,0.7364425659179688,False
115,task_0116,1_029,6,4,task_0005,1_002,0.7323951721191406,False
115,task_0116,1_029,7,177,task_0178,1_045,0.723730742931366,False
115,task_0116,1_029,8,5,task_0006,1_002,0.7146816253662109,False
115,task_0116,1_029,9,24,task_0025,1_007,0.7049300074577332,False
115,task_0116,1_029,10,166,task_0167,1_042,0.7037554383277893,False
116,task_0117,1_030,1,118,task_0119,1_030,0.9723761081695557,True
116,task_0117,1_030,2,114,task_0115,1_029,0.9681008458137512,False
116,task_0117,1_030,3,112,task_0113,1_029,0.9599257707595825,False
116,task_0117,1_030,4,70,task_0071,1_018,0.8085429072380066,False
116,task_0117,1_030,5,40,task_0041,1_011,0.7876708507537842,False
116,task_0117,1_030,6,137,task_0138,1_035,0.785629153251648,False
116,task_0117,1_030,7,186,task_0187,1_047,0.7759241461753845,False
116,task_0117,1_030,8,109,task_0110,1_028,0.7709634304046631,False
116,task_0117,1_030,9,139,task_0140,1_035,0.7690578103065491,False
116,task_0117,1_030,10,130,task_0131,1_033,0.7685137987136841,False
117,task_0118,1_030,1,113,task_0114,1_029,0.7503650188446045,False
117,task_0118,1_030,2,181,task_0182,1_046,0.7482612133026123,False
117,task_0118,1_030,3,85,task_0086,1_022,0.7480725646018982,False
117,task_0118,1_030,4,42,task_0043,1_011,0.7469117641448975,False
117,task_0118,1_030,5,134,task_0135,1_034,0.7466813921928406,False
117,task_0118,1_030,6,186,task_0187,1_047,0.7399336099624634,False
117,task_0118,1_030,7,128,task_0129,1_033,0.7387307286262512,False
117,task_0118,1_030,8,15,task_0016,1_004,0.734890878200531,False
117,task_0118,1_030,9,13,task_0014,1_004,0.7245853543281555,False
117,task_0118,1_030,10,6,task_0007,1_002,0.7231278419494629,False
118,task_0119,1_030,1,114,task_0115,1_029,0.9852933883666992,False
118,task_0119,1_030,2,116,task_0117,1_030,0.9723761081695557,True
118,task_0119,1_030,3,112,task_0113,1_029,0.9612581729888916,False
118,task_0119,1_030,4,70,task_0071,1_018,0.790166974067688,False
118,task_0119,1_030,5,40,task_0041,1_011,0.7802441120147705,False
118,task_0119,1_030,6,137,task_0138,1_035,0.7787152528762817,False
118,task_0119,1_030,7,186,task_0187,1_047,0.7642214298248291,False
118,task_0119,1_030,8,27,task_0028,1_007,0.7633909583091736,False
118,task_0119,1_030,9,139,task_0140,1_035,0.759131908416748,False
118,task_0119,1_030,10,25,task_0026,1_007,0.7587521076202393,False
119,task_0120,1_030,1,132,task_0133,1_034,0.6523690819740295,False
119,task_0120,1_030,2,141,task_0142,1_036,0.6279780268669128,False
119,task_0120,1_030,3,127,task_0128,1_032,0.6136354804039001,False
119,task_0120,1_030,4,177,task_0178,1_045,0.6090213656425476,False
119,task_0120,1_030,5,180,task_0181,1_046,0.598981499671936,False
119,task_0120,1_030,6,123,task_0124,1_031,0.5933124423027039,False
119,task_0120,1_030,7,343,task_0344,2_039,0.5890491604804993,False
119,task_0120,1_030,8,178,task_0179,1_045,0.5819030404090881,False
119,task_0120,1_030,9,108,task_0109,1_028,0.57781982421875,False
119,task_0120,1_030,10,18,task_0019,1_005,0.5765177607536316,False
120,task_0121,1_031,1,122,task_0123,1_031,0.8950140476226807,True
120,task_0121,1_031,2,125,task_0126,1_032,0.795664370059967,False
120,task_0121,1_031,3,127,task_0128,1_032,0.777387797832489,False
120,task_0121,1_031,4,174,task_0175,1_044,0.7625350952148438,False
120,task_0121,1_031,5,172,task_0173,1_044,0.7591144442558289,False
120,task_0121,1_031,6,34,task_0035,1_009,0.7523485422134399,False
120,task_0121,1_031,7,110,task_0111,1_028,0.7403119802474976,False
120,task_0121,1_031,8,47,task_0048,1_012,0.7369179725646973,False
120,task_0121,1_031,9,126,task_0127,1_032,0.7357783317565918,False
120,task_0121,1_031,10,108,task_0109,1_028,0.7130768895149231,False
121,task_0122,1_031,1,170,task_0171,1_043,0.7707226276397705,False
121,task_0122,1_031,2,166,task_0167,1_042,0.7451014518737793,False
121,task_0122,1_031,3,141,task_0142,1_036,0.7022147178649902,False
121,task_0122,1_031,4,51,task_0052,1_013,0.6958937048912048,False
121,task_0122,1_031,5,38,task_0039,1_010,0.6946154236793518,False
121,task_0122,1_031,6,96,task_0097,1_025,0.6944584846496582,False
121,task_0122,1_031,7,50,task_0051,1_013,0.6933348774909973,False
121,task_0122,1_031,8,468,task_0469,3_031,0.689713180065155,False
121,task_0122,1_031,9,115,task_0116,1_029,0.6826626658439636,False
121,task_0122,1_031,10,149,task_0150,1_038,0.6824352741241455,False
122,task_0123,1_031,1,120,task_0121,1_031,0.8950140476226807,True
122,task_0123,1_031,2,172,task_0173,1_044,0.797394871711731,False
122,task_0123,1_031,3,47,task_0048,1_012,0.7846256494522095,False
122,task_0123,1_031,4,126,task_0127,1_032,0.7764685153961182,False
122,task_0123,1_031,5,45,task_0046,1_012,0.7759343981742859,False
122,task_0123,1_031,6,34,task_0035,1_009,0.7745432257652283,False
122,task_0123,1_031,7,125,task_0126,1_032,0.768797755241394,False
122,task_0123,1_031,8,108,task_0109,1_028,0.767960786819458,False
122,task_0123,1_031,9,446,task_0447,3_025,0.7622026801109314,False
122,task_0123,1_031,10,362,task_0363,3_004,0.7618143558502197,False
123,task_0124,1_031,1,69,task_0070,1_018,0.7633536458015442,False
123,task_0124,1_031,2,71,task_0072,1_018,0.7365942597389221,False
123,task_0124,1_031,3,291,task_0292,2_026,0.7296571135520935,False
123,task_0124,1_031,4,127,task_0128,1_032,0.7249387502670288,False
123,task_0124,1_031,5,103,task_0104,1_026,0.7214351892471313,False
123,task_0124,1_031,6,108,task_0109,1_028,0.7175242900848389,False
123,task_0124,1_031,7,122,task_0123,1_031,0.7171652317047119,True
123,task_0124,1_031,8,289,task_0290,2_026,0.7140547037124634,False
123,task_0124,1_031,9,288,task_0289,2_026,0.7133488059043884,False
123,task_0124,1_031,10,228,task_0229,2_011,0.7117970585823059,False
124,task_0125,1_032,1,176,task_0177,1_045,0.8218708038330078,False
124,task_0125,1_032,2,140,task_0141,1_036,0.7800549864768982,False
124,task_0125,1_032,3,126,task_0127,1_032,0.6957663297653198,True
124,task_0125,1_032,4,125,task_0126,1_032,0.6634083986282349,True
124,task_0125,1_032,5,179,task_0180,1_045,0.6587968468666077,False
124,task_0125,1_032,6,177,task_0178,1_045,0.649834156036377,False
124,task_0125,1_032,7,110,task_0111,1_028,0.6486368179321289,False
124,task_0125,1_032,8,148,task_0149,1_038,0.6449534893035889,False
124,task_0125,1_032,9,108,task_0109,1_028,0.6448026895523071,False
124,task_0125,1_032,10,122,task_0123,1_031,0.6439818143844604,False
125,task_0126,1_032,1,126,task_0127,1_032,0.824409008026123,True
125,task_0126,1_032,2,120,task_0121,1_031,0.795664370059967,False
125,task_0126,1_032,3,179,task_0180,1_045,0.7883495092391968,False
125,task_0126,1_032,4,136,task_0137,1_035,0.7847272753715515,False
125,task_0126,1_032,5,122,task_0123,1_031,0.768797755241394,False
125,task_0126,1_032,6,26,task_0027,1_007,0.7597733736038208,False
125,task_0126,1_032,7,127,task_0128,1_032,0.756256639957428,True
125,task_0126,1_032,8,174,task_0175,1_044,0.7481958270072937,False
125,task_0126,1_032,9,14,task_0015,1_004,0.7465224862098694,False
125,task_0126,1_032,10,12,task_0013,1_004,0.7455124855041504,False
126,task_0127,1_032,1,125,task_0126,1_032,0.824409008026123,True
126,task_0127,1_032,2,179,task_0180,1_045,0.7946153283119202,False
126,task_0127,1_032,3,122,task_0123,1_031,0.7764685153961182,False
126,task_0127,1_032,4,26,task_0027,1_007,0.7758644223213196,False
126,task_0127,1_032,5,136,task_0137,1_035,0.7714082598686218,False
126,task_0127,1_032,6,120,task_0121,1_031,0.7357783317565918,False
126,task_0127,1_032,7,24,task_0025,1_007,0.7324844598770142,False
126,task_0127,1_032,8,142,task_0143,1_036,0.7309995889663696,False
126,task_0127,1_032,9,42,task_0043,1_011,0.7308329939842224,False
126,task_0127,1_032,10,12,task_0013,1_004,0.7263025641441345,False
127,task_0128,1_032,1,120,task_0121,1_031,0.777387797832489,False
127,task_0128,1_032,2,125,task_0126,1_032,0.756256639957428,True
127,task_0128,1_032,3,122,task_0123,1_031,0.7404530048370361,False
127,task_0128,1_032,4,108,task_0109,1_028,0.7314450740814209,False
127,task_0128,1_032,5,123,task_0124,1_031,0.7249387502670288,False
127,task_0128,1_032,6,180,task_0181,1_046,0.6932681202888489,False
127,task_0128,1_032,7,85,task_0086,1_022,0.6925705075263977,False
127,task_0128,1_032,8,6,task_0007,1_002,0.6879416704177856,False
127,task_0128,1_032,9,185,task_0186,1_047,0.6868159174919128,False
127,task_0128,1_032,10,174,task_0175,1_044,0.6831064224243164,False
128,task_0129,1_033,1,20,task_0021,1_006,0.8142317533493042,False
128,task_0129,1_033,2,22,task_0023,1_006,0.8059825301170349,False
128,task_0129,1_033,3,446,task_0447,3_025,0.7897107601165771,False
128,task_0129,1_033,4,52,task_0053,1_014,0.7751904129981995,False
128,task_0129,1_033,5,442,task_0443,3_024,0.7733594179153442,False
128,task_0129,1_033,6,360,task_0361,3_004,0.7728843092918396,False
128,task_0129,1_033,7,87,task_0088,1_022,0.7674553394317627,False
128,task_0129,1_033,8,132,task_0133,1_034,0.759881854057312,False
128,task_0129,1_033,9,43,task_0044,1_011,0.757287323474884,False
128,task_0129,1_033,10,362,task_0363,3_004,0.743213951587677,False
129,task_0130,1_033,1,133,task_0134,1_034,0.8227526545524597,False
129,task_0130,1_033,2,135,task_0136,1_034,0.7964022159576416,False
129,task_0130,1_033,3,131,task_0132,1_033,0.7767395973205566,True
129,task_0130,1_033,4,336,task_0337,2_038,0.7459355592727661,False
129,task_0130,1_033,5,340,task_0341,2_039,0.7353676557540894,False
129,task_0130,1_033,6,82,task_0083,1_021,0.7328885197639465,False
129,task_0130,1_033,7,78,task_0079,1_020,0.7018629908561707,False
129,task_0130,1_033,8,342,task_0343,2_039,0.6640753149986267,False
129,task_0130,1_033,9,76,task_0077,1_020,0.644639253616333,False
129,task_0130,1_033,10,338,task_0339,2_038,0.6336979866027832,False
130,task_0131,1_033,1,134,task_0135,1_034,0.855324923992157,False
130,task_0131,1_033,2,55,task_0056,1_014,0.8371283411979675,False
130,task_0131,1_033,3,53,task_0054,1_014,0.8337991237640381,False
130,task_0131,1_033,4,132,task_0133,1_034,0.799069881439209,False
130,task_0131,1_033,5,112,task_0113,1_029,0.7889525294303894,False
130,task_0131,1_033,6,20,task_0021,1_006,0.7851293087005615,False
130,task_0131,1_033,7,70,task_0071,1_018,0.7831854224205017,False
130,task_0131,1_033,8,156,task_0157,1_040,0.7803890705108643,False
130,task_0131,1_033,9,52,task_0053,1_014,0.7759186029434204,False
130,task_0131,1_033,10,186,task_0187,1_047,0.7709482312202454,False
131,task_0132,1_033,1,135,task_0136,1_034,0.8132686614990234,False
131,task_0132,1_033,2,129,task_0130,1_033,0.7767395973205566,True
131,task_0132,1_033,3,133,task_0134,1_034,0.7050378322601318,False
131,task_0132,1_033,4,78,task_0079,1_020,0.6769755482673645,False
131,task_0132,1_033,5,336,task_0337,2_038,0.6672775745391846,False
131,task_0132,1_033,6,82,task_0083,1_021,0.6331653594970703,False
131,task_0132,1_033,7,338,task_0339,2_038,0.628722071647644,False
131,task_0132,1_033,8,340,task_0341,2_039,0.6168864369392395,False
131,task_0132,1_033,9,76,task_0077,1_020,0.6100145578384399,False
131,task_0132,1_033,10,80,task_0081,1_021,0.6001451015472412,False
132,task_0133,1_034,1,130,task_0131,1_033,0.799069881439209,False
132,task_0133,1_034,2,128,task_0129,1_033,0.759881854057312,False
132,task_0133,1_034,3,134,task_0135,1_034,0.7563518285751343,True
132,task_0133,1_034,4,53,task_0054,1_014,0.754743218421936,False
132,task_0133,1_034,5,20,task_0021,1_006,0.7394747734069824,False
132,task_0133,1_034,6,70,task_0071,1_018,0.7327463626861572,False
132,task_0133,1_034,7,55,task_0056,1_014,0.7325491905212402,False
132,task_0133,1_034,8,52,task_0053,1_014,0.73173987865448,False
132,task_0133,1_034,9,21,task_0022,1_006,0.7167422771453857,False
132,task_0133,1_034,10,156,task_0157,1_040,0.7165924310684204,False
133,task_0134,1_034,1,129,task_0130,1_033,0.8227526545524597,False
133,task_0134,1_034,2,135,task_0136,1_034,0.7250650525093079,True
133,task_0134,1_034,3,131,task_0132,1_033,0.7050378322601318,False
133,task_0134,1_034,4,340,task_0341,2_039,0.7049904465675354,False
133,task_0134,1_034,5,336,task_0337,2_038,0.7011048197746277,False
133,task_0134,1_034,6,342,task_0343,2_039,0.6428459882736206,False
133,task_0134,1_034,7,338,task_0339,2_038,0.6363047361373901,False
133,task_0134,1_034,8,95,task_0096,1_024,0.6294610500335693,False
133,task_0134,1_034,9,78,task_0079,1_020,0.6057935953140259,False
133,task_0134,1_034,10,76,task_0077,1_020,0.6006613969802856,False
134,task_0135,1_034,1,130,task_0131,1_033,0.855324923992157,False
134,task_0135,1_034,2,55,task_0056,1_014,0.8242272138595581,False
134,task_0135,1_034,3,53,task_0054,1_014,0.8196430206298828,False
134,task_0135,1_034,4,186,task_0187,1_047,0.7902892231941223,False
134,task_0135,1_034,5,181,task_0182,1_046,0.7834534049034119,False
134,task_0135,1_034,6,106,task_0107,1_027,0.7826000452041626,False
134,task_0135,1_034,7,156,task_0157,1_040,0.7642383575439453,False
134,task_0135,1_034,8,158,task_0159,1_040,0.7582384347915649,False
134,task_0135,1_034,9,132,task_0133,1_034,0.7563518285751343,True
134,task_0135,1_034,10,70,task_0071,1_018,0.7508959770202637,False
135,task_0136,1_034,1,131,task_0132,1_033,0.8132686614990234,False
135,task_0136,1_034,2,129,task_0130,1_033,0.7964022159576416,False
135,task_0136,1_034,3,133,task_0134,1_034,0.7250650525093079,True
135,task_0136,1_034,4,78,task_0079,1_020,0.6642354726791382,False
135,task_0136,1_034,5,336,task_0337,2_038,0.645451009273529,False
135,task_0136,1_034,6,82,task_0083,1_021,0.6373075246810913,False
135,task_0136,1_034,7,76,task_0077,1_020,0.6108922958374023,False
135,task_0136,1_034,8,340,task_0341,2_039,0.6104279160499573,False
135,task_0136,1_034,9,80,task_0081,1_021,0.5962687134742737,False
135,task_0136,1_034,10,338,task_0339,2_038,0.5743817687034607,False
136,task_0137,1_035,1,26,task_0027,1_007,0.8113930821418762,False
136,task_0137,1_035,2,7,task_0008,1_002,0.7913714647293091,False
136,task_0137,1_035,3,125,task_0126,1_032,0.7847272753715515,False
136,task_0137,1_035,4,179,task_0180,1_045,0.7844944000244141,False
136,task_0137,1_035,5,24,task_0025,1_007,0.7727711796760559,False
136,task_0137,1_035,6,126,task_0127,1_032,0.7714082598686218,False
136,task_0137,1_035,7,142,task_0143,1_036,0.7528237104415894,False
136,task_0137,1_035,8,149,task_0150,1_038,0.7455375790596008,False
136,task_0137,1_035,9,42,task_0043,1_011,0.7382007241249084,False
136,task_0137,1_035,10,86,task_0087,1_022,0.7358047366142273,False
137,task_0138,1_035,1,139,task_0140,1_035,0.9598067998886108,True
137,task_0138,1_035,2,138,task_0139,1_035,0.8571521639823914,True
137,task_0138,1_035,3,70,task_0071,1_018,0.8141056895256042,False
137,task_0138,1_035,4,16,task_0017,1_005,0.8115848898887634,False
137,task_0138,1_035,5,74,task_0075,1_019,0.8099687695503235,False
137,task_0138,1_035,6,18,task_0019,1_005,0.8038151264190674,False
137,task_0138,1_035,7,112,task_0113,1_029,0.799094557762146,False
137,task_0138,1_035,8,158,task_0159,1_040,0.7901575565338135,False
137,task_0138,1_035,9,72,task_0073,1_019,0.787662923336029,False
137,task_0138,1_035,10,116,task_0117,1_030,0.785629153251648,False
138,task_0139,1_035,1,137,task_0138,1_035,0.8571521639823914,True
138,task_0139,1_035,2,139,task_0140,1_035,0.8419148921966553,True
138,task_0139,1_035,3,5,task_0006,1_002,0.8103616237640381,False
138,task_0139,1_035,4,16,task_0017,1_005,0.7917436361312866,False
138,task_0139,1_035,5,18,task_0019,1_005,0.7906185388565063,False
138,task_0139,1_035,6,24,task_0025,1_007,0.7639123201370239,False
138,task_0139,1_035,7,72,task_0073,1_019,0.7591944932937622,False
138,task_0139,1_035,8,13,task_0014,1_004,0.7437555193901062,False
138,task_0139,1_035,9,68,task_0069,1_018,0.7417729496955872,False
138,task_0139,1_035,10,74,task_0075,1_019,0.7415686249732971,False
139,task_0140,1_035,1,137,task_0138,1_035,0.9598067998886108,True
139,task_0140,1_035,2,138,task_0139,1_035,0.8419148921966553,True
139,task_0140,1_035,3,74,task_0075,1_019,0.8112813830375671,False
139,task_0140,1_035,4,70,task_0071,1_018,0.8029340505599976,False
139,task_0140,1_035,5,18,task_0019,1_005,0.7953577041625977,False
139,task_0140,1_035,6,26,task_0027,1_007,0.7947202324867249,False
139,task_0140,1_035,7,109,task_0110,1_028,0.7925021052360535,False
139,task_0140,1_035,8,24,task_0025,1_007,0.7891128063201904,False
139,task_0140,1_035,9,16,task_0017,1_005,0.78895503282547,False
139,task_0140,1_035,10,72,task_0073,1_019,0.7842444777488708,False
140,task_0141,1_036,1,141,task_0142,1_036,0.809425950050354,True
140,task_0141,1_036,2,176,task_0177,1_045,0.790240466594696,False
140,task_0141,1_036,3,124,task_0125,1_032,0.7800549864768982,False
140,task_0141,1_036,4,149,task_0150,1_038,0.7639894485473633,False
140,task_0141,1_036,5,150,task_0151,1_038,0.7307248115539551,False
140,task_0141,1_036,6,96,task_0097,1_025,0.728721559047699,False
140,task_0141,1_036,7,92,task_0093,1_024,0.7108738422393799,False
140,task_0141,1_036,8,148,task_0149,1_038,0.6995786428451538,False
140,task_0141,1_036,9,109,task_0110,1_028,0.6918827891349792,False
140,task_0141,1_036,10,185,task_0186,1_047,0.6912462711334229,False
141,task_0142,1_036,1,96,task_0097,1_025,0.8423212766647339,False
141,task_0142,1_036,2,149,task_0150,1_038,0.8240864276885986,False
141,task_0142,1_036,3,92,task_0093,1_024,0.8122391700744629,False
141,task_0142,1_036,4,140,task_0141,1_036,0.809425950050354,True
141,task_0142,1_036,5,148,task_0149,1_038,0.7857481241226196,False
141,task_0142,1_036,6,150,task_0151,1_038,0.7826316952705383,False
141,task_0142,1_036,7,185,task_0186,1_047,0.7549699544906616,False
141,task_0142,1_036,8,182,task_0183,1_046,0.7385614514350891,False
141,task_0142,1_036,9,51,task_0052,1_013,0.7367271184921265,False
141,task_0142,1_036,10,548,task_0549,3_051,0.7361810207366943,False
142,task_0143,1_036,1,143,task_0144,1_036,0.8764740228652954,True
142,task_0143,1_036,2,149,task_0150,1_038,0.807378351688385,False
142,task_0143,1_036,3,148,task_0149,1_038,0.7938359975814819,False
142,task_0143,1_036,4,26,task_0027,1_007,0.7831348180770874,False
142,task_0143,1_036,5,46,task_0047,1_012,0.7704213857650757,False
142,task_0143,1_036,6,24,task_0025,1_007,0.7579857110977173,False
142,task_0143,1_036,7,136,task_0137,1_035,0.7528237104415894,False
142,task_0143,1_036,8,150,task_0151,1_038,0.7477715015411377,False
142,task_0143,1_036,9,96,task_0097,1_025,0.7407232522964478,False
142,task_0143,1_036,10,44,task_0045,1_012,0.7377061247825623,False
143,task_0144,1_036,1,142,task_0143,1_036,0.8764740228652954,True
143,task_0144,1_036,2,149,task_0150,1_038,0.7718024253845215,False
143,task_0144,1_036,3,148,task_0149,1_038,0.7646119594573975,False
143,task_0144,1_036,4,26,task_0027,1_007,0.75062495470047,False
143,task_0144,1_036,5,46,task_0047,1_012,0.7480642795562744,False
143,task_0144,1_036,6,179,task_0180,1_045,0.7349725365638733,False
143,task_0144,1_036,7,44,task_0045,1_012,0.7302272915840149,False
143,task_0144,1_036,8,126,task_0127,1_032,0.7197948098182678,False
143,task_0144,1_036,9,125,task_0126,1_032,0.7193343639373779,False
143,task_0144,1_036,10,136,task_0137,1_035,0.7190452218055725,False
144,task_0145,1_037,1,146,task_0147,1_037,0.9369400143623352,True
144,task_0145,1_037,2,3,task_0004,1_001,0.6308896541595459,False
144,task_0145,1_037,3,164,task_0165,1_042,0.6153889894485474,False
144,task_0145,1_037,4,141,task_0142,1_036,0.6108819842338562,False
144,task_0145,1_037,5,148,task_0149,1_038,0.6093882322311401,False
144,task_0145,1_037,6,168,task_0169,1_043,0.6061381697654724,False
144,task_0145,1_037,7,66,task_0067,1_017,0.6022596955299377,False
144,task_0145,1_037,8,62,task_0063,1_016,0.5989212393760681,False
144,task_0145,1_037,9,40,task_0041,1_011,0.5943928360939026,False
144,task_0145,1_037,10,147,task_0148,1_037,0.5943431258201599,True
145,task_0146,1_037,1,41,task_0042,1_011,0.8299626111984253,False
145,task_0146,1_037,2,147,task_0148,1_037,0.7937865853309631,True
145,task_0146,1_037,3,43,task_0044,1_011,0.7345007061958313,False
145,task_0146,1_037,4,66,task_0067,1_017,0.7239857316017151,False
145,task_0146,1_037,5,62,task_0063,1_016,0.7173556685447693,False
145,task_0146,1_037,6,148,task_0149,1_038,0.6706515550613403,False
145,task_0146,1_037,7,87,task_0088,1_022,0.6608495116233826,False
145,task_0146,1_037,8,142,task_0143,1_036,0.6435105800628662,False
145,task_0146,1_037,9,64,task_0065,1_017,0.6362623572349548,False
145,task_0146,1_037,10,140,task_0141,1_036,0.6345207691192627,False
146,task_0147,1_037,1,144,task_0145,1_037,0.9369400143623352,True
146,task_0147,1_037,2,147,task_0148,1_037,0.6519719362258911,True
146,task_0147,1_037,3,66,task_0067,1_017,0.6430995464324951,False
146,task_0147,1_037,4,3,task_0004,1_001,0.6424996256828308,False
146,task_0147,1_037,5,62,task_0063,1_016,0.6360896229743958,False
146,task_0147,1_037,6,148,task_0149,1_038,0.6267597675323486,False
146,task_0147,1_037,7,91,task_0092,1_023,0.622111439704895,False
146,task_0147,1_037,8,40,task_0041,1_011,0.6214904189109802,False
146,task_0147,1_037,9,168,task_0169,1_043,0.6205102205276489,False
146,task_0147,1_037,10,145,task_0146,1_037,0.6199026703834534,True
147,task_0148,1_037,1,145,task_0146,1_037,0.7937865853309631,True
147,task_0148,1_037,2,41,task_0042,1_011,0.7344040274620056,False
147,task_0148,1_037,3,66,task_0067,1_017,0.7076383829116821,False
147,task_0148,1_037,4,62,task_0063,1_016,0.6963841319084167,False
147,task_0148,1_037,5,42,task_0043,1_011,0.6721750497817993,False
147,task_0148,1_037,6,87,task_0088,1_022,0.6677976250648499,False
147,task_0148,1_037,7,40,task_0041,1_011,0.6655851602554321,False
147,task_0148,1_037,8,179,task_0180,1_045,0.66180819272995,False
147,task_0148,1_037,9,84,task_0085,1_022,0.6600667238235474,False
147,task_0148,1_037,10,142,task_0143,1_036,0.6595540642738342,False
148,task_0149,1_038,1,149,task_0150,1_038,0.8320305943489075,True
148,task_0149,1_038,2,142,task_0143,1_036,0.7938359975814819,False
148,task_0149,1_038,3,141,task_0142,1_036,0.7857481241226196,False
148,task_0149,1_038,4,184,task_0185,1_047,0.7798230648040771,False
148,task_0149,1_038,5,70,task_0071,1_018,0.7763631939888,False
148,task_0149,1_038,6,143,task_0144,1_036,0.7646119594573975,False
148,task_0149,1_038,7,96,task_0097,1_025,0.7619109153747559,False
148,task_0149,1_038,8,26,task_0027,1_007,0.7575368285179138,False
148,task_0149,1_038,9,150,task_0151,1_038,0.7568082213401794,True
148,task_0149,1_038,10,92,task_0093,1_024,0.7352156639099121,False
149,task_0150,1_038,1,150,task_0151,1_038,0.9071320295333862,True
149,task_0150,1_038,2,96,task_0097,1_025,0.8510953783988953,False
149,task_0150,1_038,3,148,task_0149,1_038,0.8320305943489075,True
149,task_0150,1_038,4,141,task_0142,1_036,0.8240864276885986,False
149,task_0150,1_038,5,92,task_0093,1_024,0.8226394653320312,False
149,task_0150,1_038,6,142,task_0143,1_036,0.807378351688385,False
149,task_0150,1_038,7,26,task_0027,1_007,0.8059592247009277,False
149,task_0150,1_038,8,24,task_0025,1_007,0.778812050819397,False
149,task_0150,1_038,9,143,task_0144,1_036,0.7718024253845215,False
149,task_0150,1_038,10,140,task_0141,1_036,0.7639894485473633,False
150,task_0151,1_038,1,149,task_0150,1_038,0.9071320295333862,True
150,task_0151,1_038,2,92,task_0093,1_024,0.8432834148406982,False
150,task_0151,1_038,3,96,task_0097,1_025,0.821268618106842,False
150,task_0151,1_038,4,141,task_0142,1_036,0.7826316952705383,False
150,task_0151,1_038,5,148,task_0149,1_038,0.7568082213401794,True
150,task_0151,1_038,6,142,task_0143,1_036,0.7477715015411377,False
150,task_0151,1_038,7,26,task_0027,1_007,0.7343268394470215,False
150,task_0151,1_038,8,140,task_0141,1_036,0.7307248115539551,False
150,task_0151,1_038,9,4,task_0005,1_002,0.7252220511436462,False
150,task_0151,1_038,10,14,task_0015,1_004,0.7228266596794128,False
151,task_0152,1_038,1,87,task_0088,1_022,0.7119333148002625,False
151,task_0152,1_038,2,11,task_0012,1_003,0.679872453212738,False
151,task_0152,1_038,3,149,task_0150,1_038,0.6751121282577515,True
151,task_0152,1_038,4,9,task_0010,1_003,0.6603590250015259,False
151,task_0152,1_038,5,12,task_0013,1_004,0.6549341678619385,False
151,task_0152,1_038,6,136,task_0137,1_035,0.6506761312484741,False
151,task_0152,1_038,7,40,task_0041,1_011,0.6457355618476868,False
151,task_0152,1_038,8,85,task_0086,1_022,0.6437743306159973,False
151,task_0152,1_038,9,14,task_0015,1_004,0.6422963738441467,False
151,task_0152,1_038,10,46,task_0047,1_012,0.6420311331748962,False
152,task_0153,1_039,1,154,task_0155,1_039,0.8585198521614075,True
152,task_0153,1_039,2,153,task_0154,1_039,0.8357563018798828,True
152,task_0153,1_039,3,155,task_0156,1_039,0.8302505016326904,True
152,task_0153,1_039,4,95,task_0096,1_024,0.7166738510131836,False
152,task_0153,1_039,5,76,task_0077,1_020,0.6780822277069092,False
152,task_0153,1_039,6,316,task_0317,2_033,0.6749405860900879,False
152,task_0153,1_039,7,603,task_0604,4_010,0.6661096811294556,False
152,task_0153,1_039,8,80,task_0081,1_021,0.6590796709060669,False
152,task_0153,1_039,9,97,task_0098,1_025,0.6583904027938843,False
152,task_0153,1_039,10,7,task_0008,1_002,0.6579607725143433,False
153,task_0154,1_039,1,152,task_0153,1_039,0.8357563018798828,True
153,task_0154,1_039,2,154,task_0155,1_039,0.8229013681411743,True
153,task_0154,1_039,3,155,task_0156,1_039,0.7812062501907349,True
153,task_0154,1_039,4,157,task_0158,1_040,0.7340344190597534,False
153,task_0154,1_039,5,174,task_0175,1_044,0.7274587154388428,False
153,task_0154,1_039,6,55,task_0056,1_014,0.7253028750419617,False
153,task_0154,1_039,7,53,task_0054,1_014,0.7211021780967712,False
153,task_0154,1_039,8,316,task_0317,2_033,0.7118870615959167,False
153,task_0154,1_039,9,71,task_0072,1_018,0.7100014686584473,False
153,task_0154,1_039,10,6,task_0007,1_002,0.7091574668884277,False
154,task_0155,1_039,1,152,task_0153,1_039,0.8585198521614075,True
154,task_0155,1_039,2,153,task_0154,1_039,0.8229013681411743,True
154,task_0155,1_039,3,155,task_0156,1_039,0.7912983894348145,True
154,task_0155,1_039,4,342,task_0343,2_039,0.717496395111084,False
154,task_0155,1_039,5,95,task_0096,1_024,0.6823362708091736,False
154,task_0155,1_039,6,316,task_0317,2_033,0.6787711977958679,False
154,task_0155,1_039,7,603,task_0604,4_010,0.6732288002967834,False
154,task_0155,1_039,8,338,task_0339,2_038,0.6521108150482178,False
154,task_0155,1_039,9,71,task_0072,1_018,0.6499766111373901,False
154,task_0155,1_039,10,76,task_0077,1_020,0.648902177810669,False
155,task_0156,1_039,1,152,task_0153,1_039,0.8302505016326904,True
155,task_0156,1_039,2,154,task_0155,1_039,0.7912983894348145,True
155,task_0156,1_039,3,153,task_0154,1_039,0.7812062501907349,True
155,task_0156,1_039,4,80,task_0081,1_021,0.6825177073478699,False
155,task_0156,1_039,5,95,task_0096,1_024,0.6669175028800964,False
155,task_0156,1_039,6,76,task_0077,1_020,0.6652718186378479,False
155,task_0156,1_039,7,340,task_0341,2_039,0.6479068994522095,False
155,task_0156,1_039,8,603,task_0604,4_010,0.6478607654571533,False
155,task_0156,1_039,9,342,task_0343,2_039,0.6443253755569458,False
155,task_0156,1_039,10,71,task_0072,1_018,0.6424002051353455,False
156,task_0157,1_040,1,158,task_0159,1_040,0.9642794132232666,True
156,task_0157,1_040,2,157,task_0158,1_040,0.8494836091995239,True
156,task_0157,1_040,3,53,task_0054,1_014,0.832057774066925,False
156,task_0157,1_040,4,55,task_0056,1_014,0.8260719180107117,False
156,task_0157,1_040,5,6,task_0007,1_002,0.8073791265487671,False
156,task_0157,1_040,6,159,task_0160,1_040,0.7891806364059448,True
156,task_0157,1_040,7,130,task_0131,1_033,0.7803890705108643,False
156,task_0157,1_040,8,186,task_0187,1_047,0.7749759554862976,False
156,task_0157,1_040,9,106,task_0107,1_027,0.7743101716041565,False
156,task_0157,1_040,10,61,task_0062,1_016,0.7738022208213806,False
157,task_0158,1_040,1,159,task_0160,1_040,0.8730098009109497,True
157,task_0158,1_040,2,158,task_0159,1_040,0.8586859107017517,True
157,task_0158,1_040,3,156,task_0157,1_040,0.8494836091995239,True
157,task_0158,1_040,4,109,task_0110,1_028,0.8269690275192261,False
157,task_0158,1_040,5,104,task_0105,1_027,0.82011479139328,False
157,task_0158,1_040,6,100,task_0101,1_026,0.7788004875183105,False
157,task_0158,1_040,7,111,task_0112,1_028,0.7647990584373474,False
157,task_0158,1_040,8,53,task_0054,1_014,0.7549034953117371,False
157,task_0158,1_040,9,55,task_0056,1_014,0.7540063858032227,False
157,task_0158,1_040,10,182,task_0183,1_046,0.7402794361114502,False
158,task_0159,1_040,1,156,task_0157,1_040,0.9642794132232666,True
158,task_0159,1_040,2,157,task_0158,1_040,0.8586859107017517,True
158,task_0159,1_040,3,53,task_0054,1_014,0.8327011466026306,False
158,task_0159,1_040,4,55,task_0056,1_014,0.8214797973632812,False
158,task_0159,1_040,5,106,task_0107,1_027,0.8018520474433899,False
158,task_0159,1_040,6,6,task_0007,1_002,0.8011539578437805,False
158,task_0159,1_040,7,159,task_0160,1_040,0.7945163249969482,True
158,task_0159,1_040,8,186,task_0187,1_047,0.793208122253418,False
158,task_0159,1_040,9,137,task_0138,1_035,0.7901575565338135,False
158,task_0159,1_040,10,182,task_0183,1_046,0.7793391942977905,False
159,task_0160,1_040,1,157,task_0158,1_040,0.8730098009109497,True
159,task_0160,1_040,2,158,task_0159,1_040,0.7945163249969482,True
159,task_0160,1_040,3,156,task_0157,1_040,0.7891806364059448,True
159,task_0160,1_040,4,109,task_0110,1_028,0.774120569229126,False
159,task_0160,1_040,5,180,task_0181,1_046,0.7511590719223022,False
159,task_0160,1_040,6,100,task_0101,1_026,0.7483400702476501,False
159,task_0160,1_040,7,186,task_0187,1_047,0.7416748404502869,False
159,task_0160,1_040,8,104,task_0105,1_027,0.7399174571037292,False
159,task_0160,1_040,9,53,task_0054,1_014,0.7376327514648438,False
159,task_0160,1_040,10,55,task_0056,1_014,0.7365527749061584,False
160,task_0161,1_041,1,162,task_0163,1_041,0.7586053013801575,True
160,task_0161,1_041,2,35,task_0036,1_009,0.6283248066902161,False
160,task_0161,1_041,3,60,task_0061,1_016,0.6193205714225769,False
160,task_0161,1_041,4,19,task_0020,1_005,0.6165472269058228,False
160,task_0161,1_041,5,23,task_0024,1_006,0.6074805855751038,False
160,task_0161,1_041,6,182,task_0183,1_046,0.5913025140762329,False
160,task_0161,1_041,7,165,task_0166,1_042,0.5897499322891235,False
160,task_0161,1_041,8,17,task_0018,1_005,0.5893192887306213,False
160,task_0161,1_041,9,63,task_0064,1_016,0.5821926593780518,False
160,task_0161,1_041,10,169,task_0170,1_043,0.580802321434021,False
161,task_0162,1_041,1,163,task_0164,1_041,0.8023192286491394,True
161,task_0162,1_041,2,410,task_0411,3_016,0.6644357442855835,False
161,task_0162,1_041,3,10,task_0011,1_003,0.6548143625259399,False
161,task_0162,1_041,4,31,task_0032,1_008,0.6245941519737244,False
161,task_0162,1_041,5,58,task_0059,1_015,0.6175196766853333,False
161,task_0162,1_041,6,8,task_0009,1_003,0.612484335899353,False
161,task_0162,1_041,7,59,task_0060,1_015,0.6064254641532898,False
161,task_0162,1_041,8,28,task_0029,1_008,0.6037988066673279,False
161,task_0162,1_041,9,57,task_0058,1_015,0.599845290184021,False
161,task_0162,1_041,10,9,task_0010,1_003,0.5978251099586487,False
162,task_0163,1_041,1,160,task_0161,1_041,0.7586053013801575,True
162,task_0163,1_041,2,35,task_0036,1_009,0.6343826651573181,False
162,task_0163,1_041,3,60,task_0061,1_016,0.6057679653167725,False
162,task_0163,1_041,4,113,task_0114,1_029,0.5764735341072083,False
162,task_0163,1_041,5,19,task_0020,1_005,0.5729734897613525,False
162,task_0163,1_041,6,33,task_0034,1_009,0.5652567744255066,False
162,task_0163,1_041,7,161,task_0162,1_041,0.5576661825180054,True
162,task_0163,1_041,8,163,task_0164,1_041,0.552473783493042,True
162,task_0163,1_041,9,21,task_0022,1_006,0.5510976910591125,False
162,task_0163,1_041,10,23,task_0024,1_006,0.5488525629043579,False
163,task_0164,1_041,1,161,task_0162,1_041,0.8023192286491394,True
163,task_0164,1_041,2,410,task_0411,3_016,0.5758206844329834,False
163,task_0164,1_041,3,58,task_0059,1_015,0.5737383961677551,False
163,task_0164,1_041,4,30,task_0031,1_008,0.5726727247238159,False
163,task_0164,1_041,5,10,task_0011,1_003,0.5708734393119812,False
163,task_0164,1_041,6,86,task_0087,1_022,0.5659528374671936,False
163,task_0164,1_041,7,28,task_0029,1_008,0.562518298625946,False
163,task_0164,1_041,8,8,task_0009,1_003,0.5597501397132874,False
163,task_0164,1_041,9,35,task_0036,1_009,0.5595850348472595,False
163,task_0164,1_041,10,19,task_0020,1_005,0.5587246417999268,False
164,task_0165,1_042,1,168,task_0169,1_043,0.9021776914596558,False
164,task_0165,1_042,2,40,task_0041,1_011,0.7604271173477173,False
164,task_0165,1_042,3,44,task_0045,1_012,0.7598252892494202,False
164,task_0165,1_042,4,128,task_0129,1_033,0.7168330550193787,False
164,task_0165,1_042,5,43,task_0044,1_011,0.6964244842529297,False
164,task_0165,1_042,6,87,task_0088,1_022,0.6835882067680359,False
164,task_0165,1_042,7,148,task_0149,1_038,0.6801314353942871,False
164,task_0165,1_042,8,46,task_0047,1_012,0.6743363738059998,False
164,task_0165,1_042,9,149,task_0150,1_038,0.6709976196289062,False
164,task_0165,1_042,10,62,task_0063,1_016,0.6633673310279846,False
165,task_0166,1_042,1,169,task_0170,1_043,0.9297728538513184,False
165,task_0166,1_042,2,167,task_0168,1_042,0.7566663026809692,True
165,task_0166,1_042,3,65,task_0066,1_017,0.7485032081604004,False
165,task_0166,1_042,4,19,task_0020,1_005,0.7437495589256287,False
165,task_0166,1_042,5,63,task_0064,1_016,0.7388878464698792,False
165,task_0166,1_042,6,171,task_0172,1_043,0.7280232906341553,False
165,task_0166,1_042,7,17,task_0018,1_005,0.7185533046722412,False
165,task_0166,1_042,8,21,task_0022,1_006,0.7117881774902344,False
165,task_0166,1_042,9,54,task_0055,1_014,0.7108471989631653,False
165,task_0166,1_042,10,182,task_0183,1_046,0.6977714896202087,False
166,task_0167,1_042,1,170,task_0171,1_043,0.912861704826355,False
166,task_0167,1_042,2,121,task_0122,1_031,0.7451014518737793,False
166,task_0167,1_042,3,74,task_0075,1_019,0.7285091280937195,False
166,task_0167,1_042,4,139,task_0140,1_035,0.7283182740211487,False
166,task_0167,1_042,5,177,task_0178,1_045,0.7125637531280518,False
166,task_0167,1_042,6,86,task_0087,1_022,0.7092565894126892,False
166,task_0167,1_042,7,115,task_0116,1_029,0.7037554383277893,False
166,task_0167,1_042,8,70,task_0071,1_018,0.7018932104110718,False
166,task_0167,1_042,9,18,task_0019,1_005,0.7002871632575989,False
166,task_0167,1_042,10,137,task_0138,1_035,0.6961736679077148,False
167,task_0168,1_042,1,171,task_0172,1_043,0.9261349439620972,False
167,task_0168,1_042,2,165,task_0166,1_042,0.7566663026809692,True
167,task_0168,1_042,3,444,task_0445,3_025,0.741706907749176,False
167,task_0168,1_042,4,169,task_0170,1_043,0.7368679046630859,False
167,task_0168,1_042,5,446,task_0447,3_025,0.7300939559936523,False
167,task_0168,1_042,6,22,task_0023,1_006,0.7238527536392212,False
167,task_0168,1_042,7,20,task_0021,1_006,0.7213024497032166,False
167,task_0168,1_042,8,442,task_0443,3_024,0.7205352783203125,False
167,task_0168,1_042,9,128,task_0129,1_033,0.7181625366210938,False
167,task_0168,1_042,10,362,task_0363,3_004,0.7088168859481812,False
168,task_0169,1_043,1,164,task_0165,1_042,0.9021776914596558,False
168,task_0169,1_043,2,40,task_0041,1_011,0.7582190632820129,False
168,task_0169,1_043,3,44,task_0045,1_012,0.7419183254241943,False
168,task_0169,1_043,4,128,task_0129,1_033,0.7418073415756226,False
168,task_0169,1_043,5,43,task_0044,1_011,0.7182366251945496,False
168,task_0169,1_043,6,148,task_0149,1_038,0.6971715092658997,False
168,task_0169,1_043,7,143,task_0144,1_036,0.6912842988967896,False
168,task_0169,1_043,8,87,task_0088,1_022,0.6879187822341919,False
168,task_0169,1_043,9,149,task_0150,1_038,0.6726678013801575,False
168,task_0169,1_043,10,167,task_0168,1_042,0.6696442365646362,False
169,task_0170,1_043,1,165,task_0166,1_042,0.9297728538513184,False
169,task_0170,1_043,2,19,task_0020,1_005,0.7872022986412048,False
169,task_0170,1_043,3,65,task_0066,1_017,0.7623986005783081,False
169,task_0170,1_043,4,17,task_0018,1_005,0.7617420554161072,False
169,task_0170,1_043,5,63,task_0064,1_016,0.7521259188652039,False
169,task_0170,1_043,6,171,task_0172,1_043,0.7459525465965271,True
169,task_0170,1_043,7,21,task_0022,1_006,0.7438094615936279,False
169,task_0170,1_043,8,167,task_0168,1_042,0.7368679046630859,False
169,task_0170,1_043,9,54,task_0055,1_014,0.724755048751831,False
169,task_0170,1_043,10,182,task_0183,1_046,0.7207190990447998,False
170,task_0171,1_043,1,166,task_0167,1_042,0.912861704826355,False
170,task_0171,1_043,2,121,task_0122,1_031,0.7707226276397705,False
170,task_0171,1_043,3,139,task_0140,1_035,0.7548844814300537,False
170,task_0171,1_043,4,74,task_0075,1_019,0.7502593994140625,False
170,task_0171,1_043,5,70,task_0071,1_018,0.7488824129104614,False
170,task_0171,1_043,6,137,task_0138,1_035,0.7342420220375061,False
170,task_0171,1_043,7,26,task_0027,1_007,0.7292196154594421,False
170,task_0171,1_043,8,18,task_0019,1_005,0.7144062519073486,False
170,task_0171,1_043,9,86,task_0087,1_022,0.7132272124290466,False
170,task_0171,1_043,10,112,task_0113,1_029,0.7085486650466919,False
171,task_0172,1_043,1,167,task_0168,1_042,0.9261349439620972,False
171,task_0172,1_043,2,446,task_0447,3_025,0.7506642937660217,False
171,task_0172,1_043,3,444,task_0445,3_025,0.7465016841888428,False
171,task_0172,1_043,4,169,task_0170,1_043,0.7459525465965271,True
171,task_0172,1_043,5,20,task_0021,1_006,0.7427952885627747,False
171,task_0172,1_043,6,22,task_0023,1_006,0.7405133843421936,False
171,task_0172,1_043,7,442,task_0443,3_024,0.7349902391433716,False
171,task_0172,1_043,8,128,task_0129,1_033,0.7322359085083008,False
171,task_0172,1_043,9,165,task_0166,1_042,0.7280232906341553,False
171,task_0172,1_043,10,360,task_0361,3_004,0.7277170419692993,False
172,task_0173,1_044,1,174,task_0175,1_044,0.8445414304733276,True
172,task_0173,1_044,2,22,task_0023,1_006,0.8136517405509949,False
172,task_0173,1_044,3,122,task_0123,1_031,0.797394871711731,False
172,task_0173,1_044,4,20,task_0021,1_006,0.7958029508590698,False
172,task_0173,1_044,5,362,task_0363,3_004,0.7869099974632263,False
172,task_0173,1_044,6,446,task_0447,3_025,0.7844774127006531,False
172,task_0173,1_044,7,442,task_0443,3_024,0.7811071276664734,False
172,task_0173,1_044,8,34,task_0035,1_009,0.7773277163505554,False
172,task_0173,1_044,9,52,task_0053,1_014,0.770470142364502,False
172,task_0173,1_044,10,360,task_0361,3_004,0.7600919008255005,False
173,task_0174,1_044,1,175,task_0176,1_044,0.7852556109428406,True
173,task_0174,1_044,2,172,task_0173,1_044,0.7318804264068604,True
173,task_0174,1_044,3,94,task_0095,1_024,0.7264700531959534,False
173,task_0174,1_044,4,98,task_0099,1_025,0.7223964333534241,False
173,task_0174,1_044,5,141,task_0142,1_036,0.6956773400306702,False
173,task_0174,1_044,6,174,task_0175,1_044,0.6907073259353638,True
173,task_0174,1_044,7,122,task_0123,1_031,0.6897755861282349,False
173,task_0174,1_044,8,22,task_0023,1_006,0.6838815808296204,False
173,task_0174,1_044,9,548,task_0549,3_051,0.6815114617347717,False
173,task_0174,1_044,10,185,task_0186,1_047,0.680060863494873,False
174,task_0175,1_044,1,172,task_0173,1_044,0.8445414304733276,True
174,task_0175,1_044,2,34,task_0035,1_009,0.8005622029304504,False
174,task_0175,1_044,3,52,task_0053,1_014,0.765905499458313,False
174,task_0175,1_044,4,120,task_0121,1_031,0.7625350952148438,False
174,task_0175,1_044,5,32,task_0033,1_009,0.7607083320617676,False
174,task_0175,1_044,6,125,task_0126,1_032,0.7481958270072937,False
174,task_0175,1_044,7,20,task_0021,1_006,0.7445923089981079,False
174,task_0175,1_044,8,122,task_0123,1_031,0.7435764074325562,False
174,task_0175,1_044,9,6,task_0007,1_002,0.7407302260398865,False
174,task_0175,1_044,10,153,task_0154,1_039,0.7274587154388428,False
175,task_0176,1_044,1,19,task_0020,1_005,0.8061643838882446,False
175,task_0176,1_044,2,182,task_0183,1_046,0.8018567562103271,False
175,task_0176,1_044,3,17,task_0018,1_005,0.7876536846160889,False
175,task_0176,1_044,4,173,task_0174,1_044,0.7852556109428406,True
175,task_0176,1_044,5,21,task_0022,1_006,0.7798027396202087,False
175,task_0176,1_044,6,54,task_0055,1_014,0.7567569017410278,False
175,task_0176,1_044,7,23,task_0024,1_006,0.7485902905464172,False
175,task_0176,1_044,8,65,task_0066,1_017,0.743412435054779,False
175,task_0176,1_044,9,63,task_0064,1_016,0.7302988171577454,False
175,task_0176,1_044,10,185,task_0186,1_047,0.7290679812431335,False
176,task_0177,1_045,1,124,task_0125,1_032,0.8218708038330078,False
176,task_0177,1_045,2,140,task_0141,1_036,0.790240466594696,False
176,task_0177,1_045,3,177,task_0178,1_045,0.7733123302459717,True
176,task_0177,1_045,4,178,task_0179,1_045,0.7440632581710815,True
176,task_0177,1_045,5,26,task_0027,1_007,0.7177945375442505,False
176,task_0177,1_045,6,179,task_0180,1_045,0.7164455652236938,True
176,task_0177,1_045,7,149,task_0150,1_038,0.7000569105148315,False
176,task_0177,1_045,8,148,task_0149,1_038,0.6991477012634277,False
176,task_0177,1_045,9,86,task_0087,1_022,0.6989366412162781,False
176,task_0177,1_045,10,70,task_0071,1_018,0.6897109746932983,False
177,task_0178,1_045,1,176,task_0177,1_045,0.7733123302459717,True
177,task_0178,1_045,2,86,task_0087,1_022,0.7607183456420898,False
177,task_0178,1_045,3,38,task_0039,1_010,0.7580683827400208,False
177,task_0178,1_045,4,178,task_0179,1_045,0.7560132741928101,True
177,task_0178,1_045,5,84,task_0085,1_022,0.7318987250328064,False
177,task_0178,1_045,6,74,task_0075,1_019,0.7249610424041748,False
177,task_0178,1_045,7,139,task_0140,1_035,0.7242069840431213,False
177,task_0178,1_045,8,115,task_0116,1_029,0.723730742931366,False
177,task_0178,1_045,9,148,task_0149,1_038,0.7212293148040771,False
177,task_0178,1_045,10,179,task_0180,1_045,0.7205091118812561,True
178,task_0179,1_045,1,177,task_0178,1_045,0.7560132741928101,True
178,task_0179,1_045,2,176,task_0177,1_045,0.7440632581710815,True
178,task_0179,1_045,3,179,task_0180,1_045,0.7209833860397339,True
178,task_0179,1_045,4,109,task_0110,1_028,0.693259060382843,False
178,task_0179,1_045,5,86,task_0087,1_022,0.6828969120979309,False
178,task_0179,1_045,6,110,task_0111,1_028,0.678787350654602,False
178,task_0179,1_045,7,74,task_0075,1_019,0.6760517954826355,False
178,task_0179,1_045,8,26,task_0027,1_007,0.6671004295349121,False
178,task_0179,1_045,9,139,task_0140,1_035,0.6658827662467957,False
178,task_0179,1_045,10,148,task_0149,1_038,0.6642842888832092,False
179,task_0180,1_045,1,126,task_0127,1_032,0.7946153283119202,False
179,task_0180,1_045,2,125,task_0126,1_032,0.7883495092391968,False
179,task_0180,1_045,3,136,task_0137,1_035,0.7844944000244141,False
179,task_0180,1_045,4,12,task_0013,1_004,0.7561734914779663,False
179,task_0180,1_045,5,42,task_0043,1_011,0.7511330246925354,False
179,task_0180,1_045,6,26,task_0027,1_007,0.749579906463623,False
179,task_0180,1_045,7,14,task_0015,1_004,0.7417003512382507,False
179,task_0180,1_045,8,143,task_0144,1_036,0.7349725365638733,False
179,task_0180,1_045,9,142,task_0143,1_036,0.7249042987823486,False
179,task_0180,1_045,10,178,task_0179,1_045,0.7209833860397339,True
180,task_0181,1_046,1,183,task_0184,1_046,0.7672712802886963,True
180,task_0181,1_046,2,182,task_0183,1_046,0.7531975507736206,True
180,task_0181,1_046,3,159,task_0160,1_040,0.7511590719223022,False
180,task_0181,1_046,4,158,task_0159,1_040,0.7444562315940857,False
180,task_0181,1_046,5,53,task_0054,1_014,0.7431299090385437,False
180,task_0181,1_046,6,106,task_0107,1_027,0.7429717183113098,False
180,task_0181,1_046,7,55,task_0056,1_014,0.7371628880500793,False
180,task_0181,1_046,8,181,task_0182,1_046,0.7271082997322083,True
180,task_0181,1_046,9,186,task_0187,1_047,0.7269630432128906,False
180,task_0181,1_046,10,156,task_0157,1_040,0.721880316734314,False
181,task_0182,1_046,1,106,task_0107,1_027,0.8122904300689697,False
181,task_0182,1_046,2,186,task_0187,1_047,0.8004046678543091,False
181,task_0182,1_046,3,102,task_0103,1_026,0.7967246770858765,False
181,task_0182,1_046,4,134,task_0135,1_034,0.7834534049034119,False
181,task_0182,1_046,5,158,task_0159,1_040,0.7747789025306702,False
181,task_0182,1_046,6,53,task_0054,1_014,0.7633739113807678,False
181,task_0182,1_046,7,137,task_0138,1_035,0.7602478861808777,False
181,task_0182,1_046,8,70,task_0071,1_018,0.758377730846405,False
181,task_0182,1_046,9,156,task_0157,1_040,0.7502968907356262,False
181,task_0182,1_046,10,74,task_0075,1_019,0.7500647306442261,False
182,task_0183,1_046,1,19,task_0020,1_005,0.8067232370376587,False
182,task_0183,1_046,2,175,task_0176,1_044,0.8018567562103271,False
182,task_0183,1_046,3,17,task_0018,1_005,0.7970185875892639,False
182,task_0183,1_046,4,185,task_0186,1_047,0.7856993079185486,False
182,task_0183,1_046,5,21,task_0022,1_006,0.7819923162460327,False
182,task_0183,1_046,6,158,task_0159,1_040,0.7793391942977905,False
182,task_0183,1_046,7,65,task_0066,1_017,0.7774577140808105,False
182,task_0183,1_046,8,54,task_0055,1_014,0.7772693037986755,False
182,task_0183,1_046,9,184,task_0185,1_047,0.7758936882019043,False
182,task_0183,1_046,10,36,task_0037,1_010,0.7639043927192688,False
183,task_0184,1_046,1,180,task_0181,1_046,0.7672712802886963,True
183,task_0184,1_046,2,48,task_0049,1_013,0.7442387342453003,False
183,task_0184,1_046,3,181,task_0182,1_046,0.7312369346618652,True
183,task_0184,1_046,4,50,task_0051,1_013,0.7174327373504639,False
183,task_0184,1_046,5,49,task_0050,1_013,0.7094302177429199,False
183,task_0184,1_046,6,51,task_0052,1_013,0.7057096362113953,False
183,task_0184,1_046,7,106,task_0107,1_027,0.6987937688827515,False
183,task_0184,1_046,8,102,task_0103,1_026,0.6889766454696655,False
183,task_0184,1_046,9,13,task_0014,1_004,0.6747317314147949,False
183,task_0184,1_046,10,127,task_0128,1_032,0.667962372303009,False
184,task_0185,1_047,1,186,task_0187,1_047,0.8268029689788818,True
184,task_0185,1_047,2,148,task_0149,1_038,0.7798230648040771,False
184,task_0185,1_047,3,182,task_0183,1_046,0.7758936882019043,False
184,task_0185,1_047,4,185,task_0186,1_047,0.7708525657653809,True
184,task_0185,1_047,5,70,task_0071,1_018,0.760711133480072,False
184,task_0185,1_047,6,65,task_0066,1_017,0.7422366738319397,False
184,task_0185,1_047,7,96,task_0097,1_025,0.7413880228996277,False
184,task_0185,1_047,8,54,task_0055,1_014,0.7328917980194092,False
184,task_0185,1_047,9,149,task_0150,1_038,0.7297568917274475,False
184,task_0185,1_047,10,141,task_0142,1_036,0.7246660590171814,False
185,task_0186,1_047,1,182,task_0183,1_046,0.7856993079185486,False
185,task_0186,1_047,2,70,task_0071,1_018,0.7754185199737549,False
185,task_0186,1_047,3,184,task_0185,1_047,0.7708525657653809,True
185,task_0186,1_047,4,186,task_0187,1_047,0.7554833889007568,True
185,task_0186,1_047,5,141,task_0142,1_036,0.7549699544906616,False
185,task_0186,1_047,6,137,task_0138,1_035,0.7548069953918457,False
185,task_0186,1_047,7,109,task_0110,1_028,0.7539497017860413,False
185,task_0186,1_047,8,96,task_0097,1_025,0.7530369162559509,False
185,task_0186,1_047,9,65,task_0066,1_017,0.7508165836334229,False
185,task_0186,1_047,10,158,task_0159,1_040,0.7507193088531494,False
186,task_0187,1_047,1,70,task_0071,1_018,0.8299832940101624,False
186,task_0187,1_047,2,184,task_0185,1_047,0.8268029689788818,True
186,task_0187,1_047,3,181,task_0182,1_046,0.8004046678543091,False
186,task_0187,1_047,4,158,task_0159,1_040,0.793208122253418,False
186,task_0187,1_047,5,25,task_0026,1_007,0.7924066781997681,False
186,task_0187,1_047,6,42,task_0043,1_011,0.7921366095542908,False
186,task_0187,1_047,7,134,task_0135,1_034,0.7902892231941223,False
186,task_0187,1_047,8,53,task_0054,1_014,0.7885931730270386,False
186,task_0187,1_047,9,27,task_0028,1_007,0.7872482538223267,False
186,task_0187,1_047,10,137,task_0138,1_035,0.7850315570831299,False
187,task_0188,1_047,1,16,task_0017,1_005,0.7052528858184814,False
187,task_0188,1_047,2,185,task_0186,1_047,0.7042845487594604,True
187,task_0188,1_047,3,74,task_0075,1_019,0.6781105399131775,False
187,task_0188,1_047,4,70,task_0071,1_018,0.6682266592979431,False
187,task_0188,1_047,5,96,task_0097,1_025,0.6669014096260071,False
187,task_0188,1_047,6,27,task_0028,1_007,0.6628857851028442,False
187,task_0188,1_047,7,25,task_0026,1_007,0.6546707153320312,False
187,task_0188,1_047,8,18,task_0019,1_005,0.6493276953697205,False
187,task_0188,1_047,9,85,task_0086,1_022,0.6482270956039429,False
187,task_0188,1_047,10,127,task_0128,1_032,0.6424261927604675,False
188,task_0189,2_001,1,233,task_0234,2_012,0.7245877385139465,False
188,task_0189,2_001,2,204,task_0205,2_005,0.6923813819885254,False
188,task_0189,2_001,3,206,task_0207,2_005,0.6896908283233643,False
188,task_0189,2_001,4,256,task_0257,2_018,0.6822425723075867,False
188,task_0189,2_001,5,205,task_0206,2_005,0.6808386445045471,False
188,task_0189,2_001,6,258,task_0259,2_018,0.6733748316764832,False
188,task_0189,2_001,7,314,task_0315,2_032,0.6727704405784607,False
188,task_0189,2_001,8,207,task_0208,2_005,0.6723063588142395,False
188,task_0189,2_001,9,313,task_0314,2_032,0.6695615649223328,False
188,task_0189,2_001,10,190,task_0191,2_001,0.6678229570388794,True
189,task_0190,2_001,1,191,task_0192,2_001,0.7293748259544373,True
189,task_0190,2_001,2,287,task_0288,2_025,0.7109898924827576,False
189,task_0190,2_001,3,237,task_0238,2_013,0.7107351422309875,False
189,task_0190,2_001,4,299,task_0300,2_028,0.7004634737968445,False
189,task_0190,2_001,5,208,task_0209,2_006,0.6974116563796997,False
189,task_0190,2_001,6,260,task_0261,2_019,0.6910231709480286,False
189,task_0190,2_001,7,239,task_0240,2_013,0.6863265633583069,False
189,task_0190,2_001,8,285,task_0286,2_025,0.685496985912323,False
189,task_0190,2_001,9,207,task_0208,2_005,0.6770923137664795,False
189,task_0190,2_001,10,195,task_0196,2_002,0.6690688133239746,False
190,task_0191,2_001,1,206,task_0207,2_005,0.729472279548645,False
190,task_0191,2_001,2,294,task_0295,2_027,0.7208573222160339,False
190,task_0191,2_001,3,282,task_0283,2_024,0.7188374996185303,False
190,task_0191,2_001,4,205,task_0206,2_005,0.7160207033157349,False
190,task_0191,2_001,5,280,task_0281,2_024,0.7160055637359619,False
190,task_0191,2_001,6,293,task_0294,2_027,0.7147753238677979,False
190,task_0191,2_001,7,292,task_0293,2_027,0.7077058553695679,False
190,task_0191,2_001,8,283,task_0284,2_024,0.6980031728744507,False
190,task_0191,2_001,9,295,task_0296,2_027,0.6965283751487732,False
190,task_0191,2_001,10,314,task_0315,2_032,0.6961256861686707,False
191,task_0192,2_001,1,239,task_0240,2_013,0.8020678758621216,False
191,task_0192,2_001,2,237,task_0238,2_013,0.7731330990791321,False
191,task_0192,2_001,3,203,task_0204,2_004,0.7597848176956177,False
191,task_0192,2_001,4,209,task_0210,2_006,0.7513700127601624,False
191,task_0192,2_001,5,247,task_0248,2_015,0.7316684126853943,False
191,task_0192,2_001,6,189,task_0190,2_001,0.7293748259544373,True
191,task_0192,2_001,7,207,task_0208,2_005,0.7276759743690491,False
191,task_0192,2_001,8,246,task_0247,2_015,0.7252410054206848,False
191,task_0192,2_001,9,208,task_0209,2_006,0.7213392853736877,False
191,task_0192,2_001,10,244,task_0245,2_015,0.7163277268409729,False
192,task_0193,2_002,1,194,task_0195,2_002,0.8658068180084229,True
192,task_0193,2_002,2,205,task_0206,2_005,0.7954126596450806,False
192,task_0193,2_002,3,299,task_0300,2_028,0.7895513772964478,False
192,task_0193,2_002,4,298,task_0299,2_028,0.7769998908042908,False
192,task_0193,2_002,5,296,task_0297,2_028,0.7661594152450562,False
192,task_0193,2_002,6,208,task_0209,2_006,0.7559646368026733,False
192,task_0193,2_002,7,262,task_0263,2_019,0.7530998587608337,False
192,task_0193,2_002,8,193,task_0194,2_002,0.7379122972488403,True
192,task_0193,2_002,9,261,task_0262,2_019,0.7353036403656006,False
192,task_0193,2_002,10,297,task_0298,2_028,0.733884334564209,False
193,task_0194,2_002,1,192,task_0193,2_002,0.7379122972488403,True
193,task_0194,2_002,2,296,task_0297,2_028,0.7343121767044067,False
193,task_0194,2_002,3,261,task_0262,2_019,0.720029354095459,False
193,task_0194,2_002,4,208,task_0209,2_006,0.7010020613670349,False
193,task_0194,2_002,5,195,task_0196,2_002,0.6960639953613281,True
193,task_0194,2_002,6,204,task_0205,2_005,0.6948400735855103,False
193,task_0194,2_002,7,330,task_0331,2_036,0.6897516846656799,False
193,task_0194,2_002,8,205,task_0206,2_005,0.6863980889320374,False
193,task_0194,2_002,9,299,task_0300,2_028,0.6827720999717712,False
193,task_0194,2_002,10,262,task_0263,2_019,0.6793313026428223,False
194,task_0195,2_002,1,192,task_0193,2_002,0.8658068180084229,True
194,task_0195,2_002,2,262,task_0263,2_019,0.835356593132019,False
194,task_0195,2_002,3,298,task_0299,2_028,0.8096828460693359,False
194,task_0195,2_002,4,296,task_0297,2_028,0.8055886626243591,False
194,task_0195,2_002,5,297,task_0298,2_028,0.76912522315979,False
194,task_0195,2_002,6,299,task_0300,2_028,0.7680163383483887,False
194,task_0195,2_002,7,263,task_0264,2_019,0.7553500533103943,False
194,task_0195,2_002,8,261,task_0262,2_019,0.7476452589035034,False
194,task_0195,2_002,9,260,task_0261,2_019,0.7431806325912476,False
194,task_0195,2_002,10,304,task_0305,2_030,0.7401176691055298,False
195,task_0196,2_002,1,255,task_0256,2_017,0.8176047801971436,False
195,task_0196,2_002,2,253,task_0254,2_017,0.7801852226257324,False
195,task_0196,2_002,3,285,task_0286,2_025,0.7612904906272888,False
195,task_0196,2_002,4,287,task_0288,2_025,0.7404899001121521,False
195,task_0196,2_002,5,237,task_0238,2_013,0.7324497699737549,False
195,task_0196,2_002,6,239,task_0240,2_013,0.7315369248390198,False
195,task_0196,2_002,7,260,task_0261,2_019,0.7275124788284302,False
195,task_0196,2_002,8,252,task_0253,2_017,0.726779043674469,False
195,task_0196,2_002,9,262,task_0263,2_019,0.714475154876709,False
195,task_0196,2_002,10,296,task_0297,2_028,0.6991931796073914,False
196,task_0197,2_003,1,197,task_0198,2_003,0.9573657512664795,True
196,task_0197,2_003,2,198,task_0199,2_003,0.9515748023986816,True
196,task_0197,2_003,3,199,task_0200,2_003,0.9210013151168823,True
196,task_0197,2_003,4,224,task_0225,2_010,0.8743789196014404,False
196,task_0197,2_003,5,227,task_0228,2_010,0.8404231071472168,False
196,task_0197,2_003,6,226,task_0227,2_010,0.8386880159378052,False
196,task_0197,2_003,7,221,task_0222,2_009,0.8125938177108765,False
196,task_0197,2_003,8,282,task_0283,2_024,0.8125644326210022,False
196,task_0197,2_003,9,312,task_0313,2_032,0.8102849125862122,False
196,task_0197,2_003,10,225,task_0226,2_010,0.8059244751930237,False
197,task_0198,2_003,1,196,task_0197,2_003,0.9573657512664795,True
197,task_0198,2_003,2,199,task_0200,2_003,0.937104344367981,True
197,task_0198,2_003,3,198,task_0199,2_003,0.9259347915649414,True
197,task_0198,2_003,4,227,task_0228,2_010,0.8516038060188293,False
197,task_0198,2_003,5,224,task_0225,2_010,0.8463335633277893,False
197,task_0198,2_003,6,226,task_0227,2_010,0.8220932483673096,False
197,task_0198,2_003,7,225,task_0226,2_010,0.8149890899658203,False
197,task_0198,2_003,8,312,task_0313,2_032,0.8075242638587952,False
197,task_0198,2_003,9,243,task_0244,2_014,0.8067846894264221,False
197,task_0198,2_003,10,242,task_0243,2_014,0.8026354312896729,False
198,task_0199,2_003,1,196,task_0197,2_003,0.9515748023986816,True
198,task_0199,2_003,2,197,task_0198,2_003,0.9259347915649414,True
198,task_0199,2_003,3,199,task_0200,2_003,0.9253969788551331,True
198,task_0199,2_003,4,224,task_0225,2_010,0.8694054484367371,False
198,task_0199,2_003,5,226,task_0227,2_010,0.8153517842292786,False
198,task_0199,2_003,6,240,task_0241,2_014,0.8025979399681091,False
198,task_0199,2_003,7,227,task_0228,2_010,0.794267475605011,False
198,task_0199,2_003,8,241,task_0242,2_014,0.7909272909164429,False
198,task_0199,2_003,9,242,task_0243,2_014,0.7904964089393616,False
198,task_0199,2_003,10,314,task_0315,2_032,0.7796050906181335,False
199,task_0200,2_003,1,197,task_0198,2_003,0.937104344367981,True
199,task_0200,2_003,2,198,task_0199,2_003,0.9253969788551331,True
199,task_0200,2_003,3,196,task_0197,2_003,0.9210013151168823,True
199,task_0200,2_003,4,224,task_0225,2_010,0.8543679714202881,False
199,task_0200,2_003,5,226,task_0227,2_010,0.8264913558959961,False
199,task_0200,2_003,6,227,task_0228,2_010,0.803952157497406,False
199,task_0200,2_003,7,314,task_0315,2_032,0.802783727645874,False
199,task_0200,2_003,8,280,task_0281,2_024,0.7949881553649902,False
199,task_0200,2_003,9,282,task_0283,2_024,0.792000412940979,False
199,task_0200,2_003,10,251,task_0252,2_016,0.7869884371757507,False
200,task_0201,2_004,1,202,task_0203,2_004,0.7987501621246338,True
200,task_0201,2_004,2,203,task_0204,2_004,0.7034022808074951,True
200,task_0201,2_004,3,237,task_0238,2_013,0.7027369737625122,False
200,task_0201,2_004,4,201,task_0202,2_004,0.7011986970901489,True
200,task_0201,2_004,5,239,task_0240,2_013,0.6907276511192322,False
200,task_0201,2_004,6,280,task_0281,2_024,0.6625458002090454,False
200,task_0201,2_004,7,299,task_0300,2_028,0.6594536304473877,False
200,task_0201,2_004,8,189,task_0190,2_001,0.658959150314331,False
200,task_0201,2_004,9,207,task_0208,2_005,0.6587117314338684,False
200,task_0201,2_004,10,101,task_0102,1_026,0.6547890305519104,False
201,task_0202,2_004,1,200,task_0201,2_004,0.7011986970901489,True
201,task_0202,2_004,2,237,task_0238,2_013,0.6568874716758728,False
201,task_0202,2_004,3,239,task_0240,2_013,0.6433770656585693,False
201,task_0202,2_004,4,203,task_0204,2_004,0.6302956342697144,True
201,task_0202,2_004,5,202,task_0203,2_004,0.6249970197677612,True
201,task_0202,2_004,6,208,task_0209,2_006,0.6215569972991943,False
201,task_0202,2_004,7,277,task_0278,2_023,0.6182850003242493,False
201,task_0202,2_004,8,276,task_0277,2_023,0.609215259552002,False
201,task_0202,2_004,9,213,task_0214,2_007,0.6075133085250854,False
201,task_0202,2_004,10,279,task_0280,2_023,0.6071104407310486,False
202,task_0203,2_004,1,200,task_0201,2_004,0.7987501621246338,True
202,task_0203,2_004,2,76,task_0077,1_020,0.6597145795822144,False
202,task_0203,2_004,3,338,task_0339,2_038,0.6534593105316162,False
202,task_0203,2_004,4,229,task_0230,2_011,0.6475428938865662,False
202,task_0203,2_004,5,82,task_0083,1_021,0.6441200375556946,False
202,task_0203,2_004,6,80,task_0081,1_021,0.641594648361206,False
202,task_0203,2_004,7,230,task_0231,2_011,0.6352512836456299,False
202,task_0203,2_004,8,101,task_0102,1_026,0.6328426003456116,False
202,task_0203,2_004,9,601,task_0602,4_010,0.6276317238807678,False
202,task_0203,2_004,10,201,task_0202,2_004,0.6249970197677612,True
203,task_0204,2_004,1,239,task_0240,2_013,0.7799784541130066,False
203,task_0204,2_004,2,237,task_0238,2_013,0.7779175639152527,False
203,task_0204,2_004,3,191,task_0192,2_001,0.7597848176956177,False
203,task_0204,2_004,4,209,task_0210,2_006,0.7550266981124878,False
203,task_0204,2_004,5,246,task_0247,2_015,0.748495876789093,False
203,task_0204,2_004,6,247,task_0248,2_015,0.741656482219696,False
203,task_0204,2_004,7,244,task_0245,2_015,0.7307342886924744,False
203,task_0204,2_004,8,280,task_0281,2_024,0.7208555340766907,False
203,task_0204,2_004,9,208,task_0209,2_006,0.7205052971839905,False
203,task_0204,2_004,10,283,task_0284,2_024,0.7138025760650635,False
204,task_0205,2_005,1,206,task_0207,2_005,0.8835821747779846,True
204,task_0205,2_005,2,205,task_0206,2_005,0.8615373373031616,True
204,task_0205,2_005,3,207,task_0208,2_005,0.8354191780090332,True
204,task_0205,2_005,4,281,task_0282,2_024,0.7776150703430176,False
204,task_0205,2_005,5,256,task_0257,2_018,0.7773087620735168,False
204,task_0205,2_005,6,294,task_0295,2_027,0.7754942774772644,False
204,task_0205,2_005,7,280,task_0281,2_024,0.7746720314025879,False
204,task_0205,2_005,8,258,task_0259,2_018,0.7735361456871033,False
204,task_0205,2_005,9,313,task_0314,2_032,0.7712918519973755,False
204,task_0205,2_005,10,282,task_0283,2_024,0.7705371975898743,False
205,task_0206,2_005,1,206,task_0207,2_005,0.8997299075126648,True
205,task_0206,2_005,2,207,task_0208,2_005,0.8686457872390747,True
205,task_0206,2_005,3,204,task_0205,2_005,0.8615373373031616,True
205,task_0206,2_005,4,281,task_0282,2_024,0.8092454671859741,False
205,task_0206,2_005,5,208,task_0209,2_006,0.8006256818771362,False
205,task_0206,2_005,6,258,task_0259,2_018,0.7986049652099609,False
205,task_0206,2_005,7,295,task_0296,2_027,0.7975996136665344,False
205,task_0206,2_005,8,299,task_0300,2_028,0.796800434589386,False
205,task_0206,2_005,9,256,task_0257,2_018,0.7963743209838867,False
205,task_0206,2_005,10,192,task_0193,2_002,0.7954126596450806,False
206,task_0207,2_005,1,205,task_0206,2_005,0.8997299075126648,True
206,task_0207,2_005,2,204,task_0205,2_005,0.8835821747779846,True
206,task_0207,2_005,3,207,task_0208,2_005,0.8706591129302979,True
206,task_0207,2_005,4,256,task_0257,2_018,0.8183875679969788,False
206,task_0207,2_005,5,258,task_0259,2_018,0.8152163028717041,False
206,task_0207,2_005,6,294,task_0295,2_027,0.8122010231018066,False
206,task_0207,2_005,7,281,task_0282,2_024,0.80678391456604,False
206,task_0207,2_005,8,282,task_0283,2_024,0.8044640421867371,False
206,task_0207,2_005,9,292,task_0293,2_027,0.8013466596603394,False
206,task_0207,2_005,10,293,task_0294,2_027,0.7998816967010498,False
207,task_0208,2_005,1,206,task_0207,2_005,0.8706591129302979,True
207,task_0208,2_005,2,205,task_0206,2_005,0.8686457872390747,True
207,task_0208,2_005,3,204,task_0205,2_005,0.8354191780090332,True
207,task_0208,2_005,4,256,task_0257,2_018,0.8075293898582458,False
207,task_0208,2_005,5,274,task_0275,2_022,0.7929471731185913,False
207,task_0208,2_005,6,258,task_0259,2_018,0.7918181419372559,False
207,task_0208,2_005,7,314,task_0315,2_032,0.7897048592567444,False
207,task_0208,2_005,8,270,task_0271,2_021,0.78885817527771,False
207,task_0208,2_005,9,281,task_0282,2_024,0.7858400940895081,False
207,task_0208,2_005,10,269,task_0270,2_021,0.7840397357940674,False
208,task_0209,2_006,1,205,task_0206,2_005,0.8006256818771362,False
208,task_0209,2_006,2,237,task_0238,2_013,0.7915582656860352,False
208,task_0209,2_006,3,299,task_0300,2_028,0.7791574001312256,False
208,task_0209,2_006,4,239,task_0240,2_013,0.7789317965507507,False
208,task_0209,2_006,5,296,task_0297,2_028,0.7736843228340149,False
208,task_0209,2_006,6,330,task_0331,2_036,0.7695154547691345,False
208,task_0209,2_006,7,204,task_0205,2_005,0.768307089805603,False
208,task_0209,2_006,8,328,task_0329,2_036,0.7657253742218018,False
208,task_0209,2_006,9,206,task_0207,2_005,0.7623287439346313,False
208,task_0209,2_006,10,246,task_0247,2_015,0.7609798908233643,False
209,task_0210,2_006,1,203,task_0204,2_004,0.7550266981124878,False
209,task_0210,2_006,2,191,task_0192,2_001,0.7513700127601624,False
209,task_0210,2_006,3,305,task_0306,2_030,0.7210562229156494,False
209,task_0210,2_006,4,208,task_0209,2_006,0.7100962400436401,True
209,task_0210,2_006,5,239,task_0240,2_013,0.7078378796577454,False
209,task_0210,2_006,6,237,task_0238,2_013,0.6882546544075012,False
209,task_0210,2_006,7,329,task_0330,2_036,0.685402512550354,False
209,task_0210,2_006,8,247,task_0248,2_015,0.6843618154525757,False
209,task_0210,2_006,9,211,task_0212,2_006,0.6832550168037415,True
209,task_0210,2_006,10,331,task_0332,2_036,0.6813026070594788,False
210,task_0211,2_006,1,237,task_0238,2_013,0.6846156716346741,False
210,task_0211,2_006,2,280,task_0281,2_024,0.6785748600959778,False
210,task_0211,2_006,3,283,task_0284,2_024,0.6776126623153687,False
210,task_0211,2_006,4,203,task_0204,2_004,0.675472617149353,False
210,task_0211,2_006,5,239,task_0240,2_013,0.6692333817481995,False
210,task_0211,2_006,6,206,task_0207,2_005,0.6630508303642273,False
210,task_0211,2_006,7,314,task_0315,2_032,0.6615355014801025,False
210,task_0211,2_006,8,207,task_0208,2_005,0.6599626541137695,False
210,task_0211,2_006,9,292,task_0293,2_027,0.6595527529716492,False
210,task_0211,2_006,10,268,task_0269,2_021,0.658348023891449,False
211,task_0212,2_006,1,331,task_0332,2_036,0.8831549882888794,False
211,task_0212,2_006,2,329,task_0330,2_036,0.8627994060516357,False
211,task_0212,2_006,3,328,task_0329,2_036,0.8475967049598694,False
211,task_0212,2_006,4,330,task_0331,2_036,0.8373630046844482,False
211,task_0212,2_006,5,284,task_0285,2_025,0.754557192325592,False
211,task_0212,2_006,6,208,task_0209,2_006,0.7502939701080322,True
211,task_0212,2_006,7,286,task_0287,2_025,0.7414551973342896,False
211,task_0212,2_006,8,205,task_0206,2_005,0.7117826342582703,False
211,task_0212,2_006,9,213,task_0214,2_007,0.7093708515167236,False
211,task_0212,2_006,10,285,task_0286,2_025,0.6916683316230774,False
212,task_0213,2_007,1,214,task_0215,2_007,0.8848798274993896,True
212,task_0213,2_007,2,213,task_0214,2_007,0.7716858386993408,True
212,task_0213,2_007,3,286,task_0287,2_025,0.7381957769393921,False
212,task_0213,2_007,4,215,task_0216,2_007,0.7362165451049805,True
212,task_0213,2_007,5,284,task_0285,2_025,0.6930174231529236,False
212,task_0213,2_007,6,237,task_0238,2_013,0.6538888216018677,False
212,task_0213,2_007,7,285,task_0286,2_025,0.6534392833709717,False
212,task_0213,2_007,8,211,task_0212,2_006,0.651830792427063,False
212,task_0213,2_007,9,321,task_0322,2_034,0.651650071144104,False
212,task_0213,2_007,10,207,task_0208,2_005,0.6501290202140808,False
213,task_0214,2_007,1,215,task_0216,2_007,0.8311431407928467,True
213,task_0214,2_007,2,212,task_0213,2_007,0.7716858386993408,True
213,task_0214,2_007,3,214,task_0215,2_007,0.7360107898712158,True
213,task_0214,2_007,4,286,task_0287,2_025,0.7315155267715454,False
213,task_0214,2_007,5,284,task_0285,2_025,0.7304204702377319,False
213,task_0214,2_007,6,208,task_0209,2_006,0.7203096151351929,False
213,task_0214,2_007,7,211,task_0212,2_006,0.7093708515167236,False
213,task_0214,2_007,8,276,task_0277,2_023,0.7083980441093445,False
213,task_0214,2_007,9,279,task_0280,2_023,0.7069153189659119,False
213,task_0214,2_007,10,328,task_0329,2_036,0.7064260840415955,False
214,task_0215,2_007,1,212,task_0213,2_007,0.8848798274993896,True
214,task_0215,2_007,2,286,task_0287,2_025,0.7693014144897461,False
214,task_0215,2_007,3,215,task_0216,2_007,0.745728611946106,True
214,task_0215,2_007,4,213,task_0214,2_007,0.7360107898712158,True
214,task_0215,2_007,5,284,task_0285,2_025,0.7202353477478027,False
214,task_0215,2_007,6,321,task_0322,2_034,0.714152991771698,False
214,task_0215,2_007,7,323,task_0324,2_034,0.7022634148597717,False
214,task_0215,2_007,8,211,task_0212,2_006,0.6866398453712463,False
214,task_0215,2_007,9,237,task_0238,2_013,0.6865848302841187,False
214,task_0215,2_007,10,285,task_0286,2_025,0.6847460269927979,False
215,task_0216,2_007,1,213,task_0214,2_007,0.8311431407928467,True
215,task_0216,2_007,2,214,task_0215,2_007,0.745728611946106,True
215,task_0216,2_007,3,212,task_0213,2_007,0.7362165451049805,True
215,task_0216,2_007,4,279,task_0280,2_023,0.7138829827308655,False
215,task_0216,2_007,5,286,task_0287,2_025,0.7117851972579956,False
215,task_0216,2_007,6,266,task_0267,2_020,0.7062324285507202,False
215,task_0216,2_007,7,276,task_0277,2_023,0.7021731734275818,False
215,task_0216,2_007,8,277,task_0278,2_023,0.6836782693862915,False
215,task_0216,2_007,9,284,task_0285,2_025,0.6830670237541199,False
215,task_0216,2_007,10,211,task_0212,2_006,0.6679344177246094,False
216,task_0217,2_008,1,218,task_0219,2_008,0.8489437699317932,True
216,task_0217,2_008,2,219,task_0220,2_008,0.8464598655700684,True
216,task_0217,2_008,3,217,task_0218,2_008,0.8452213406562805,True
216,task_0217,2_008,4,236,task_0237,2_013,0.7523357272148132,False
216,task_0217,2_008,5,238,task_0239,2_013,0.7347732782363892,False
216,task_0217,2_008,6,208,task_0209,2_006,0.697862982749939,False
216,task_0217,2_008,7,283,task_0284,2_024,0.6876569986343384,False
216,task_0217,2_008,8,280,task_0281,2_024,0.6869799494743347,False
216,task_0217,2_008,9,205,task_0206,2_005,0.686821699142456,False
216,task_0217,2_008,10,191,task_0192,2_001,0.6842043399810791,False
217,task_0218,2_008,1,219,task_0220,2_008,0.9319014549255371,True
217,task_0218,2_008,2,218,task_0219,2_008,0.8937225341796875,True
217,task_0218,2_008,3,216,task_0217,2_008,0.8452213406562805,True
217,task_0218,2_008,4,287,task_0288,2_025,0.7043828964233398,False
217,task_0218,2_008,5,208,task_0209,2_006,0.6907333731651306,False
217,task_0218,2_008,6,238,task_0239,2_013,0.6798285245895386,False
217,task_0218,2_008,7,328,task_0329,2_036,0.6797213554382324,False
217,task_0218,2_008,8,330,task_0331,2_036,0.6752528548240662,False
217,task_0218,2_008,9,329,task_0330,2_036,0.6684423685073853,False
217,task_0218,2_008,10,236,task_0237,2_013,0.667180597782135,False
218,task_0219,2_008,1,217,task_0218,2_008,0.8937225341796875,True
218,task_0219,2_008,2,219,task_0220,2_008,0.8732608556747437,True
218,task_0219,2_008,3,216,task_0217,2_008,0.8489437699317932,True
218,task_0219,2_008,4,238,task_0239,2_013,0.7090480923652649,False
218,task_0219,2_008,5,287,task_0288,2_025,0.6944653987884521,False
218,task_0219,2_008,6,236,task_0237,2_013,0.6928629279136658,False
218,task_0219,2_008,7,330,task_0331,2_036,0.671496570110321,False
218,task_0219,2_008,8,283,task_0284,2_024,0.6712391972541809,False
218,task_0219,2_008,9,328,task_0329,2_036,0.669507622718811,False
218,task_0219,2_008,10,280,task_0281,2_024,0.6666192412376404,False
219,task_0220,2_008,1,217,task_0218,2_008,0.9319014549255371,True
219,task_0220,2_008,2,218,task_0219,2_008,0.8732608556747437,True
219,task_0220,2_008,3,216,task_0217,2_008,0.8464598655700684,True
219,task_0220,2_008,4,238,task_0239,2_013,0.7126386165618896,False
219,task_0220,2_008,5,208,task_0209,2_006,0.6821516752243042,False
219,task_0220,2_008,6,287,task_0288,2_025,0.6800373196601868,False
219,task_0220,2_008,7,276,task_0277,2_023,0.6784304976463318,False
219,task_0220,2_008,8,283,task_0284,2_024,0.6657895445823669,False
219,task_0220,2_008,9,236,task_0237,2_013,0.6654876470565796,False
219,task_0220,2_008,10,328,task_0329,2_036,0.6611204147338867,False
220,task_0221,2_009,1,222,task_0223,2_009,0.9551104307174683,True
220,task_0221,2_009,2,221,task_0222,2_009,0.9410169720649719,True
220,task_0221,2_009,3,223,task_0224,2_009,0.9116207361221313,True
220,task_0221,2_009,4,335,task_0336,2_037,0.9095789194107056,False
220,task_0221,2_009,5,341,task_0342,2_039,0.9039594531059265,False
220,task_0221,2_009,6,339,task_0340,2_038,0.9006202220916748,False
220,task_0221,2_009,7,337,task_0338,2_038,0.8917953968048096,False
220,task_0221,2_009,8,227,task_0228,2_010,0.8308363556861877,False
220,task_0221,2_009,9,225,task_0226,2_010,0.8286515474319458,False
220,task_0221,2_009,10,226,task_0227,2_010,0.8002021908760071,False
221,task_0222,2_009,1,220,task_0221,2_009,0.9410169720649719,True
221,task_0222,2_009,2,222,task_0223,2_009,0.9388034343719482,True
221,task_0222,2_009,3,223,task_0224,2_009,0.9339575171470642,True
221,task_0222,2_009,4,341,task_0342,2_039,0.9111834764480591,False
221,task_0222,2_009,5,339,task_0340,2_038,0.9097345471382141,False
221,task_0222,2_009,6,335,task_0336,2_037,0.9090667963027954,False
221,task_0222,2_009,7,337,task_0338,2_038,0.8887211084365845,False
221,task_0222,2_009,8,227,task_0228,2_010,0.8377243876457214,False
221,task_0222,2_009,9,226,task_0227,2_010,0.821785032749176,False
221,task_0222,2_009,10,225,task_0226,2_010,0.8157441020011902,False
222,task_0223,2_009,1,220,task_0221,2_009,0.9551104307174683,True
222,task_0223,2_009,2,221,task_0222,2_009,0.9388034343719482,True
222,task_0223,2_009,3,223,task_0224,2_009,0.9132946729660034,True
222,task_0223,2_009,4,335,task_0336,2_037,0.9090976715087891,False
222,task_0223,2_009,5,339,task_0340,2_038,0.8952868580818176,False
222,task_0223,2_009,6,341,task_0342,2_039,0.8861870765686035,False
222,task_0223,2_009,7,337,task_0338,2_038,0.8825689554214478,False
222,task_0223,2_009,8,227,task_0228,2_010,0.8402830362319946,False
222,task_0223,2_009,9,225,task_0226,2_010,0.824903130531311,False
222,task_0223,2_009,10,196,task_0197,2_003,0.8045446872711182,False
223,task_0224,2_009,1,221,task_0222,2_009,0.9339575171470642,True
223,task_0224,2_009,2,222,task_0223,2_009,0.9132946729660034,True
223,task_0224,2_009,3,220,task_0221,2_009,0.9116207361221313,True
223,task_0224,2_009,4,339,task_0340,2_038,0.902130126953125,False
223,task_0224,2_009,5,335,task_0336,2_037,0.896752119064331,False
223,task_0224,2_009,6,341,task_0342,2_039,0.895287036895752,False
223,task_0224,2_009,7,337,task_0338,2_038,0.8701918721199036,False
223,task_0224,2_009,8,227,task_0228,2_010,0.7875730991363525,False
223,task_0224,2_009,9,224,task_0225,2_010,0.7817690372467041,False
223,task_0224,2_009,10,240,task_0241,2_014,0.7784784436225891,False
224,task_0225,2_010,1,226,task_0227,2_010,0.941420316696167,True
224,task_0225,2_010,2,196,task_0197,2_003,0.8743789196014404,False
224,task_0225,2_010,3,198,task_0199,2_003,0.8694054484367371,False
224,task_0225,2_010,4,199,task_0200,2_003,0.8543679714202881,False
224,task_0225,2_010,5,197,task_0198,2_003,0.8463335633277893,False
224,task_0225,2_010,6,314,task_0315,2_032,0.8090558052062988,False
224,task_0225,2_010,7,282,task_0283,2_024,0.8054867386817932,False
224,task_0225,2_010,8,221,task_0222,2_009,0.8033018112182617,False
224,task_0225,2_010,9,275,task_0276,2_022,0.800380527973175,False
224,task_0225,2_010,10,241,task_0242,2_014,0.7985525727272034,False
225,task_0226,2_010,1,227,task_0228,2_010,0.9261961579322815,True
225,task_0226,2_010,2,220,task_0221,2_009,0.8286515474319458,False
225,task_0226,2_010,3,335,task_0336,2_037,0.8278693556785583,False
225,task_0226,2_010,4,337,task_0338,2_038,0.8275914192199707,False
225,task_0226,2_010,5,222,task_0223,2_009,0.824903130531311,False
225,task_0226,2_010,6,221,task_0222,2_009,0.8157441020011902,False
225,task_0226,2_010,7,197,task_0198,2_003,0.8149890899658203,False
225,task_0226,2_010,8,196,task_0197,2_003,0.8059244751930237,False
225,task_0226,2_010,9,339,task_0340,2_038,0.8041917085647583,False
225,task_0226,2_010,10,281,task_0282,2_024,0.8017167448997498,False
226,task_0227,2_010,1,224,task_0225,2_010,0.941420316696167,True
226,task_0227,2_010,2,196,task_0197,2_003,0.8386880159378052,False
226,task_0227,2_010,3,199,task_0200,2_003,0.8264913558959961,False
226,task_0227,2_010,4,197,task_0198,2_003,0.8220932483673096,False
226,task_0227,2_010,5,221,task_0222,2_009,0.821785032749176,False
226,task_0227,2_010,6,227,task_0228,2_010,0.8178319931030273,True
226,task_0227,2_010,7,339,task_0340,2_038,0.8173118829727173,False
226,task_0227,2_010,8,198,task_0199,2_003,0.8153517842292786,False
226,task_0227,2_010,9,275,task_0276,2_022,0.8134199380874634,False
226,task_0227,2_010,10,335,task_0336,2_037,0.8107398152351379,False
227,task_0228,2_010,1,225,task_0226,2_010,0.9261961579322815,True
227,task_0228,2_010,2,197,task_0198,2_003,0.8516038060188293,False
227,task_0228,2_010,3,196,task_0197,2_003,0.8404231071472168,False
227,task_0228,2_010,4,222,task_0223,2_009,0.8402830362319946,False
227,task_0228,2_010,5,221,task_0222,2_009,0.8377243876457214,False
227,task_0228,2_010,6,220,task_0221,2_009,0.8308363556861877,False
227,task_0228,2_010,7,335,task_0336,2_037,0.8292285203933716,False
227,task_0228,2_010,8,337,task_0338,2_038,0.8234079480171204,False
227,task_0228,2_010,9,226,task_0227,2_010,0.8178319931030273,True
227,task_0228,2_010,10,339,task_0340,2_038,0.8093057870864868,False
228,task_0229,2_011,1,288,task_0289,2_026,0.8377549648284912,False
228,task_0229,2_011,2,290,task_0291,2_026,0.8050070405006409,False
228,task_0229,2_011,3,289,task_0290,2_026,0.7861308455467224,False
228,task_0229,2_011,4,291,task_0292,2_026,0.7744202017784119,False
228,task_0229,2_011,5,230,task_0231,2_011,0.7646023035049438,True
228,task_0229,2_011,6,123,task_0124,1_031,0.7117970585823059,False
228,task_0229,2_011,7,69,task_0070,1_018,0.6805146932601929,False
228,task_0229,2_011,8,103,task_0104,1_026,0.6799781918525696,False
228,task_0229,2_011,9,229,task_0230,2_011,0.6678464412689209,True
228,task_0229,2_011,10,333,task_0334,2_037,0.6663498282432556,False
229,task_0230,2_011,1,231,task_0232,2_011,0.8956713676452637,True
229,task_0230,2_011,2,230,task_0231,2_011,0.8036041259765625,True
229,task_0230,2_011,3,333,task_0334,2_037,0.7303198575973511,False
229,task_0230,2_011,4,291,task_0292,2_026,0.7191997766494751,False
229,task_0230,2_011,5,103,task_0104,1_026,0.7190660238265991,False
229,task_0230,2_011,6,73,task_0074,1_019,0.7002100348472595,False
229,task_0230,2_011,7,288,task_0289,2_026,0.6899985671043396,False
229,task_0230,2_011,8,289,task_0290,2_026,0.688854455947876,False
229,task_0230,2_011,9,334,task_0335,2_037,0.6847432851791382,False
229,task_0230,2_011,10,101,task_0102,1_026,0.6777635812759399,False
230,task_0231,2_011,1,229,task_0230,2_011,0.8036041259765625,True
230,task_0231,2_011,2,291,task_0292,2_026,0.7935835123062134,False
230,task_0231,2_011,3,288,task_0289,2_026,0.7875381708145142,False
230,task_0231,2_011,4,231,task_0232,2_011,0.787510871887207,True
230,task_0231,2_011,5,69,task_0070,1_018,0.782882034778595,False
230,task_0231,2_011,6,289,task_0290,2_026,0.7722704410552979,False
230,task_0231,2_011,7,290,task_0291,2_026,0.7668530941009521,False
230,task_0231,2_011,8,228,task_0229,2_011,0.7646023035049438,True
230,task_0231,2_011,9,73,task_0074,1_019,0.7358077764511108,False
230,task_0231,2_011,10,71,task_0072,1_018,0.7268824577331543,False
231,task_0232,2_011,1,229,task_0230,2_011,0.8956713676452637,True
231,task_0232,2_011,2,230,task_0231,2_011,0.787510871887207,True
231,task_0232,2_011,3,333,task_0334,2_037,0.7780832648277283,False
231,task_0232,2_011,4,291,task_0292,2_026,0.7667539119720459,False
231,task_0232,2_011,5,73,task_0074,1_019,0.7325514554977417,False
231,task_0232,2_011,6,288,task_0289,2_026,0.7205930352210999,False
231,task_0232,2_011,7,103,task_0104,1_026,0.7190157175064087,False
231,task_0232,2_011,8,289,task_0290,2_026,0.7142845988273621,False
231,task_0232,2_011,9,334,task_0335,2_037,0.7131163477897644,False
231,task_0232,2_011,10,69,task_0070,1_018,0.7105196714401245,False
232,task_0233,2_012,1,234,task_0235,2_012,0.8834064602851868,True
232,task_0233,2_012,2,208,task_0209,2_006,0.6959445476531982,False
232,task_0233,2_012,3,237,task_0238,2_013,0.6747434139251709,False
232,task_0233,2_012,4,239,task_0240,2_013,0.6531919240951538,False
232,task_0233,2_012,5,282,task_0283,2_024,0.6375490427017212,False
232,task_0233,2_012,6,256,task_0257,2_018,0.6360335946083069,False
232,task_0233,2_012,7,283,task_0284,2_024,0.6346546411514282,False
232,task_0233,2_012,8,280,task_0281,2_024,0.6332809925079346,False
232,task_0233,2_012,9,268,task_0269,2_021,0.6294085383415222,False
232,task_0233,2_012,10,206,task_0207,2_005,0.6232465505599976,False
233,task_0234,2_012,1,188,task_0189,2_001,0.7245877385139465,False
233,task_0234,2_012,2,206,task_0207,2_005,0.6496530175209045,False
233,task_0234,2_012,3,332,task_0333,2_037,0.6475995779037476,False
233,task_0234,2_012,4,204,task_0205,2_005,0.6443738341331482,False
233,task_0234,2_012,5,207,task_0208,2_005,0.6434693336486816,False
233,task_0234,2_012,6,333,task_0334,2_037,0.636049211025238,False
233,task_0234,2_012,7,256,task_0257,2_018,0.6326582431793213,False
233,task_0234,2_012,8,283,task_0284,2_024,0.6284424066543579,False
233,task_0234,2_012,9,205,task_0206,2_005,0.6257768869400024,False
233,task_0234,2_012,10,307,task_0308,2_030,0.6220489740371704,False
234,task_0235,2_012,1,232,task_0233,2_012,0.8834064602851868,True
234,task_0235,2_012,2,208,task_0209,2_006,0.6675444841384888,False
234,task_0235,2_012,3,235,task_0236,2_012,0.661560595035553,True
234,task_0235,2_012,4,283,task_0284,2_024,0.6509044766426086,False
234,task_0235,2_012,5,280,task_0281,2_024,0.6442580819129944,False
234,task_0235,2_012,6,227,task_0228,2_010,0.6399937272071838,False
234,task_0235,2_012,7,282,task_0283,2_024,0.639814019203186,False
234,task_0235,2_012,8,237,task_0238,2_013,0.6337321996688843,False
234,task_0235,2_012,9,256,task_0257,2_018,0.630924642086029,False
234,task_0235,2_012,10,270,task_0271,2_021,0.6286234259605408,False
235,task_0236,2_012,1,293,task_0294,2_027,0.7179922461509705,False
235,task_0236,2_012,2,292,task_0293,2_027,0.7175400853157043,False
235,task_0236,2_012,3,280,task_0281,2_024,0.7167159914970398,False
235,task_0236,2_012,4,268,task_0269,2_021,0.7113170027732849,False
235,task_0236,2_012,5,294,task_0295,2_027,0.7061824798583984,False
235,task_0236,2_012,6,295,task_0296,2_027,0.7052477598190308,False
235,task_0236,2_012,7,315,task_0316,2_032,0.7046942114830017,False
235,task_0236,2_012,8,271,task_0272,2_021,0.7033843398094177,False
235,task_0236,2_012,9,250,task_0251,2_016,0.7030453085899353,False
235,task_0236,2_012,10,251,task_0252,2_016,0.7019795179367065,False
236,task_0237,2_013,1,238,task_0239,2_013,0.8889940977096558,True
236,task_0237,2_013,2,206,task_0207,2_005,0.7591348886489868,False
236,task_0237,2_013,3,205,task_0206,2_005,0.7547236680984497,False
236,task_0237,2_013,4,216,task_0217,2_008,0.7523357272148132,False
236,task_0237,2_013,5,300,task_0301,2_029,0.740171492099762,False
236,task_0237,2_013,6,258,task_0259,2_018,0.7389700412750244,False
236,task_0237,2_013,7,303,task_0304,2_029,0.7381020784378052,False
236,task_0237,2_013,8,248,task_0249,2_016,0.7374621033668518,False
236,task_0237,2_013,9,256,task_0257,2_018,0.736980676651001,False
236,task_0237,2_013,10,268,task_0269,2_021,0.7366008758544922,False
237,task_0238,2_013,1,239,task_0240,2_013,0.9597492218017578,True
237,task_0238,2_013,2,252,task_0253,2_017,0.8254477381706238,False
237,task_0238,2_013,3,260,task_0261,2_019,0.7999266386032104,False
237,task_0238,2_013,4,253,task_0254,2_017,0.7976899147033691,False
237,task_0238,2_013,5,285,task_0286,2_025,0.7976137399673462,False
237,task_0238,2_013,6,208,task_0209,2_006,0.7915582656860352,False
237,task_0238,2_013,7,255,task_0256,2_017,0.7874186038970947,False
237,task_0238,2_013,8,203,task_0204,2_004,0.7779175639152527,False
237,task_0238,2_013,9,262,task_0263,2_019,0.7732348442077637,False
237,task_0238,2_013,10,191,task_0192,2_001,0.7731330990791321,False
238,task_0239,2_013,1,236,task_0237,2_013,0.8889940977096558,True
238,task_0239,2_013,2,216,task_0217,2_008,0.7347732782363892,False
238,task_0239,2_013,3,219,task_0220,2_008,0.7126386165618896,False
238,task_0239,2_013,4,218,task_0219,2_008,0.7090480923652649,False
238,task_0239,2_013,5,208,task_0209,2_006,0.7017582058906555,False
238,task_0239,2_013,6,241,task_0242,2_014,0.6957392692565918,False
238,task_0239,2_013,7,205,task_0206,2_005,0.6818000674247742,False
238,task_0239,2_013,8,240,task_0241,2_014,0.681346595287323,False
238,task_0239,2_013,9,217,task_0218,2_008,0.6798285245895386,False
238,task_0239,2_013,10,242,task_0243,2_014,0.6783277988433838,False
239,task_0240,2_013,1,237,task_0238,2_013,0.9597492218017578,True
239,task_0240,2_013,2,252,task_0253,2_017,0.8071422576904297,False
239,task_0240,2_013,3,191,task_0192,2_001,0.8020678758621216,False
239,task_0240,2_013,4,253,task_0254,2_017,0.792417585849762,False
239,task_0240,2_013,5,255,task_0256,2_017,0.7871472835540771,False
239,task_0240,2_013,6,260,task_0261,2_019,0.7839884161949158,False
239,task_0240,2_013,7,285,task_0286,2_025,0.783969521522522,False
239,task_0240,2_013,8,203,task_0204,2_004,0.7799784541130066,False
239,task_0240,2_013,9,208,task_0209,2_006,0.7789317965507507,False
239,task_0240,2_013,10,286,task_0287,2_025,0.7725039720535278,False
240,task_0241,2_014,1,242,task_0243,2_014,0.953449010848999,True
240,task_0241,2_014,2,241,task_0242,2_014,0.934099555015564,True
240,task_0241,2_014,3,243,task_0244,2_014,0.8977526426315308,True
240,task_0241,2_014,4,248,task_0249,2_016,0.8483300805091858,False
240,task_0241,2_014,5,250,task_0251,2_016,0.8447848558425903,False
240,task_0241,2_014,6,251,task_0252,2_016,0.8112134337425232,False
240,task_0241,2_014,7,196,task_0197,2_003,0.8027670383453369,False
240,task_0241,2_014,8,198,task_0199,2_003,0.8025979399681091,False
240,task_0241,2_014,9,197,task_0198,2_003,0.799325168132782,False
240,task_0241,2_014,10,224,task_0225,2_010,0.7831915616989136,False
241,task_0242,2_014,1,242,task_0243,2_014,0.9414549469947815,True
241,task_0242,2_014,2,240,task_0241,2_014,0.934099555015564,True
241,task_0242,2_014,3,243,task_0244,2_014,0.8995188474655151,True
241,task_0242,2_014,4,248,task_0249,2_016,0.8626670837402344,False
241,task_0242,2_014,5,250,task_0251,2_016,0.8524436950683594,False
241,task_0242,2_014,6,251,task_0252,2_016,0.8390148878097534,False
241,task_0242,2_014,7,224,task_0225,2_010,0.7985525727272034,False
241,task_0242,2_014,8,197,task_0198,2_003,0.7976581454277039,False
241,task_0242,2_014,9,196,task_0197,2_003,0.7932302355766296,False
241,task_0242,2_014,10,198,task_0199,2_003,0.7909272909164429,False
242,task_0243,2_014,1,240,task_0241,2_014,0.953449010848999,True
242,task_0243,2_014,2,241,task_0242,2_014,0.9414549469947815,True
242,task_0243,2_014,3,243,task_0244,2_014,0.8985669612884521,True
242,task_0243,2_014,4,248,task_0249,2_016,0.8448213338851929,False
242,task_0243,2_014,5,250,task_0251,2_016,0.8401393294334412,False
242,task_0243,2_014,6,251,task_0252,2_016,0.8069424033164978,False
242,task_0243,2_014,7,197,task_0198,2_003,0.8026354312896729,False
242,task_0243,2_014,8,196,task_0197,2_003,0.7961599230766296,False
242,task_0243,2_014,9,198,task_0199,2_003,0.7904964089393616,False
242,task_0243,2_014,10,224,task_0225,2_010,0.7780832648277283,False
243,task_0244,2_014,1,241,task_0242,2_014,0.8995188474655151,True
243,task_0244,2_014,2,242,task_0243,2_014,0.8985669612884521,True
243,task_0244,2_014,3,240,task_0241,2_014,0.8977526426315308,True
243,task_0244,2_014,4,248,task_0249,2_016,0.8296623229980469,False
243,task_0244,2_014,5,250,task_0251,2_016,0.8175676465034485,False
243,task_0244,2_014,6,197,task_0198,2_003,0.8067846894264221,False
243,task_0244,2_014,7,251,task_0252,2_016,0.786361813545227,False
243,task_0244,2_014,8,196,task_0197,2_003,0.7728907465934753,False
243,task_0244,2_014,9,199,task_0200,2_003,0.7687468528747559,False
243,task_0244,2_014,10,198,task_0199,2_003,0.7661331295967102,False
244,task_0245,2_015,1,246,task_0247,2_015,0.9401862025260925,True
244,task_0245,2_015,2,247,task_0248,2_015,0.8495169878005981,True
244,task_0245,2_015,3,245,task_0246,2_015,0.7977123260498047,True
244,task_0245,2_015,4,227,task_0228,2_010,0.7661939859390259,False
244,task_0245,2_015,5,346,task_0347,2_040,0.7608795166015625,False
244,task_0245,2_015,6,295,task_0296,2_027,0.7579792141914368,False
244,task_0245,2_015,7,275,task_0276,2_022,0.7462418675422668,False
244,task_0245,2_015,8,282,task_0283,2_024,0.745881199836731,False
244,task_0245,2_015,9,241,task_0242,2_014,0.7455946207046509,False
244,task_0245,2_015,10,294,task_0295,2_027,0.7452056407928467,False
245,task_0246,2_015,1,247,task_0248,2_015,0.8699836730957031,True
245,task_0246,2_015,2,244,task_0245,2_015,0.7977123260498047,True
245,task_0246,2_015,3,346,task_0347,2_040,0.7858868837356567,False
245,task_0246,2_015,4,246,task_0247,2_015,0.7696646451950073,True
245,task_0246,2_015,5,345,task_0346,2_040,0.7599502801895142,False
245,task_0246,2_015,6,344,task_0345,2_040,0.7543210983276367,False
245,task_0246,2_015,7,343,task_0344,2_039,0.7017375230789185,False
245,task_0246,2_015,8,294,task_0295,2_027,0.6979033350944519,False
245,task_0246,2_015,9,295,task_0296,2_027,0.6906718611717224,False
245,task_0246,2_015,10,299,task_0300,2_028,0.6717870235443115,False
246,task_0247,2_015,1,244,task_0245,2_015,0.9401862025260925,True
246,task_0247,2_015,2,247,task_0248,2_015,0.8183884620666504,True
246,task_0247,2_015,3,227,task_0228,2_010,0.8020858764648438,False
246,task_0247,2_015,4,295,task_0296,2_027,0.7765620350837708,False
246,task_0247,2_015,5,225,task_0226,2_010,0.7747846841812134,False
246,task_0247,2_015,6,197,task_0198,2_003,0.769756555557251,False
246,task_0247,2_015,7,245,task_0246,2_015,0.7696646451950073,True
246,task_0247,2_015,8,294,task_0295,2_027,0.765981137752533,False
246,task_0247,2_015,9,268,task_0269,2_021,0.7647324800491333,False
246,task_0247,2_015,10,221,task_0222,2_009,0.7618770599365234,False
247,task_0248,2_015,1,245,task_0246,2_015,0.8699836730957031,True
247,task_0248,2_015,2,244,task_0245,2_015,0.8495169878005981,True
247,task_0248,2_015,3,246,task_0247,2_015,0.8183884620666504,True
247,task_0248,2_015,4,203,task_0204,2_004,0.741656482219696,False
247,task_0248,2_015,5,191,task_0192,2_001,0.7316684126853943,False
247,task_0248,2_015,6,346,task_0347,2_040,0.7252928018569946,False
247,task_0248,2_015,7,344,task_0345,2_040,0.6975252628326416,False
247,task_0248,2_015,8,345,task_0346,2_040,0.6932664513587952,False
247,task_0248,2_015,9,209,task_0210,2_006,0.6843618154525757,False
247,task_0248,2_015,10,294,task_0295,2_027,0.6772716641426086,False
248,task_0249,2_016,1,250,task_0251,2_016,0.97810959815979,True
248,task_0249,2_016,2,251,task_0252,2_016,0.9226207733154297,True
248,task_0249,2_016,3,241,task_0242,2_014,0.8626670837402344,False
248,task_0249,2_016,4,240,task_0241,2_014,0.8483300805091858,False
248,task_0249,2_016,5,242,task_0243,2_014,0.8448213338851929,False
248,task_0249,2_016,6,249,task_0250,2_016,0.8377829194068909,True
248,task_0249,2_016,7,281,task_0282,2_024,0.8376353979110718,False
248,task_0249,2_016,8,282,task_0283,2_024,0.8355271220207214,False
248,task_0249,2_016,9,268,task_0269,2_021,0.8337195515632629,False
248,task_0249,2_016,10,243,task_0244,2_014,0.8296623229980469,False
249,task_0250,2_016,1,251,task_0252,2_016,0.908961832523346,True
249,task_0250,2_016,2,250,task_0251,2_016,0.8436974287033081,True
249,task_0250,2_016,3,248,task_0249,2_016,0.8377829194068909,True
249,task_0250,2_016,4,315,task_0316,2_032,0.7830693125724792,False
249,task_0250,2_016,5,268,task_0269,2_021,0.7797799110412598,False
249,task_0250,2_016,6,282,task_0283,2_024,0.7768657207489014,False
249,task_0250,2_016,7,280,task_0281,2_024,0.7766062617301941,False
249,task_0250,2_016,8,281,task_0282,2_024,0.7729070782661438,False
249,task_0250,2_016,9,272,task_0273,2_022,0.7702510952949524,False
249,task_0250,2_016,10,314,task_0315,2_032,0.7677802443504333,False
250,task_0251,2_016,1,248,task_0249,2_016,0.97810959815979,True
250,task_0251,2_016,2,251,task_0252,2_016,0.937997579574585,True
250,task_0251,2_016,3,241,task_0242,2_014,0.8524436950683594,False
250,task_0251,2_016,4,240,task_0241,2_014,0.8447848558425903,False
250,task_0251,2_016,5,249,task_0250,2_016,0.8436974287033081,True
250,task_0251,2_016,6,242,task_0243,2_014,0.8401393294334412,False
250,task_0251,2_016,7,268,task_0269,2_021,0.8325979113578796,False
250,task_0251,2_016,8,282,task_0283,2_024,0.8288152813911438,False
250,task_0251,2_016,9,281,task_0282,2_024,0.8209773898124695,False
250,task_0251,2_016,10,243,task_0244,2_014,0.8175676465034485,False
251,task_0252,2_016,1,250,task_0251,2_016,0.937997579574585,True
251,task_0252,2_016,2,248,task_0249,2_016,0.9226207733154297,True
251,task_0252,2_016,3,249,task_0250,2_016,0.908961832523346,True
251,task_0252,2_016,4,241,task_0242,2_014,0.8390148878097534,False
251,task_0252,2_016,5,295,task_0296,2_027,0.8232734799385071,False
251,task_0252,2_016,6,268,task_0269,2_021,0.8142765760421753,False
251,task_0252,2_016,7,258,task_0259,2_018,0.8121680021286011,False
251,task_0252,2_016,8,282,task_0283,2_024,0.8115943670272827,False
251,task_0252,2_016,9,240,task_0241,2_014,0.8112134337425232,False
251,task_0252,2_016,10,242,task_0243,2_014,0.8069424033164978,False
252,task_0253,2_017,1,253,task_0254,2_017,0.8870961666107178,True
252,task_0253,2_017,2,254,task_0255,2_017,0.8733673095703125,True
252,task_0253,2_017,3,255,task_0256,2_017,0.8530181646347046,True
252,task_0253,2_017,4,237,task_0238,2_013,0.8254477381706238,False
252,task_0253,2_017,5,239,task_0240,2_013,0.8071422576904297,False
252,task_0253,2_017,6,262,task_0263,2_019,0.7986785769462585,False
252,task_0253,2_017,7,260,task_0261,2_019,0.7842175364494324,False
252,task_0253,2_017,8,285,task_0286,2_025,0.7695766687393188,False
252,task_0253,2_017,9,296,task_0297,2_028,0.7685359120368958,False
252,task_0253,2_017,10,299,task_0300,2_028,0.7464275360107422,False
253,task_0254,2_017,1,255,task_0256,2_017,0.9146137237548828,True
253,task_0254,2_017,2,252,task_0253,2_017,0.8870961666107178,True
253,task_0254,2_017,3,260,task_0261,2_019,0.8486619591712952,False
253,task_0254,2_017,4,254,task_0255,2_017,0.8418540954589844,True
253,task_0254,2_017,5,262,task_0263,2_019,0.8226546049118042,False
253,task_0254,2_017,6,237,task_0238,2_013,0.7976899147033691,False
253,task_0254,2_017,7,239,task_0240,2_013,0.792417585849762,False
253,task_0254,2_017,8,285,task_0286,2_025,0.7902226448059082,False
253,task_0254,2_017,9,195,task_0196,2_002,0.7801852226257324,False
253,task_0254,2_017,10,296,task_0297,2_028,0.7602216005325317,False
254,task_0255,2_017,1,252,task_0253,2_017,0.8733673095703125,True
254,task_0255,2_017,2,255,task_0256,2_017,0.8465777635574341,True
254,task_0255,2_017,3,253,task_0254,2_017,0.8418540954589844,True
254,task_0255,2_017,4,262,task_0263,2_019,0.7761027216911316,False
254,task_0255,2_017,5,237,task_0238,2_013,0.7488497495651245,False
254,task_0255,2_017,6,239,task_0240,2_013,0.7387624979019165,False
254,task_0255,2_017,7,260,task_0261,2_019,0.7356652617454529,False
254,task_0255,2_017,8,297,task_0298,2_028,0.7328250408172607,False
254,task_0255,2_017,9,285,task_0286,2_025,0.7288001775741577,False
254,task_0255,2_017,10,296,task_0297,2_028,0.7136427164077759,False
255,task_0256,2_017,1,253,task_0254,2_017,0.9146137237548828,True
255,task_0256,2_017,2,252,task_0253,2_017,0.8530181646347046,True
255,task_0256,2_017,3,254,task_0255,2_017,0.8465777635574341,True
255,task_0256,2_017,4,262,task_0263,2_019,0.8312368392944336,False
255,task_0256,2_017,5,195,task_0196,2_002,0.8176047801971436,False
255,task_0256,2_017,6,260,task_0261,2_019,0.8050576448440552,False
255,task_0256,2_017,7,285,task_0286,2_025,0.8029305338859558,False
255,task_0256,2_017,8,237,task_0238,2_013,0.7874186038970947,False
255,task_0256,2_017,9,239,task_0240,2_013,0.7871472835540771,False
255,task_0256,2_017,10,287,task_0288,2_025,0.7701601386070251,False
256,task_0257,2_018,1,258,task_0259,2_018,0.9796587824821472,True
256,task_0257,2_018,2,259,task_0260,2_018,0.8754083514213562,True
256,task_0257,2_018,3,257,task_0258,2_018,0.8692564964294434,True
256,task_0257,2_018,4,303,task_0304,2_029,0.855404794216156,False
256,task_0257,2_018,5,268,task_0269,2_021,0.853110671043396,False
256,task_0257,2_018,6,300,task_0301,2_029,0.8426327705383301,False
256,task_0257,2_018,7,269,task_0270,2_021,0.8368419408798218,False
256,task_0257,2_018,8,281,task_0282,2_024,0.8355178833007812,False
256,task_0257,2_018,9,302,task_0303,2_029,0.8349472284317017,False
256,task_0257,2_018,10,301,task_0302,2_029,0.8343722820281982,False
257,task_0258,2_018,1,259,task_0260,2_018,0.9595597386360168,True
257,task_0258,2_018,2,256,task_0257,2_018,0.8692564964294434,True
257,task_0258,2_018,3,258,task_0259,2_018,0.8657519817352295,True
257,task_0258,2_018,4,281,task_0282,2_024,0.8147175312042236,False
257,task_0258,2_018,5,282,task_0283,2_024,0.7973952889442444,False
257,task_0258,2_018,6,226,task_0227,2_010,0.7821229696273804,False
257,task_0258,2_018,7,206,task_0207,2_005,0.7813329100608826,False
257,task_0258,2_018,8,280,task_0281,2_024,0.7809908390045166,False
257,task_0258,2_018,9,312,task_0313,2_032,0.7798833250999451,False
257,task_0258,2_018,10,295,task_0296,2_027,0.7797751426696777,False
258,task_0259,2_018,1,256,task_0257,2_018,0.9796587824821472,True
258,task_0259,2_018,2,268,task_0269,2_021,0.8679941892623901,False
258,task_0259,2_018,3,259,task_0260,2_018,0.8664649128913879,True
258,task_0259,2_018,4,257,task_0258,2_018,0.8657519817352295,True
258,task_0259,2_018,5,303,task_0304,2_029,0.864072322845459,False
258,task_0259,2_018,6,301,task_0302,2_029,0.8529492020606995,False
258,task_0259,2_018,7,300,task_0301,2_029,0.8479065299034119,False
258,task_0259,2_018,8,281,task_0282,2_024,0.8461602330207825,False
258,task_0259,2_018,9,282,task_0283,2_024,0.8412368297576904,False
258,task_0259,2_018,10,302,task_0303,2_029,0.8398773670196533,False
259,task_0260,2_018,1,257,task_0258,2_018,0.9595597386360168,True
259,task_0260,2_018,2,256,task_0257,2_018,0.8754083514213562,True
259,task_0260,2_018,3,258,task_0259,2_018,0.8664649128913879,True
259,task_0260,2_018,4,281,task_0282,2_024,0.8179854154586792,False
259,task_0260,2_018,5,282,task_0283,2_024,0.7962163686752319,False
259,task_0260,2_018,6,268,task_0269,2_021,0.7910970449447632,False
259,task_0260,2_018,7,269,task_0270,2_021,0.7891815304756165,False
259,task_0260,2_018,8,271,task_0272,2_021,0.7874690890312195,False
259,task_0260,2_018,9,206,task_0207,2_005,0.7868655323982239,False
259,task_0260,2_018,10,280,task_0281,2_024,0.7862486839294434,False
260,task_0261,2_019,1,262,task_0263,2_019,0.8804894089698792,True
260,task_0261,2_019,2,253,task_0254,2_017,0.8486619591712952,False
260,task_0261,2_019,3,255,task_0256,2_017,0.8050576448440552,False
260,task_0261,2_019,4,237,task_0238,2_013,0.7999266386032104,False
260,task_0261,2_019,5,299,task_0300,2_028,0.7938581109046936,False
260,task_0261,2_019,6,296,task_0297,2_028,0.7883238196372986,False
260,task_0261,2_019,7,285,task_0286,2_025,0.7869200110435486,False
260,task_0261,2_019,8,252,task_0253,2_017,0.7842175364494324,False
260,task_0261,2_019,9,239,task_0240,2_013,0.7839884161949158,False
260,task_0261,2_019,10,194,task_0195,2_002,0.7431806325912476,False
261,task_0262,2_019,1,263,task_0264,2_019,0.8719784021377563,True
261,task_0262,2_019,2,307,task_0308,2_030,0.7939454913139343,False
261,task_0262,2_019,3,304,task_0305,2_030,0.7809767723083496,False
261,task_0262,2_019,4,306,task_0307,2_030,0.7748174071311951,False
261,task_0262,2_019,5,305,task_0306,2_030,0.7629166841506958,False
261,task_0262,2_019,6,316,task_0317,2_033,0.7608403563499451,False
261,task_0262,2_019,7,262,task_0263,2_019,0.7595630288124084,True
261,task_0262,2_019,8,318,task_0319,2_033,0.7525777816772461,False
261,task_0262,2_019,9,194,task_0195,2_002,0.7476452589035034,False
261,task_0262,2_019,10,192,task_0193,2_002,0.7353036403656006,False
262,task_0263,2_019,1,260,task_0261,2_019,0.8804894089698792,True
262,task_0263,2_019,2,194,task_0195,2_002,0.835356593132019,False
262,task_0263,2_019,3,255,task_0256,2_017,0.8312368392944336,False
262,task_0263,2_019,4,253,task_0254,2_017,0.8226546049118042,False
262,task_0263,2_019,5,296,task_0297,2_028,0.8047224879264832,False
262,task_0263,2_019,6,299,task_0300,2_028,0.80074542760849,False
262,task_0263,2_019,7,252,task_0253,2_017,0.7986785769462585,False
262,task_0263,2_019,8,297,task_0298,2_028,0.7888883948326111,False
262,task_0263,2_019,9,285,task_0286,2_025,0.778756320476532,False
262,task_0263,2_019,10,254,task_0255,2_017,0.7761027216911316,False
263,task_0264,2_019,1,261,task_0262,2_019,0.8719784021377563,True
263,task_0264,2_019,2,307,task_0308,2_030,0.7847298383712769,False
263,task_0264,2_019,3,304,task_0305,2_030,0.7768672108650208,False
263,task_0264,2_019,4,262,task_0263,2_019,0.7760896682739258,True
263,task_0264,2_019,5,194,task_0195,2_002,0.7553500533103943,False
263,task_0264,2_019,6,316,task_0317,2_033,0.7513012886047363,False
263,task_0264,2_019,7,306,task_0307,2_030,0.748234748840332,False
263,task_0264,2_019,8,318,task_0319,2_033,0.7455254197120667,False
263,task_0264,2_019,9,260,task_0261,2_019,0.7397053241729736,True
263,task_0264,2_019,10,305,task_0306,2_030,0.7075573801994324,False
264,task_0265,2_020,1,265,task_0266,2_020,0.9018704891204834,True
264,task_0265,2_020,2,267,task_0268,2_020,0.6844998598098755,True
264,task_0265,2_020,3,205,task_0206,2_005,0.665997326374054,False
264,task_0265,2_020,4,213,task_0214,2_007,0.6496835350990295,False
264,task_0265,2_020,5,266,task_0267,2_020,0.6468549370765686,True
264,task_0265,2_020,6,286,task_0287,2_025,0.6457474231719971,False
264,task_0265,2_020,7,208,task_0209,2_006,0.63055419921875,False
264,task_0265,2_020,8,206,task_0207,2_005,0.6256579756736755,False
264,task_0265,2_020,9,277,task_0278,2_023,0.6159489154815674,False
264,task_0265,2_020,10,279,task_0280,2_023,0.6151261329650879,False
265,task_0266,2_020,1,264,task_0265,2_020,0.9018704891204834,True
265,task_0266,2_020,2,267,task_0268,2_020,0.7427473664283752,True
265,task_0266,2_020,3,286,task_0287,2_025,0.661456823348999,False
265,task_0266,2_020,4,266,task_0267,2_020,0.6530702114105225,True
265,task_0266,2_020,5,205,task_0206,2_005,0.6520729660987854,False
265,task_0266,2_020,6,213,task_0214,2_007,0.6460272669792175,False
265,task_0266,2_020,7,211,task_0212,2_006,0.6357567310333252,False
265,task_0266,2_020,8,208,task_0209,2_006,0.6356253623962402,False
265,task_0266,2_020,9,276,task_0277,2_023,0.6292388439178467,False
265,task_0266,2_020,10,328,task_0329,2_036,0.6267741918563843,False
266,task_0267,2_020,1,215,task_0216,2_007,0.7062324285507202,False
266,task_0267,2_020,2,267,task_0268,2_020,0.7013535499572754,True
266,task_0267,2_020,3,213,task_0214,2_007,0.6930649876594543,False
266,task_0267,2_020,4,278,task_0279,2_023,0.6918530464172363,False
266,task_0267,2_020,5,276,task_0277,2_023,0.6915688514709473,False
266,task_0267,2_020,6,265,task_0266,2_020,0.6530702114105225,True
266,task_0267,2_020,7,279,task_0280,2_023,0.6469228267669678,False
266,task_0267,2_020,8,264,task_0265,2_020,0.6468549370765686,True
266,task_0267,2_020,9,286,task_0287,2_025,0.6297559142112732,False
266,task_0267,2_020,10,208,task_0209,2_006,0.6124107837677002,False
267,task_0268,2_020,1,265,task_0266,2_020,0.7427473664283752,True
267,task_0268,2_020,2,266,task_0267,2_020,0.7013535499572754,True
267,task_0268,2_020,3,286,task_0287,2_025,0.696452796459198,False
267,task_0268,2_020,4,213,task_0214,2_007,0.6860408782958984,False
267,task_0268,2_020,5,264,task_0265,2_020,0.6844998598098755,True
267,task_0268,2_020,6,214,task_0215,2_007,0.6636523008346558,False
267,task_0268,2_020,7,276,task_0277,2_023,0.6595425605773926,False
267,task_0268,2_020,8,215,task_0216,2_007,0.6546211242675781,False
267,task_0268,2_020,9,212,task_0213,2_007,0.6495195031166077,False
267,task_0268,2_020,10,600,task_0601,4_010,0.6465387940406799,False
268,task_0269,2_021,1,269,task_0270,2_021,0.9160313606262207,True
268,task_0269,2_021,2,270,task_0271,2_021,0.8921042680740356,True
268,task_0269,2_021,3,271,task_0272,2_021,0.8715870380401611,True
268,task_0269,2_021,4,258,task_0259,2_018,0.8679941892623901,False
268,task_0269,2_021,5,256,task_0257,2_018,0.853110671043396,False
268,task_0269,2_021,6,301,task_0302,2_029,0.8476448059082031,False
268,task_0269,2_021,7,283,task_0284,2_024,0.8390318155288696,False
268,task_0269,2_021,8,280,task_0281,2_024,0.8360456824302673,False
268,task_0269,2_021,9,248,task_0249,2_016,0.8337195515632629,False
268,task_0269,2_021,10,250,task_0251,2_016,0.8325979113578796,False
269,task_0270,2_021,1,271,task_0272,2_021,0.9346535205841064,True
269,task_0270,2_021,2,270,task_0271,2_021,0.918822705745697,True
269,task_0270,2_021,3,268,task_0269,2_021,0.9160313606262207,True
269,task_0270,2_021,4,283,task_0284,2_024,0.8633402585983276,False
269,task_0270,2_021,5,280,task_0281,2_024,0.858893871307373,False
269,task_0270,2_021,6,281,task_0282,2_024,0.8482409715652466,False
269,task_0270,2_021,7,258,task_0259,2_018,0.8387525677680969,False
269,task_0270,2_021,8,256,task_0257,2_018,0.8368419408798218,False
269,task_0270,2_021,9,282,task_0283,2_024,0.833451509475708,False
269,task_0270,2_021,10,301,task_0302,2_029,0.818115234375,False
270,task_0271,2_021,1,271,task_0272,2_021,0.9511638879776001,True
270,task_0271,2_021,2,269,task_0270,2_021,0.918822705745697,True
270,task_0271,2_021,3,268,task_0269,2_021,0.8921042680740356,True
270,task_0271,2_021,4,281,task_0282,2_024,0.8681192398071289,False
270,task_0271,2_021,5,283,task_0284,2_024,0.8571118116378784,False
270,task_0271,2_021,6,280,task_0281,2_024,0.852901816368103,False
270,task_0271,2_021,7,282,task_0283,2_024,0.8341988325119019,False
270,task_0271,2_021,8,256,task_0257,2_018,0.8259003758430481,False
270,task_0271,2_021,9,258,task_0259,2_018,0.8257181644439697,False
270,task_0271,2_021,10,303,task_0304,2_029,0.8213954567909241,False
271,task_0272,2_021,1,270,task_0271,2_021,0.9511638879776001,True
271,task_0272,2_021,2,269,task_0270,2_021,0.9346535205841064,True
271,task_0272,2_021,3,268,task_0269,2_021,0.8715870380401611,True
271,task_0272,2_021,4,281,task_0282,2_024,0.8664668798446655,False
271,task_0272,2_021,5,283,task_0284,2_024,0.8538044095039368,False
271,task_0272,2_021,6,280,task_0281,2_024,0.8477461338043213,False
271,task_0272,2_021,7,258,task_0259,2_018,0.8303149938583374,False
271,task_0272,2_021,8,303,task_0304,2_029,0.8289319276809692,False
271,task_0272,2_021,9,256,task_0257,2_018,0.8257855176925659,False
271,task_0272,2_021,10,282,task_0283,2_024,0.8234343528747559,False
272,task_0273,2_022,1,274,task_0275,2_022,0.9080526828765869,True
272,task_0273,2_022,2,273,task_0274,2_022,0.8542490005493164,True
272,task_0273,2_022,3,275,task_0276,2_022,0.8539232015609741,True
272,task_0273,2_022,4,282,task_0283,2_024,0.8435623645782471,False
272,task_0273,2_022,5,280,task_0281,2_024,0.8316606283187866,False
272,task_0273,2_022,6,314,task_0315,2_032,0.8145130276679993,False
272,task_0273,2_022,7,283,task_0284,2_024,0.7954897284507751,False
272,task_0273,2_022,8,251,task_0252,2_016,0.7950848937034607,False
272,task_0273,2_022,9,293,task_0294,2_027,0.7934368848800659,False
272,task_0273,2_022,10,226,task_0227,2_010,0.7909926176071167,False
273,task_0274,2_022,1,274,task_0275,2_022,0.8551233410835266,True
273,task_0274,2_022,2,272,task_0273,2_022,0.8542490005493164,True
273,task_0274,2_022,3,275,task_0276,2_022,0.8145318031311035,True
273,task_0274,2_022,4,313,task_0314,2_032,0.7807551026344299,False
273,task_0274,2_022,5,314,task_0315,2_032,0.7706977725028992,False
273,task_0274,2_022,6,282,task_0283,2_024,0.7661482095718384,False
273,task_0274,2_022,7,315,task_0316,2_032,0.7594835758209229,False
273,task_0274,2_022,8,280,task_0281,2_024,0.7472310662269592,False
273,task_0274,2_022,9,293,task_0294,2_027,0.7442994117736816,False
273,task_0274,2_022,10,281,task_0282,2_024,0.7355183362960815,False
274,task_0275,2_022,1,272,task_0273,2_022,0.9080526828765869,True
274,task_0275,2_022,2,275,task_0276,2_022,0.9030144214630127,True
274,task_0275,2_022,3,273,task_0274,2_022,0.8551233410835266,True
274,task_0275,2_022,4,314,task_0315,2_032,0.8513543605804443,False
274,task_0275,2_022,5,282,task_0283,2_024,0.8381747007369995,False
274,task_0275,2_022,6,280,task_0281,2_024,0.8313280344009399,False
274,task_0275,2_022,7,313,task_0314,2_032,0.8261014223098755,False
274,task_0275,2_022,8,281,task_0282,2_024,0.8134740591049194,False
274,task_0275,2_022,9,293,task_0294,2_027,0.8099278211593628,False
274,task_0275,2_022,10,315,task_0316,2_032,0.8088566064834595,False
275,task_0276,2_022,1,274,task_0275,2_022,0.9030144214630127,True
275,task_0276,2_022,2,293,task_0294,2_027,0.8654411435127258,False
275,task_0276,2_022,3,312,task_0313,2_032,0.8616668581962585,False
275,task_0276,2_022,4,314,task_0315,2_032,0.8561227917671204,False
275,task_0276,2_022,5,272,task_0273,2_022,0.8539232015609741,True
275,task_0276,2_022,6,282,task_0283,2_024,0.8522560000419617,False
275,task_0276,2_022,7,295,task_0296,2_027,0.8515225648880005,False
275,task_0276,2_022,8,281,task_0282,2_024,0.8439058065414429,False
275,task_0276,2_022,9,292,task_0293,2_027,0.8342034220695496,False
275,task_0276,2_022,10,280,task_0281,2_024,0.834099531173706,False
276,task_0277,2_023,1,277,task_0278,2_023,0.848110556602478,True
276,task_0277,2_023,2,278,task_0279,2_023,0.8391880989074707,True
276,task_0277,2_023,3,279,task_0280,2_023,0.8344207406044006,True
276,task_0277,2_023,4,213,task_0214,2_007,0.7083980441093445,False
276,task_0277,2_023,5,215,task_0216,2_007,0.7021731734275818,False
276,task_0277,2_023,6,208,task_0209,2_006,0.6934203505516052,False
276,task_0277,2_023,7,266,task_0267,2_020,0.6915688514709473,False
276,task_0277,2_023,8,328,task_0329,2_036,0.6842988729476929,False
276,task_0277,2_023,9,216,task_0217,2_008,0.6789183616638184,False
276,task_0277,2_023,10,219,task_0220,2_008,0.6784304976463318,False
277,task_0278,2_023,1,279,task_0280,2_023,0.9685492515563965,True
277,task_0278,2_023,2,276,task_0277,2_023,0.848110556602478,True
277,task_0278,2_023,3,335,task_0336,2_037,0.7602689266204834,False
277,task_0278,2_023,4,278,task_0279,2_023,0.7531720995903015,True
277,task_0278,2_023,5,339,task_0340,2_038,0.7506132125854492,False
277,task_0278,2_023,6,337,task_0338,2_038,0.7450018525123596,False
277,task_0278,2_023,7,222,task_0223,2_009,0.7448648810386658,False
277,task_0278,2_023,8,341,task_0342,2_039,0.7433797121047974,False
277,task_0278,2_023,9,208,task_0209,2_006,0.7324367165565491,False
277,task_0278,2_023,10,227,task_0228,2_010,0.7296909093856812,False
278,task_0279,2_023,1,276,task_0277,2_023,0.8391880989074707,True
278,task_0279,2_023,2,277,task_0278,2_023,0.7531720995903015,True
278,task_0279,2_023,3,279,task_0280,2_023,0.7499302625656128,True
278,task_0279,2_023,4,266,task_0267,2_020,0.6918530464172363,False
278,task_0279,2_023,5,208,task_0209,2_006,0.6821743845939636,False
278,task_0279,2_023,6,213,task_0214,2_007,0.652825117111206,False
278,task_0279,2_023,7,328,task_0329,2_036,0.6378266215324402,False
278,task_0279,2_023,8,215,task_0216,2_007,0.6339340806007385,False
278,task_0279,2_023,9,205,task_0206,2_005,0.6302902102470398,False
278,task_0279,2_023,10,239,task_0240,2_013,0.6245760321617126,False
279,task_0280,2_023,1,277,task_0278,2_023,0.9685492515563965,True
279,task_0280,2_023,2,276,task_0277,2_023,0.8344207406044006,True
279,task_0280,2_023,3,278,task_0279,2_023,0.7499302625656128,True
279,task_0280,2_023,4,335,task_0336,2_037,0.7482407093048096,False
279,task_0280,2_023,5,339,task_0340,2_038,0.7374473810195923,False
279,task_0280,2_023,6,337,task_0338,2_038,0.7371287941932678,False
279,task_0280,2_023,7,341,task_0342,2_039,0.7325349450111389,False
279,task_0280,2_023,8,222,task_0223,2_009,0.7271490097045898,False
279,task_0280,2_023,9,227,task_0228,2_010,0.7209028601646423,False
279,task_0280,2_023,10,208,task_0209,2_006,0.7198634743690491,False
280,task_0281,2_024,1,283,task_0284,2_024,0.9539734721183777,True
280,task_0281,2_024,2,282,task_0283,2_024,0.9381381273269653,True
280,task_0281,2_024,3,281,task_0282,2_024,0.8958141207695007,True
280,task_0281,2_024,4,314,task_0315,2_032,0.87541663646698,False
280,task_0281,2_024,5,269,task_0270,2_021,0.858893871307373,False
280,task_0281,2_024,6,270,task_0271,2_021,0.852901816368103,False
280,task_0281,2_024,7,315,task_0316,2_032,0.8499775528907776,False
280,task_0281,2_024,8,271,task_0272,2_021,0.8477461338043213,False
280,task_0281,2_024,9,268,task_0269,2_021,0.8360456824302673,False
280,task_0281,2_024,10,275,task_0276,2_022,0.834099531173706,False
281,task_0282,2_024,1,282,task_0283,2_024,0.9126126766204834,True
281,task_0282,2_024,2,280,task_0281,2_024,0.8958141207695007,True
281,task_0282,2_024,3,283,task_0284,2_024,0.8922139406204224,True
281,task_0282,2_024,4,312,task_0313,2_032,0.8840309977531433,False
281,task_0282,2_024,5,313,task_0314,2_032,0.8729000687599182,False
281,task_0282,2_024,6,270,task_0271,2_021,0.8681192398071289,False
281,task_0282,2_024,7,271,task_0272,2_021,0.8664668798446655,False
281,task_0282,2_024,8,269,task_0270,2_021,0.8482409715652466,False
281,task_0282,2_024,9,258,task_0259,2_018,0.8461602330207825,False
281,task_0282,2_024,10,275,task_0276,2_022,0.8439058065414429,False
282,task_0283,2_024,1,280,task_0281,2_024,0.9381381273269653,True
282,task_0283,2_024,2,281,task_0282,2_024,0.9126126766204834,True
282,task_0283,2_024,3,283,task_0284,2_024,0.9066598415374756,True
282,task_0283,2_024,4,312,task_0313,2_032,0.8713598847389221,False
282,task_0283,2_024,5,314,task_0315,2_032,0.8654148578643799,False
282,task_0283,2_024,6,275,task_0276,2_022,0.8522560000419617,False
282,task_0283,2_024,7,272,task_0273,2_022,0.8435623645782471,False
282,task_0283,2_024,8,258,task_0259,2_018,0.8412368297576904,False
282,task_0283,2_024,9,313,task_0314,2_032,0.8400198221206665,False
282,task_0283,2_024,10,293,task_0294,2_027,0.8396613001823425,False
283,task_0284,2_024,1,280,task_0281,2_024,0.9539734721183777,True
283,task_0284,2_024,2,282,task_0283,2_024,0.9066598415374756,True
283,task_0284,2_024,3,281,task_0282,2_024,0.8922139406204224,True
283,task_0284,2_024,4,269,task_0270,2_021,0.8633402585983276,False
283,task_0284,2_024,5,270,task_0271,2_021,0.8571118116378784,False
283,task_0284,2_024,6,271,task_0272,2_021,0.8538044095039368,False
283,task_0284,2_024,7,315,task_0316,2_032,0.8416182994842529,False
283,task_0284,2_024,8,268,task_0269,2_021,0.8390318155288696,False
283,task_0284,2_024,9,314,task_0315,2_032,0.8324535489082336,False
283,task_0284,2_024,10,275,task_0276,2_022,0.8151554465293884,False
284,task_0285,2_025,1,286,task_0287,2_025,0.8883723616600037,True
284,task_0285,2_025,2,211,task_0212,2_006,0.754557192325592,False
284,task_0285,2_025,3,285,task_0286,2_025,0.7414171695709229,True
284,task_0285,2_025,4,213,task_0214,2_007,0.7304204702377319,False
284,task_0285,2_025,5,208,task_0209,2_006,0.7296475172042847,False
284,task_0285,2_025,6,237,task_0238,2_013,0.7239569425582886,False
284,task_0285,2_025,7,214,task_0215,2_007,0.7202353477478027,False
284,task_0285,2_025,8,239,task_0240,2_013,0.7105040550231934,False
284,task_0285,2_025,9,331,task_0332,2_036,0.7103667855262756,False
284,task_0285,2_025,10,287,task_0288,2_025,0.7077898979187012,True
285,task_0286,2_025,1,287,task_0288,2_025,0.8567724823951721,True
285,task_0286,2_025,2,255,task_0256,2_017,0.8029305338859558,False
285,task_0286,2_025,3,237,task_0238,2_013,0.7976137399673462,False
285,task_0286,2_025,4,253,task_0254,2_017,0.7902226448059082,False
285,task_0286,2_025,5,260,task_0261,2_019,0.7869200110435486,False
285,task_0286,2_025,6,286,task_0287,2_025,0.7867160439491272,True
285,task_0286,2_025,7,239,task_0240,2_013,0.783969521522522,False
285,task_0286,2_025,8,262,task_0263,2_019,0.778756320476532,False
285,task_0286,2_025,9,252,task_0253,2_017,0.7695766687393188,False
285,task_0286,2_025,10,296,task_0297,2_028,0.7617818713188171,False
286,task_0287,2_025,1,284,task_0285,2_025,0.8883723616600037,True
286,task_0287,2_025,2,285,task_0286,2_025,0.7867160439491272,True
286,task_0287,2_025,3,239,task_0240,2_013,0.7725039720535278,False
286,task_0287,2_025,4,214,task_0215,2_007,0.7693014144897461,False
286,task_0287,2_025,5,237,task_0238,2_013,0.7629582285881042,False
286,task_0287,2_025,6,287,task_0288,2_025,0.7608013153076172,True
286,task_0287,2_025,7,208,task_0209,2_006,0.7554482817649841,False
286,task_0287,2_025,8,211,task_0212,2_006,0.7414551973342896,False
286,task_0287,2_025,9,212,task_0213,2_007,0.7381957769393921,False
286,task_0287,2_025,10,213,task_0214,2_007,0.7315155267715454,False
287,task_0288,2_025,1,285,task_0286,2_025,0.8567724823951721,True
287,task_0288,2_025,2,255,task_0256,2_017,0.7701601386070251,False
287,task_0288,2_025,3,286,task_0287,2_025,0.7608013153076172,True
287,task_0288,2_025,4,296,task_0297,2_028,0.7553556561470032,False
287,task_0288,2_025,5,208,task_0209,2_006,0.7444023489952087,False
287,task_0288,2_025,6,195,task_0196,2_002,0.7404899001121521,False
287,task_0288,2_025,7,237,task_0238,2_013,0.7333951592445374,False
287,task_0288,2_025,8,260,task_0261,2_019,0.7330676317214966,False
287,task_0288,2_025,9,253,task_0254,2_017,0.726283848285675,False
287,task_0288,2_025,10,299,task_0300,2_028,0.7251279950141907,False
288,task_0289,2_026,1,289,task_0290,2_026,0.9094802141189575,True
288,task_0289,2_026,2,290,task_0291,2_026,0.8958629369735718,True
288,task_0289,2_026,3,291,task_0292,2_026,0.88196861743927,True
288,task_0289,2_026,4,228,task_0229,2_011,0.8377549648284912,False
288,task_0289,2_026,5,230,task_0231,2_011,0.7875381708145142,False
288,task_0289,2_026,6,69,task_0070,1_018,0.7686151266098022,False
288,task_0289,2_026,7,333,task_0334,2_037,0.7515724301338196,False
288,task_0289,2_026,8,71,task_0072,1_018,0.7233406901359558,False
288,task_0289,2_026,9,231,task_0232,2_011,0.7205930352210999,False
288,task_0289,2_026,10,123,task_0124,1_031,0.7133488059043884,False
289,task_0290,2_026,1,291,task_0292,2_026,0.9158977270126343,True
289,task_0290,2_026,2,288,task_0289,2_026,0.9094802141189575,True
289,task_0290,2_026,3,290,task_0291,2_026,0.8775136470794678,True
289,task_0290,2_026,4,228,task_0229,2_011,0.7861308455467224,False
289,task_0290,2_026,5,69,task_0070,1_018,0.7776376008987427,False
289,task_0290,2_026,6,230,task_0231,2_011,0.7722704410552979,False
289,task_0290,2_026,7,333,task_0334,2_037,0.7367655038833618,False
289,task_0290,2_026,8,71,task_0072,1_018,0.7281063199043274,False
289,task_0290,2_026,9,75,task_0076,1_019,0.7271419763565063,False
289,task_0290,2_026,10,73,task_0074,1_019,0.7247053980827332,False
290,task_0291,2_026,1,288,task_0289,2_026,0.8958629369735718,True
290,task_0291,2_026,2,289,task_0290,2_026,0.8775136470794678,True
290,task_0291,2_026,3,291,task_0292,2_026,0.8246932029724121,True
290,task_0291,2_026,4,228,task_0229,2_011,0.8050070405006409,False
290,task_0291,2_026,5,230,task_0231,2_011,0.7668530941009521,False
290,task_0291,2_026,6,333,task_0334,2_037,0.6722948551177979,False
290,task_0291,2_026,7,69,task_0070,1_018,0.6690671443939209,False
290,task_0291,2_026,8,75,task_0076,1_019,0.6682605147361755,False
290,task_0291,2_026,9,123,task_0124,1_031,0.6593172550201416,False
290,task_0291,2_026,10,103,task_0104,1_026,0.6505256295204163,False
291,task_0292,2_026,1,289,task_0290,2_026,0.9158977270126343,True
291,task_0292,2_026,2,288,task_0289,2_026,0.88196861743927,True
291,task_0292,2_026,3,290,task_0291,2_026,0.8246932029724121,True
291,task_0292,2_026,4,230,task_0231,2_011,0.7935835123062134,False
291,task_0292,2_026,5,69,task_0070,1_018,0.7891933917999268,False
291,task_0292,2_026,6,228,task_0229,2_011,0.7744202017784119,False
291,task_0292,2_026,7,231,task_0232,2_011,0.7667539119720459,False
291,task_0292,2_026,8,333,task_0334,2_037,0.7558534145355225,False
291,task_0292,2_026,9,123,task_0124,1_031,0.7296571135520935,False
291,task_0292,2_026,10,71,task_0072,1_018,0.7231430411338806,False
292,task_0293,2_027,1,293,task_0294,2_027,0.9582991600036621,True
292,task_0293,2_027,2,294,task_0295,2_027,0.9544060230255127,True
292,task_0293,2_027,3,295,task_0296,2_027,0.9228156208992004,True
292,task_0293,2_027,4,314,task_0315,2_032,0.8596479296684265,False
292,task_0293,2_027,5,275,task_0276,2_022,0.8342034220695496,False
292,task_0293,2_027,6,282,task_0283,2_024,0.827087938785553,False
292,task_0293,2_027,7,280,task_0281,2_024,0.8166647553443909,False
292,task_0293,2_027,8,312,task_0313,2_032,0.814622163772583,False
292,task_0293,2_027,9,313,task_0314,2_032,0.8116438388824463,False
292,task_0293,2_027,10,206,task_0207,2_005,0.8013466596603394,False
293,task_0294,2_027,1,292,task_0293,2_027,0.9582991600036621,True
293,task_0294,2_027,2,294,task_0295,2_027,0.941072940826416,True
293,task_0294,2_027,3,295,task_0296,2_027,0.9383081197738647,True
293,task_0294,2_027,4,275,task_0276,2_022,0.8654411435127258,False
293,task_0294,2_027,5,314,task_0315,2_032,0.8624804019927979,False
293,task_0294,2_027,6,282,task_0283,2_024,0.8396613001823425,False
293,task_0294,2_027,7,312,task_0313,2_032,0.8351240754127502,False
293,task_0294,2_027,8,280,task_0281,2_024,0.8204525113105774,False
293,task_0294,2_027,9,313,task_0314,2_032,0.8106405735015869,False
293,task_0294,2_027,10,274,task_0275,2_022,0.8099278211593628,False
294,task_0295,2_027,1,292,task_0293,2_027,0.9544060230255127,True
294,task_0295,2_027,2,295,task_0296,2_027,0.9453575611114502,True
294,task_0295,2_027,3,293,task_0294,2_027,0.941072940826416,True
294,task_0295,2_027,4,312,task_0313,2_032,0.8384588956832886,False
294,task_0295,2_027,5,282,task_0283,2_024,0.8367334008216858,False
294,task_0295,2_027,6,313,task_0314,2_032,0.8242264986038208,False
294,task_0295,2_027,7,275,task_0276,2_022,0.8209365010261536,False
294,task_0295,2_027,8,314,task_0315,2_032,0.8202892541885376,False
294,task_0295,2_027,9,280,task_0281,2_024,0.8138208985328674,False
294,task_0295,2_027,10,281,task_0282,2_024,0.813751220703125,False
295,task_0296,2_027,1,294,task_0295,2_027,0.9453575611114502,True
295,task_0296,2_027,2,293,task_0294,2_027,0.9383081197738647,True
295,task_0296,2_027,3,292,task_0293,2_027,0.9228156208992004,True
295,task_0296,2_027,4,275,task_0276,2_022,0.8515225648880005,False
295,task_0296,2_027,5,312,task_0313,2_032,0.8436341285705566,False
295,task_0296,2_027,6,281,task_0282,2_024,0.829004168510437,False
295,task_0296,2_027,7,282,task_0283,2_024,0.82588130235672,False
295,task_0296,2_027,8,251,task_0252,2_016,0.8232734799385071,False
295,task_0296,2_027,9,248,task_0249,2_016,0.8212708234786987,False
295,task_0296,2_027,10,314,task_0315,2_032,0.8205137252807617,False
296,task_0297,2_028,1,299,task_0300,2_028,0.8791863322257996,True
296,task_0297,2_028,2,297,task_0298,2_028,0.8371877670288086,True
296,task_0297,2_028,3,298,task_0299,2_028,0.8209526538848877,True
296,task_0297,2_028,4,194,task_0195,2_002,0.8055886626243591,False
296,task_0297,2_028,5,262,task_0263,2_019,0.8047224879264832,False
296,task_0297,2_028,6,304,task_0305,2_030,0.8018225431442261,False
296,task_0297,2_028,7,306,task_0307,2_030,0.7988906502723694,False
296,task_0297,2_028,8,260,task_0261,2_019,0.7883238196372986,False
296,task_0297,2_028,9,205,task_0206,2_005,0.7873870730400085,False
296,task_0297,2_028,10,307,task_0308,2_030,0.7791197299957275,False
297,task_0298,2_028,1,298,task_0299,2_028,0.8896461725234985,True
297,task_0298,2_028,2,299,task_0300,2_028,0.8722841739654541,True
297,task_0298,2_028,3,296,task_0297,2_028,0.8371877670288086,True
297,task_0298,2_028,4,262,task_0263,2_019,0.7888883948326111,False
297,task_0298,2_028,5,304,task_0305,2_030,0.7710080146789551,False
297,task_0298,2_028,6,194,task_0195,2_002,0.76912522315979,False
297,task_0298,2_028,7,306,task_0307,2_030,0.7567574381828308,False
297,task_0298,2_028,8,192,task_0193,2_002,0.733884334564209,False
297,task_0298,2_028,9,254,task_0255,2_017,0.7328250408172607,False
297,task_0298,2_028,10,208,task_0209,2_006,0.7318044304847717,False
298,task_0299,2_028,1,297,task_0298,2_028,0.8896461725234985,True
298,task_0299,2_028,2,296,task_0297,2_028,0.8209526538848877,True
298,task_0299,2_028,3,194,task_0195,2_002,0.8096828460693359,False
298,task_0299,2_028,4,299,task_0300,2_028,0.7841862440109253,True
298,task_0299,2_028,5,192,task_0193,2_002,0.7769998908042908,False
298,task_0299,2_028,6,262,task_0263,2_019,0.7425719499588013,False
298,task_0299,2_028,7,304,task_0305,2_030,0.7425680756568909,False
298,task_0299,2_028,8,205,task_0206,2_005,0.7321068048477173,False
298,task_0299,2_028,9,306,task_0307,2_030,0.7129117846488953,False
298,task_0299,2_028,10,335,task_0336,2_037,0.6935101747512817,False
299,task_0300,2_028,1,296,task_0297,2_028,0.8791863322257996,True
299,task_0300,2_028,2,297,task_0298,2_028,0.8722841739654541,True
299,task_0300,2_028,3,262,task_0263,2_019,0.80074542760849,False
299,task_0300,2_028,4,205,task_0206,2_005,0.796800434589386,False
299,task_0300,2_028,5,260,task_0261,2_019,0.7938581109046936,False
299,task_0300,2_028,6,192,task_0193,2_002,0.7895513772964478,False
299,task_0300,2_028,7,298,task_0299,2_028,0.7841862440109253,True
299,task_0300,2_028,8,304,task_0305,2_030,0.7792328596115112,False
299,task_0300,2_028,9,208,task_0209,2_006,0.7791574001312256,False
299,task_0300,2_028,10,206,task_0207,2_005,0.778477668762207,False
300,task_0301,2_029,1,302,task_0303,2_029,0.9727619886398315,True
300,task_0301,2_029,2,303,task_0304,2_029,0.9357396364212036,True
300,task_0301,2_029,3,301,task_0302,2_029,0.922417402267456,True
300,task_0301,2_029,4,258,task_0259,2_018,0.8479065299034119,False
300,task_0301,2_029,5,256,task_0257,2_018,0.8426327705383301,False
300,task_0301,2_029,6,282,task_0283,2_024,0.8219879269599915,False
300,task_0301,2_029,7,280,task_0281,2_024,0.8217589855194092,False
300,task_0301,2_029,8,268,task_0269,2_021,0.8199318051338196,False
300,task_0301,2_029,9,281,task_0282,2_024,0.8193894028663635,False
300,task_0301,2_029,10,335,task_0336,2_037,0.818476140499115,False
301,task_0302,2_029,1,303,task_0304,2_029,0.9280973672866821,True
301,task_0302,2_029,2,302,task_0303,2_029,0.9244531989097595,True
301,task_0302,2_029,3,300,task_0301,2_029,0.922417402267456,True
301,task_0302,2_029,4,258,task_0259,2_018,0.8529492020606995,False
301,task_0302,2_029,5,268,task_0269,2_021,0.8476448059082031,False
301,task_0302,2_029,6,256,task_0257,2_018,0.8343722820281982,False
301,task_0302,2_029,7,281,task_0282,2_024,0.8201169967651367,False
301,task_0302,2_029,8,269,task_0270,2_021,0.818115234375,False
301,task_0302,2_029,9,282,task_0283,2_024,0.8100957870483398,False
301,task_0302,2_029,10,314,task_0315,2_032,0.8047316074371338,False
302,task_0303,2_029,1,300,task_0301,2_029,0.9727619886398315,True
302,task_0303,2_029,2,303,task_0304,2_029,0.9339099526405334,True
302,task_0303,2_029,3,301,task_0302,2_029,0.9244531989097595,True
302,task_0303,2_029,4,258,task_0259,2_018,0.8398773670196533,False
302,task_0303,2_029,5,256,task_0257,2_018,0.8349472284317017,False
302,task_0303,2_029,6,280,task_0281,2_024,0.8216182589530945,False
302,task_0303,2_029,7,282,task_0283,2_024,0.8205046057701111,False
302,task_0303,2_029,8,268,task_0269,2_021,0.8160405158996582,False
302,task_0303,2_029,9,281,task_0282,2_024,0.8146259188652039,False
302,task_0303,2_029,10,269,task_0270,2_021,0.8072892427444458,False
303,task_0304,2_029,1,300,task_0301,2_029,0.9357396364212036,True
303,task_0304,2_029,2,302,task_0303,2_029,0.9339099526405334,True
303,task_0304,2_029,3,301,task_0302,2_029,0.9280973672866821,True
303,task_0304,2_029,4,258,task_0259,2_018,0.864072322845459,False
303,task_0304,2_029,5,256,task_0257,2_018,0.855404794216156,False
303,task_0304,2_029,6,271,task_0272,2_021,0.8289319276809692,False
303,task_0304,2_029,7,281,task_0282,2_024,0.8265358805656433,False
303,task_0304,2_029,8,270,task_0271,2_021,0.8213954567909241,False
303,task_0304,2_029,9,268,task_0269,2_021,0.8129926323890686,False
303,task_0304,2_029,10,269,task_0270,2_021,0.805130124092102,False
304,task_0305,2_030,1,306,task_0307,2_030,0.9618289470672607,True
304,task_0305,2_030,2,307,task_0308,2_030,0.9416923522949219,True
304,task_0305,2_030,3,305,task_0306,2_030,0.8087359070777893,True
304,task_0305,2_030,4,296,task_0297,2_028,0.8018225431442261,False
304,task_0305,2_030,5,332,task_0333,2_037,0.7938860058784485,False
304,task_0305,2_030,6,261,task_0262,2_019,0.7809767723083496,False
304,task_0305,2_030,7,299,task_0300,2_028,0.7792328596115112,False
304,task_0305,2_030,8,263,task_0264,2_019,0.7768672108650208,False
304,task_0305,2_030,9,297,task_0298,2_028,0.7710080146789551,False
304,task_0305,2_030,10,316,task_0317,2_033,0.7577216625213623,False
305,task_0306,2_030,1,307,task_0308,2_030,0.826911449432373,True
305,task_0306,2_030,2,304,task_0305,2_030,0.8087359070777893,True
305,task_0306,2_030,3,306,task_0307,2_030,0.8018746972084045,True
305,task_0306,2_030,4,261,task_0262,2_019,0.7629166841506958,False
305,task_0306,2_030,5,316,task_0317,2_033,0.7514753341674805,False
305,task_0306,2_030,6,318,task_0319,2_033,0.7481574416160583,False
305,task_0306,2_030,7,194,task_0195,2_002,0.7249937057495117,False
305,task_0306,2_030,8,209,task_0210,2_006,0.7210562229156494,False
305,task_0306,2_030,9,319,task_0320,2_033,0.7203894853591919,False
305,task_0306,2_030,10,332,task_0333,2_037,0.7196686267852783,False
306,task_0307,2_030,1,304,task_0305,2_030,0.9618289470672607,True
306,task_0307,2_030,2,307,task_0308,2_030,0.9339807033538818,True
306,task_0307,2_030,3,305,task_0306,2_030,0.8018746972084045,True
306,task_0307,2_030,4,332,task_0333,2_037,0.8011564612388611,False
306,task_0307,2_030,5,296,task_0297,2_028,0.7988906502723694,False
306,task_0307,2_030,6,261,task_0262,2_019,0.7748174071311951,False
306,task_0307,2_030,7,299,task_0300,2_028,0.7714272141456604,False
306,task_0307,2_030,8,345,task_0346,2_040,0.7668765187263489,False
306,task_0307,2_030,9,297,task_0298,2_028,0.7567574381828308,False
306,task_0307,2_030,10,344,task_0345,2_040,0.7521817684173584,False
307,task_0308,2_030,1,304,task_0305,2_030,0.9416923522949219,True
307,task_0308,2_030,2,306,task_0307,2_030,0.9339807033538818,True
307,task_0308,2_030,3,305,task_0306,2_030,0.826911449432373,True
307,task_0308,2_030,4,332,task_0333,2_037,0.7978354692459106,False
307,task_0308,2_030,5,261,task_0262,2_019,0.7939454913139343,False
307,task_0308,2_030,6,263,task_0264,2_019,0.7847298383712769,False
307,task_0308,2_030,7,296,task_0297,2_028,0.7791197299957275,False
307,task_0308,2_030,8,299,task_0300,2_028,0.770606279373169,False
307,task_0308,2_030,9,316,task_0317,2_033,0.7584594488143921,False
307,task_0308,2_030,10,334,task_0335,2_037,0.7520627975463867,False
308,task_0309,2_031,1,310,task_0311,2_031,0.8842100501060486,True
308,task_0309,2_031,2,311,task_0312,2_031,0.7226208448410034,True
308,task_0309,2_031,3,309,task_0310,2_031,0.6951165199279785,True
308,task_0309,2_031,4,239,task_0240,2_013,0.624208927154541,False
308,task_0309,2_031,5,237,task_0238,2_013,0.6183974742889404,False
308,task_0309,2_031,6,255,task_0256,2_017,0.60812908411026,False
308,task_0309,2_031,7,195,task_0196,2_002,0.5959756374359131,False
308,task_0309,2_031,8,320,task_0321,2_034,0.5858056545257568,False
308,task_0309,2_031,9,253,task_0254,2_017,0.5851909518241882,False
308,task_0309,2_031,10,285,task_0286,2_025,0.5839003324508667,False
309,task_0310,2_031,1,311,task_0312,2_031,0.9306173324584961,True
309,task_0310,2_031,2,310,task_0311,2_031,0.7143489122390747,True
309,task_0310,2_031,3,308,task_0309,2_031,0.6951165199279785,True
309,task_0310,2_031,4,195,task_0196,2_002,0.5707383155822754,False
309,task_0310,2_031,5,320,task_0321,2_034,0.5707181692123413,False
309,task_0310,2_031,6,210,task_0211,2_006,0.566961407661438,False
309,task_0310,2_031,7,237,task_0238,2_013,0.5633161664009094,False
309,task_0310,2_031,8,323,task_0324,2_034,0.5594751238822937,False
309,task_0310,2_031,9,239,task_0240,2_013,0.5555766820907593,False
309,task_0310,2_031,10,255,task_0256,2_017,0.5520033240318298,False
310,task_0311,2_031,1,308,task_0309,2_031,0.8842100501060486,True
310,task_0311,2_031,2,309,task_0310,2_031,0.7143489122390747,True
310,task_0311,2_031,3,239,task_0240,2_013,0.7094649076461792,False
310,task_0311,2_031,4,237,task_0238,2_013,0.6971187591552734,False
310,task_0311,2_031,5,311,task_0312,2_031,0.6872567534446716,True
310,task_0311,2_031,6,255,task_0256,2_017,0.6359546780586243,False
310,task_0311,2_031,7,320,task_0321,2_034,0.6358359456062317,False
310,task_0311,2_031,8,195,task_0196,2_002,0.6355032324790955,False
310,task_0311,2_031,9,323,task_0324,2_034,0.632529616355896,False
310,task_0311,2_031,10,253,task_0254,2_017,0.6261644959449768,False
311,task_0312,2_031,1,309,task_0310,2_031,0.9306173324584961,True
311,task_0312,2_031,2,308,task_0309,2_031,0.7226208448410034,True
311,task_0312,2_031,3,310,task_0311,2_031,0.6872567534446716,True
311,task_0312,2_031,4,195,task_0196,2_002,0.5726849436759949,False
311,task_0312,2_031,5,210,task_0211,2_006,0.5648825168609619,False
311,task_0312,2_031,6,255,task_0256,2_017,0.5637189745903015,False
311,task_0312,2_031,7,320,task_0321,2_034,0.5594034790992737,False
311,task_0312,2_031,8,287,task_0288,2_025,0.55448317527771,False
311,task_0312,2_031,9,239,task_0240,2_013,0.549580991268158,False
311,task_0312,2_031,10,323,task_0324,2_034,0.5479270219802856,False
312,task_0313,2_032,1,313,task_0314,2_032,0.9002801775932312,True
312,task_0313,2_032,2,281,task_0282,2_024,0.8840309977531433,False
312,task_0313,2_032,3,314,task_0315,2_032,0.8785901069641113,True
312,task_0313,2_032,4,282,task_0283,2_024,0.8713598847389221,False
312,task_0313,2_032,5,275,task_0276,2_022,0.8616668581962585,False
312,task_0313,2_032,6,295,task_0296,2_027,0.8436341285705566,False
312,task_0313,2_032,7,315,task_0316,2_032,0.8422765731811523,True
312,task_0313,2_032,8,294,task_0295,2_027,0.8384588956832886,False
312,task_0313,2_032,9,293,task_0294,2_027,0.8351240754127502,False
312,task_0313,2_032,10,258,task_0259,2_018,0.8273559212684631,False
313,task_0314,2_032,1,312,task_0313,2_032,0.9002801775932312,True
313,task_0314,2_032,2,281,task_0282,2_024,0.8729000687599182,False
313,task_0314,2_032,3,314,task_0315,2_032,0.8659992218017578,True
313,task_0314,2_032,4,315,task_0316,2_032,0.8454181551933289,True
313,task_0314,2_032,5,282,task_0283,2_024,0.8400198221206665,False
313,task_0314,2_032,6,274,task_0275,2_022,0.8261014223098755,False
313,task_0314,2_032,7,294,task_0295,2_027,0.8242264986038208,False
313,task_0314,2_032,8,258,task_0259,2_018,0.8219003677368164,False
313,task_0314,2_032,9,275,task_0276,2_022,0.8195052146911621,False
313,task_0314,2_032,10,295,task_0296,2_027,0.8146021366119385,False
314,task_0315,2_032,1,315,task_0316,2_032,0.896612286567688,True
314,task_0315,2_032,2,312,task_0313,2_032,0.8785901069641113,True
314,task_0315,2_032,3,280,task_0281,2_024,0.87541663646698,False
314,task_0315,2_032,4,313,task_0314,2_032,0.8659992218017578,True
314,task_0315,2_032,5,282,task_0283,2_024,0.8654148578643799,False
314,task_0315,2_032,6,293,task_0294,2_027,0.8624804019927979,False
314,task_0315,2_032,7,292,task_0293,2_027,0.8596479296684265,False
314,task_0315,2_032,8,275,task_0276,2_022,0.8561227917671204,False
314,task_0315,2_032,9,274,task_0275,2_022,0.8513543605804443,False
314,task_0315,2_032,10,281,task_0282,2_024,0.8370552062988281,False
315,task_0316,2_032,1,314,task_0315,2_032,0.896612286567688,True
315,task_0316,2_032,2,280,task_0281,2_024,0.8499775528907776,False
315,task_0316,2_032,3,313,task_0314,2_032,0.8454181551933289,True
315,task_0316,2_032,4,312,task_0313,2_032,0.8422765731811523,True
315,task_0316,2_032,5,283,task_0284,2_024,0.8416182994842529,False
315,task_0316,2_032,6,281,task_0282,2_024,0.8413822054862976,False
315,task_0316,2_032,7,282,task_0283,2_024,0.8349984288215637,False
315,task_0316,2_032,8,270,task_0271,2_021,0.8155415654182434,False
315,task_0316,2_032,9,275,task_0276,2_022,0.8136762380599976,False
315,task_0316,2_032,10,269,task_0270,2_021,0.8099497556686401,False
316,task_0317,2_033,1,318,task_0319,2_033,0.9629204273223877,True
316,task_0317,2_033,2,319,task_0320,2_033,0.8399938344955444,True
316,task_0317,2_033,3,317,task_0318,2_033,0.8258302211761475,True
316,task_0317,2_033,4,261,task_0262,2_019,0.7608403563499451,False
316,task_0317,2_033,5,307,task_0308,2_030,0.7584594488143921,False
316,task_0317,2_033,6,304,task_0305,2_030,0.7577216625213623,False
316,task_0317,2_033,7,305,task_0306,2_030,0.7514753341674805,False
316,task_0317,2_033,8,263,task_0264,2_019,0.7513012886047363,False
316,task_0317,2_033,9,306,task_0307,2_030,0.7248024344444275,False
316,task_0317,2_033,10,334,task_0335,2_037,0.715467631816864,False
317,task_0318,2_033,1,319,task_0320,2_033,0.886618971824646,True
317,task_0318,2_033,2,316,task_0317,2_033,0.8258302211761475,True
317,task_0318,2_033,3,318,task_0319,2_033,0.8247901201248169,True
317,task_0318,2_033,4,304,task_0305,2_030,0.708244264125824,False
317,task_0318,2_033,5,307,task_0308,2_030,0.6916490793228149,False
317,task_0318,2_033,6,305,task_0306,2_030,0.686487078666687,False
317,task_0318,2_033,7,306,task_0307,2_030,0.681713879108429,False
317,task_0318,2_033,8,263,task_0264,2_019,0.6663271188735962,False
317,task_0318,2_033,9,208,task_0209,2_006,0.6625294089317322,False
317,task_0318,2_033,10,261,task_0262,2_019,0.6617386937141418,False
318,task_0319,2_033,1,316,task_0317,2_033,0.9629204273223877,True
318,task_0319,2_033,2,317,task_0318,2_033,0.8247901201248169,True
318,task_0319,2_033,3,319,task_0320,2_033,0.8157284259796143,True
318,task_0319,2_033,4,261,task_0262,2_019,0.7525777816772461,False
318,task_0319,2_033,5,307,task_0308,2_030,0.7513976693153381,False
318,task_0319,2_033,6,305,task_0306,2_030,0.7481574416160583,False
318,task_0319,2_033,7,263,task_0264,2_019,0.7455254197120667,False
318,task_0319,2_033,8,304,task_0305,2_030,0.7454309463500977,False
318,task_0319,2_033,9,306,task_0307,2_030,0.7178934812545776,False
318,task_0319,2_033,10,334,task_0335,2_037,0.6909583806991577,False
319,task_0320,2_033,1,317,task_0318,2_033,0.886618971824646,True
319,task_0320,2_033,2,316,task_0317,2_033,0.8399938344955444,True
319,task_0320,2_033,3,318,task_0319,2_033,0.8157284259796143,True
319,task_0320,2_033,4,305,task_0306,2_030,0.7203894853591919,False
319,task_0320,2_033,5,263,task_0264,2_019,0.7038577795028687,False
319,task_0320,2_033,6,304,task_0305,2_030,0.6971093416213989,False
319,task_0320,2_033,7,261,task_0262,2_019,0.691099226474762,False
319,task_0320,2_033,8,307,task_0308,2_030,0.6760035753250122,False
319,task_0320,2_033,9,343,task_0344,2_039,0.6687214374542236,False
319,task_0320,2_033,10,329,task_0330,2_036,0.6645082235336304,False
320,task_0321,2_034,1,321,task_0322,2_034,0.9352855682373047,True
320,task_0321,2_034,2,323,task_0324,2_034,0.9256222248077393,True
320,task_0321,2_034,3,322,task_0323,2_034,0.8892053365707397,True
320,task_0321,2_034,4,285,task_0286,2_025,0.7311752438545227,False
320,task_0321,2_034,5,287,task_0288,2_025,0.7114580869674683,False
320,task_0321,2_034,6,286,task_0287,2_025,0.7093018293380737,False
320,task_0321,2_034,7,255,task_0256,2_017,0.6992846727371216,False
320,task_0321,2_034,8,237,task_0238,2_013,0.6966156959533691,False
320,task_0321,2_034,9,331,task_0332,2_036,0.6963164806365967,False
320,task_0321,2_034,10,329,task_0330,2_036,0.6937708258628845,False
321,task_0322,2_034,1,323,task_0324,2_034,0.9770006537437439,True
321,task_0322,2_034,2,320,task_0321,2_034,0.9352855682373047,True
321,task_0322,2_034,3,322,task_0323,2_034,0.8594378232955933,True
321,task_0322,2_034,4,285,task_0286,2_025,0.7313373684883118,False
321,task_0322,2_034,5,286,task_0287,2_025,0.7226529717445374,False
321,task_0322,2_034,6,214,task_0215,2_007,0.714152991771698,False
321,task_0322,2_034,7,260,task_0261,2_019,0.7126736044883728,False
321,task_0322,2_034,8,237,task_0238,2_013,0.7111777067184448,False
321,task_0322,2_034,9,287,task_0288,2_025,0.7059347033500671,False
321,task_0322,2_034,10,329,task_0330,2_036,0.704952597618103,False
322,task_0323,2_034,1,320,task_0321,2_034,0.8892053365707397,True
322,task_0323,2_034,2,321,task_0322,2_034,0.8594378232955933,True
322,task_0323,2_034,3,323,task_0324,2_034,0.8587613105773926,True
322,task_0323,2_034,4,331,task_0332,2_036,0.6957423686981201,False
322,task_0323,2_034,5,329,task_0330,2_036,0.6920820474624634,False
322,task_0323,2_034,6,284,task_0285,2_025,0.6901148557662964,False
322,task_0323,2_034,7,286,task_0287,2_025,0.6859135627746582,False
322,task_0323,2_034,8,237,task_0238,2_013,0.6783270239830017,False
322,task_0323,2_034,9,285,task_0286,2_025,0.6782404184341431,False
322,task_0323,2_034,10,239,task_0240,2_013,0.6735771894454956,False
323,task_0324,2_034,1,321,task_0322,2_034,0.9770006537437439,True
323,task_0324,2_034,2,320,task_0321,2_034,0.9256222248077393,True
323,task_0324,2_034,3,322,task_0323,2_034,0.8587613105773926,True
323,task_0324,2_034,4,285,task_0286,2_025,0.7391248941421509,False
323,task_0324,2_034,5,286,task_0287,2_025,0.7182814478874207,False
323,task_0324,2_034,6,260,task_0261,2_019,0.7168298959732056,False
323,task_0324,2_034,7,237,task_0238,2_013,0.7160440683364868,False
323,task_0324,2_034,8,329,task_0330,2_036,0.7124234437942505,False
323,task_0324,2_034,9,287,task_0288,2_025,0.7121484875679016,False
323,task_0324,2_034,10,331,task_0332,2_036,0.7080091238021851,False
324,task_0325,2_035,1,326,task_0327,2_035,0.961815595626831,True
324,task_0325,2_035,2,327,task_0328,2_035,0.8896955847740173,True
324,task_0325,2_035,3,325,task_0326,2_035,0.8446715474128723,True
324,task_0325,2_035,4,335,task_0336,2_037,0.7724995017051697,False
324,task_0325,2_035,5,337,task_0338,2_038,0.7675407528877258,False
324,task_0325,2_035,6,275,task_0276,2_022,0.7665252685546875,False
324,task_0325,2_035,7,339,task_0340,2_038,0.7656204700469971,False
324,task_0325,2_035,8,226,task_0227,2_010,0.7632737755775452,False
324,task_0325,2_035,9,221,task_0222,2_009,0.7558209896087646,False
324,task_0325,2_035,10,312,task_0313,2_032,0.7534345388412476,False
325,task_0326,2_035,1,327,task_0328,2_035,0.8993293046951294,True
325,task_0326,2_035,2,324,task_0325,2_035,0.8446715474128723,True
325,task_0326,2_035,3,326,task_0327,2_035,0.819028377532959,True
325,task_0326,2_035,4,275,task_0276,2_022,0.759026825428009,False
325,task_0326,2_035,5,226,task_0227,2_010,0.7434843182563782,False
325,task_0326,2_035,6,224,task_0225,2_010,0.7430970072746277,False
325,task_0326,2_035,7,249,task_0250,2_016,0.7242331504821777,False
325,task_0326,2_035,8,295,task_0296,2_027,0.7227889895439148,False
325,task_0326,2_035,9,227,task_0228,2_010,0.7178318500518799,False
325,task_0326,2_035,10,293,task_0294,2_027,0.7146695256233215,False
326,task_0327,2_035,1,324,task_0325,2_035,0.961815595626831,True
326,task_0327,2_035,2,327,task_0328,2_035,0.8730047941207886,True
326,task_0327,2_035,3,325,task_0326,2_035,0.819028377532959,True
326,task_0327,2_035,4,335,task_0336,2_037,0.747221052646637,False
326,task_0327,2_035,5,314,task_0315,2_032,0.7424776554107666,False
326,task_0327,2_035,6,339,task_0340,2_038,0.740692675113678,False
326,task_0327,2_035,7,221,task_0222,2_009,0.7374586462974548,False
326,task_0327,2_035,8,337,task_0338,2_038,0.736797571182251,False
326,task_0327,2_035,9,275,task_0276,2_022,0.733481764793396,False
326,task_0327,2_035,10,293,task_0294,2_027,0.7327371835708618,False
327,task_0328,2_035,1,325,task_0326,2_035,0.8993293046951294,True
327,task_0328,2_035,2,324,task_0325,2_035,0.8896955847740173,True
327,task_0328,2_035,3,326,task_0327,2_035,0.8730047941207886,True
327,task_0328,2_035,4,226,task_0227,2_010,0.7476472854614258,False
327,task_0328,2_035,5,224,task_0225,2_010,0.7383131384849548,False
327,task_0328,2_035,6,339,task_0340,2_038,0.7328610420227051,False
327,task_0328,2_035,7,275,task_0276,2_022,0.727582573890686,False
327,task_0328,2_035,8,337,task_0338,2_038,0.725898802280426,False
327,task_0328,2_035,9,227,task_0228,2_010,0.7220194339752197,False
327,task_0328,2_035,10,335,task_0336,2_037,0.7201277017593384,False
328,task_0329,2_036,1,330,task_0331,2_036,0.9563956260681152,True
328,task_0329,2_036,2,331,task_0332,2_036,0.9376194477081299,True
328,task_0329,2_036,3,329,task_0330,2_036,0.9342324137687683,True
328,task_0329,2_036,4,211,task_0212,2_006,0.8475967049598694,False
328,task_0329,2_036,5,208,task_0209,2_006,0.7657253742218018,False
328,task_0329,2_036,6,285,task_0286,2_025,0.7093466520309448,False
328,task_0329,2_036,7,287,task_0288,2_025,0.7071350812911987,False
328,task_0329,2_036,8,213,task_0214,2_007,0.7064260840415955,False
328,task_0329,2_036,9,205,task_0206,2_005,0.7050005197525024,False
328,task_0329,2_036,10,286,task_0287,2_025,0.7016814947128296,False
329,task_0330,2_036,1,331,task_0332,2_036,0.9861539602279663,True
329,task_0330,2_036,2,330,task_0331,2_036,0.961879551410675,True
329,task_0330,2_036,3,328,task_0329,2_036,0.9342324137687683,True
329,task_0330,2_036,4,211,task_0212,2_006,0.8627994060516357,False
329,task_0330,2_036,5,208,task_0209,2_006,0.7603247761726379,False
329,task_0330,2_036,6,205,task_0206,2_005,0.7190862894058228,False
329,task_0330,2_036,7,192,task_0193,2_002,0.714101254940033,False
329,task_0330,2_036,8,323,task_0324,2_034,0.7124234437942505,False
329,task_0330,2_036,9,296,task_0297,2_028,0.7055260539054871,False
329,task_0330,2_036,10,321,task_0322,2_034,0.704952597618103,False
330,task_0331,2_036,1,329,task_0330,2_036,0.961879551410675,True
330,task_0331,2_036,2,331,task_0332,2_036,0.9588896632194519,True
330,task_0331,2_036,3,328,task_0329,2_036,0.9563956260681152,True
330,task_0331,2_036,4,211,task_0212,2_006,0.8373630046844482,False
330,task_0331,2_036,5,208,task_0209,2_006,0.7695154547691345,False
330,task_0331,2_036,6,205,task_0206,2_005,0.7236363291740417,False
330,task_0331,2_036,7,192,task_0193,2_002,0.7182353734970093,False
330,task_0331,2_036,8,287,task_0288,2_025,0.6975224018096924,False
330,task_0331,2_036,9,296,task_0297,2_028,0.6968835592269897,False
330,task_0331,2_036,10,193,task_0194,2_002,0.6897516846656799,False
331,task_0332,2_036,1,329,task_0330,2_036,0.9861539602279663,True
331,task_0332,2_036,2,330,task_0331,2_036,0.9588896632194519,True
331,task_0332,2_036,3,328,task_0329,2_036,0.9376194477081299,True
331,task_0332,2_036,4,211,task_0212,2_006,0.8831549882888794,False
331,task_0332,2_036,5,208,task_0209,2_006,0.7516623139381409,False
331,task_0332,2_036,6,284,task_0285,2_025,0.7103667855262756,False
331,task_0332,2_036,7,323,task_0324,2_034,0.7080091238021851,False
331,task_0332,2_036,8,205,task_0206,2_005,0.703427255153656,False
331,task_0332,2_036,9,321,task_0322,2_034,0.703127384185791,False
331,task_0332,2_036,10,286,task_0287,2_025,0.7013901472091675,False
332,task_0333,2_037,1,334,task_0335,2_037,0.8600262403488159,True
332,task_0333,2_037,2,333,task_0334,2_037,0.8057490587234497,True
332,task_0333,2_037,3,306,task_0307,2_030,0.8011564612388611,False
332,task_0333,2_037,4,307,task_0308,2_030,0.7978354692459106,False
332,task_0333,2_037,5,304,task_0305,2_030,0.7938860058784485,False
332,task_0333,2_037,6,345,task_0346,2_040,0.757861852645874,False
332,task_0333,2_037,7,344,task_0345,2_040,0.7327673435211182,False
332,task_0333,2_037,8,305,task_0306,2_030,0.7196686267852783,False
332,task_0333,2_037,9,346,task_0347,2_040,0.7093690037727356,False
332,task_0333,2_037,10,316,task_0317,2_033,0.7039704322814941,False
333,task_0334,2_037,1,332,task_0333,2_037,0.8057490587234497,True
333,task_0334,2_037,2,73,task_0074,1_019,0.7788355946540833,False
333,task_0334,2_037,3,231,task_0232,2_011,0.7780832648277283,False
333,task_0334,2_037,4,334,task_0335,2_037,0.762049674987793,True
333,task_0334,2_037,5,71,task_0072,1_018,0.7570635080337524,False
333,task_0334,2_037,6,291,task_0292,2_026,0.7558534145355225,False
333,task_0334,2_037,7,288,task_0289,2_026,0.7515724301338196,False
333,task_0334,2_037,8,69,task_0070,1_018,0.7515469789505005,False
333,task_0334,2_037,9,289,task_0290,2_026,0.7367655038833618,False
333,task_0334,2_037,10,207,task_0208,2_005,0.7350643277168274,False
334,task_0335,2_037,1,332,task_0333,2_037,0.8600262403488159,True
334,task_0335,2_037,2,333,task_0334,2_037,0.762049674987793,True
334,task_0335,2_037,3,307,task_0308,2_030,0.7520627975463867,False
334,task_0335,2_037,4,345,task_0346,2_040,0.7385852336883545,False
334,task_0335,2_037,5,304,task_0305,2_030,0.73785799741745,False
334,task_0335,2_037,6,306,task_0307,2_030,0.7305536866188049,False
334,task_0335,2_037,7,343,task_0344,2_039,0.7165772914886475,False
334,task_0335,2_037,8,305,task_0306,2_030,0.71630859375,False
334,task_0335,2_037,9,316,task_0317,2_033,0.715467631816864,False
334,task_0335,2_037,10,231,task_0232,2_011,0.7131163477897644,False
335,task_0336,2_037,1,337,task_0338,2_038,0.9725246429443359,False
335,task_0336,2_037,2,339,task_0340,2_038,0.960899829864502,False
335,task_0336,2_037,3,341,task_0342,2_039,0.9503811597824097,False
335,task_0336,2_037,4,220,task_0221,2_009,0.9095789194107056,False
335,task_0336,2_037,5,222,task_0223,2_009,0.9090976715087891,False
335,task_0336,2_037,6,221,task_0222,2_009,0.9090667963027954,False
335,task_0336,2_037,7,223,task_0224,2_009,0.896752119064331,False
335,task_0336,2_037,8,227,task_0228,2_010,0.8292285203933716,False
335,task_0336,2_037,9,225,task_0226,2_010,0.8278693556785583,False
335,task_0336,2_037,10,300,task_0301,2_029,0.818476140499115,False
336,task_0337,2_038,1,340,task_0341,2_039,0.9465861320495605,False
336,task_0337,2_038,2,342,task_0343,2_039,0.8808289170265198,False
336,task_0337,2_038,3,338,task_0339,2_038,0.8177754878997803,True
336,task_0337,2_038,4,82,task_0083,1_021,0.7710209488868713,False
336,task_0337,2_038,5,76,task_0077,1_020,0.7544850707054138,False
336,task_0337,2_038,6,129,task_0130,1_033,0.7459355592727661,False
336,task_0337,2_038,7,78,task_0079,1_020,0.7419847249984741,False
336,task_0337,2_038,8,80,task_0081,1_021,0.7086445093154907,False
336,task_0337,2_038,9,133,task_0134,1_034,0.7011048197746277,False
336,task_0337,2_038,10,131,task_0132,1_033,0.6672775745391846,False
337,task_0338,2_038,1,335,task_0336,2_037,0.9725246429443359,False
337,task_0338,2_038,2,339,task_0340,2_038,0.9551852345466614,True
337,task_0338,2_038,3,341,task_0342,2_039,0.9506317973136902,False
337,task_0338,2_038,4,220,task_0221,2_009,0.8917953968048096,False
337,task_0338,2_038,5,221,task_0222,2_009,0.8887211084365845,False
337,task_0338,2_038,6,222,task_0223,2_009,0.8825689554214478,False
337,task_0338,2_038,7,223,task_0224,2_009,0.8701918721199036,False
337,task_0338,2_038,8,225,task_0226,2_010,0.8275914192199707,False
337,task_0338,2_038,9,227,task_0228,2_010,0.8234079480171204,False
337,task_0338,2_038,10,300,task_0301,2_029,0.8108204007148743,False
338,task_0339,2_038,1,342,task_0343,2_039,0.8700453639030457,False
338,task_0339,2_038,2,336,task_0337,2_038,0.8177754878997803,True
338,task_0339,2_038,3,340,task_0341,2_039,0.7906099557876587,False
338,task_0339,2_038,4,76,task_0077,1_020,0.7224961519241333,False
338,task_0339,2_038,5,80,task_0081,1_021,0.7202543616294861,False
338,task_0339,2_038,6,82,task_0083,1_021,0.6648426055908203,False
338,task_0339,2_038,7,95,task_0096,1_024,0.6589065194129944,False
338,task_0339,2_038,8,78,task_0079,1_020,0.6544569730758667,False
338,task_0339,2_038,9,202,task_0203,2_004,0.6534593105316162,False
338,task_0339,2_038,10,154,task_0155,1_039,0.6521108150482178,False
339,task_0340,2_038,1,341,task_0342,2_039,0.9779013991355896,False
339,task_0340,2_038,2,335,task_0336,2_037,0.960899829864502,False
339,task_0340,2_038,3,337,task_0338,2_038,0.9551852345466614,True
339,task_0340,2_038,4,221,task_0222,2_009,0.9097345471382141,False
339,task_0340,2_038,5,223,task_0224,2_009,0.902130126953125,False
339,task_0340,2_038,6,220,task_0221,2_009,0.9006202220916748,False
339,task_0340,2_038,7,222,task_0223,2_009,0.8952868580818176,False
339,task_0340,2_038,8,226,task_0227,2_010,0.8173118829727173,False
339,task_0340,2_038,9,300,task_0301,2_029,0.8096675872802734,False
339,task_0340,2_038,10,227,task_0228,2_010,0.8093057870864868,False
340,task_0341,2_039,1,336,task_0337,2_038,0.9465861320495605,False
340,task_0341,2_039,2,342,task_0343,2_039,0.8995122909545898,True
340,task_0341,2_039,3,338,task_0339,2_038,0.7906099557876587,False
340,task_0341,2_039,4,82,task_0083,1_021,0.7528447508811951,False
340,task_0341,2_039,5,129,task_0130,1_033,0.7353676557540894,False
340,task_0341,2_039,6,76,task_0077,1_020,0.734174907207489,False
340,task_0341,2_039,7,133,task_0134,1_034,0.7049904465675354,False
340,task_0341,2_039,8,78,task_0079,1_020,0.7024480700492859,False
340,task_0341,2_039,9,80,task_0081,1_021,0.6747633814811707,False
340,task_0341,2_039,10,155,task_0156,1_039,0.6479068994522095,False
341,task_0342,2_039,1,339,task_0340,2_038,0.9779013991355896,False
341,task_0342,2_039,2,337,task_0338,2_038,0.9506317973136902,False
341,task_0342,2_039,3,335,task_0336,2_037,0.9503811597824097,False
341,task_0342,2_039,4,221,task_0222,2_009,0.9111834764480591,False
341,task_0342,2_039,5,220,task_0221,2_009,0.9039594531059265,False
341,task_0342,2_039,6,223,task_0224,2_009,0.895287036895752,False
341,task_0342,2_039,7,222,task_0223,2_009,0.8861870765686035,False
341,task_0342,2_039,8,226,task_0227,2_010,0.8106023073196411,False
341,task_0342,2_039,9,227,task_0228,2_010,0.8071286678314209,False
341,task_0342,2_039,10,300,task_0301,2_029,0.8035423159599304,False
342,task_0343,2_039,1,340,task_0341,2_039,0.8995122909545898,True
342,task_0343,2_039,2,336,task_0337,2_038,0.8808289170265198,False
342,task_0343,2_039,3,338,task_0339,2_038,0.8700453639030457,False
342,task_0343,2_039,4,76,task_0077,1_020,0.7386464476585388,False
342,task_0343,2_039,5,82,task_0083,1_021,0.7313679456710815,False
342,task_0343,2_039,6,154,task_0155,1_039,0.717496395111084,False
342,task_0343,2_039,7,78,task_0079,1_020,0.7013106346130371,False
342,task_0343,2_039,8,80,task_0081,1_021,0.693989098072052,False
342,task_0343,2_039,9,129,task_0130,1_033,0.6640753149986267,False
342,task_0343,2_039,10,99,task_0100,1_025,0.6633356809616089,False
343,task_0344,2_039,1,346,task_0347,2_040,0.8244447708129883,False
343,task_0344,2_039,2,345,task_0346,2_040,0.8099125623703003,False
343,task_0344,2_039,3,344,task_0345,2_040,0.7515363693237305,False
343,task_0344,2_039,4,334,task_0335,2_037,0.7165772914886475,False
343,task_0344,2_039,5,245,task_0246,2_015,0.7017375230789185,False
343,task_0344,2_039,6,305,task_0306,2_030,0.7000289559364319,False
343,task_0344,2_039,7,103,task_0104,1_026,0.6978921890258789,False
343,task_0344,2_039,8,316,task_0317,2_033,0.6904533505439758,False
343,task_0344,2_039,9,69,task_0070,1_018,0.6898722648620605,False
343,task_0344,2_039,10,332,task_0333,2_037,0.6894347667694092,False
344,task_0345,2_040,1,345,task_0346,2_040,0.9352041482925415,True
344,task_0345,2_040,2,346,task_0347,2_040,0.9141160249710083,True
344,task_0345,2_040,3,241,task_0242,2_014,0.7548444271087646,False
344,task_0345,2_040,4,245,task_0246,2_015,0.7543210983276367,False
344,task_0345,2_040,5,304,task_0305,2_030,0.7527554631233215,False
344,task_0345,2_040,6,306,task_0307,2_030,0.7521817684173584,False
344,task_0345,2_040,7,343,task_0344,2_039,0.7515363693237305,False
344,task_0345,2_040,8,307,task_0308,2_030,0.7508517503738403,False
344,task_0345,2_040,9,246,task_0247,2_015,0.7428651452064514,False
344,task_0345,2_040,10,242,task_0243,2_014,0.7380388975143433,False
345,task_0346,2_040,1,344,task_0345,2_040,0.9352041482925415,True
345,task_0346,2_040,2,346,task_0347,2_040,0.8921400308609009,True
345,task_0346,2_040,3,343,task_0344,2_039,0.8099125623703003,False
345,task_0346,2_040,4,306,task_0307,2_030,0.7668765187263489,False
345,task_0346,2_040,5,245,task_0246,2_015,0.7599502801895142,False
345,task_0346,2_040,6,332,task_0333,2_037,0.757861852645874,False
345,task_0346,2_040,7,304,task_0305,2_030,0.7507064938545227,False
345,task_0346,2_040,8,307,task_0308,2_030,0.748437762260437,False
345,task_0346,2_040,9,241,task_0242,2_014,0.7390604615211487,False
345,task_0346,2_040,10,334,task_0335,2_037,0.7385852336883545,False
346,task_0347,2_040,1,344,task_0345,2_040,0.9141160249710083,True
346,task_0347,2_040,2,345,task_0346,2_040,0.8921400308609009,True
346,task_0347,2_040,3,343,task_0344,2_039,0.8244447708129883,False
346,task_0347,2_040,4,245,task_0246,2_015,0.7858868837356567,False
346,task_0347,2_040,5,240,task_0241,2_014,0.7695278525352478,False
346,task_0347,2_040,6,241,task_0242,2_014,0.7685187458992004,False
346,task_0347,2_040,7,244,task_0245,2_015,0.7608795166015625,False
346,task_0347,2_040,8,196,task_0197,2_003,0.757274329662323,False
346,task_0347,2_040,9,246,task_0247,2_015,0.7558478116989136,False
346,task_0347,2_040,10,282,task_0283,2_024,0.7535140514373779,False
347,task_0348,3_001,1,349,task_0350,3_001,0.9721925258636475,True
347,task_0348,3_001,2,348,task_0349,3_001,0.9229751825332642,True
347,task_0348,3_001,3,371,task_0372,3_007,0.9073601365089417,False
347,task_0348,3_001,4,373,task_0374,3_007,0.9069948792457581,False
347,task_0348,3_001,5,372,task_0373,3_007,0.8844394683837891,False
347,task_0348,3_001,6,386,task_0387,3_010,0.8830885887145996,False
347,task_0348,3_001,7,403,task_0404,3_015,0.8797974586486816,False
347,task_0348,3_001,8,407,task_0408,3_016,0.8758661150932312,False
347,task_0348,3_001,9,463,task_0464,3_030,0.8742213249206543,False
347,task_0348,3_001,10,467,task_0468,3_031,0.8669517040252686,False
348,task_0349,3_001,1,347,task_0348,3_001,0.9229751825332642,True
348,task_0349,3_001,2,350,task_0351,3_001,0.901113748550415,True
348,task_0349,3_001,3,349,task_0350,3_001,0.8854492902755737,True
348,task_0349,3_001,4,371,task_0372,3_007,0.8584665060043335,False
348,task_0349,3_001,5,454,task_0455,3_027,0.8579951524734497,False
348,task_0349,3_001,6,373,task_0374,3_007,0.8542041778564453,False
348,task_0349,3_001,7,453,task_0454,3_027,0.8489158153533936,False
348,task_0349,3_001,8,451,task_0452,3_027,0.8463663458824158,False
348,task_0349,3_001,9,469,task_0470,3_031,0.8462281227111816,False
348,task_0349,3_001,10,372,task_0373,3_007,0.8451533913612366,False
349,task_0350,3_001,1,347,task_0348,3_001,0.9721925258636475,True
349,task_0350,3_001,2,373,task_0374,3_007,0.9166526794433594,False
349,task_0350,3_001,3,371,task_0372,3_007,0.9141684770584106,False
349,task_0350,3_001,4,348,task_0349,3_001,0.8854492902755737,True
349,task_0350,3_001,5,386,task_0387,3_010,0.8802329301834106,False
349,task_0350,3_001,6,522,task_0523,3_044,0.8773007392883301,False
349,task_0350,3_001,7,463,task_0464,3_030,0.8763219714164734,False
349,task_0350,3_001,8,465,task_0466,3_030,0.8750977516174316,False
349,task_0350,3_001,9,372,task_0373,3_007,0.8743178248405457,False
349,task_0350,3_001,10,526,task_0527,3_045,0.8711512088775635,False
350,task_0351,3_001,1,348,task_0349,3_001,0.901113748550415,True
350,task_0351,3_001,2,503,task_0504,3_039,0.8698498606681824,False
350,task_0351,3_001,3,456,task_0457,3_028,0.8656421303749084,False
350,task_0351,3_001,4,551,task_0552,3_051,0.8653155565261841,False
350,task_0351,3_001,5,505,task_0506,3_040,0.8639340400695801,False
350,task_0351,3_001,6,384,task_0385,3_010,0.8576000332832336,False
350,task_0351,3_001,7,462,task_0463,3_029,0.8563271164894104,False
350,task_0351,3_001,8,347,task_0348,3_001,0.8510690331459045,True
350,task_0351,3_001,9,547,task_0548,3_050,0.8421486616134644,False
350,task_0351,3_001,10,492,task_0493,3_037,0.841342031955719,False
351,task_0352,3_002,1,353,task_0354,3_002,0.9535467624664307,True
351,task_0352,3_002,2,354,task_0355,3_002,0.8559458255767822,True
351,task_0352,3_002,3,352,task_0353,3_002,0.8540880084037781,True
351,task_0352,3_002,4,348,task_0349,3_001,0.838369607925415,False
351,task_0352,3_002,5,371,task_0372,3_007,0.819976270198822,False
351,task_0352,3_002,6,373,task_0374,3_007,0.8146274089813232,False
351,task_0352,3_002,7,347,task_0348,3_001,0.8047380447387695,False
351,task_0352,3_002,8,380,task_0381,3_009,0.8018516898155212,False
351,task_0352,3_002,9,350,task_0351,3_001,0.8009575009346008,False
351,task_0352,3_002,10,471,task_0472,3_032,0.7968842387199402,False
352,task_0353,3_002,1,354,task_0355,3_002,0.9672350883483887,True
352,task_0353,3_002,2,351,task_0352,3_002,0.8540880084037781,True
352,task_0353,3_002,3,353,task_0354,3_002,0.837282657623291,True
352,task_0353,3_002,4,372,task_0373,3_007,0.7555810213088989,False
352,task_0353,3_002,5,494,task_0495,3_037,0.7553795576095581,False
352,task_0353,3_002,6,348,task_0349,3_001,0.751450777053833,False
352,task_0353,3_002,7,454,task_0455,3_027,0.7490713596343994,False
352,task_0353,3_002,8,350,task_0351,3_001,0.7478767037391663,False
352,task_0353,3_002,9,460,task_0461,3_029,0.7472118139266968,False
352,task_0353,3_002,10,437,task_0438,3_023,0.746171236038208,False
353,task_0354,3_002,1,351,task_0352,3_002,0.9535467624664307,True
353,task_0354,3_002,2,354,task_0355,3_002,0.8378887176513672,True
353,task_0354,3_002,3,352,task_0353,3_002,0.837282657623291,True
353,task_0354,3_002,4,348,task_0349,3_001,0.8205363750457764,False
353,task_0354,3_002,5,373,task_0374,3_007,0.8033078908920288,False
353,task_0354,3_002,6,371,task_0372,3_007,0.8030257225036621,False
353,task_0354,3_002,7,347,task_0348,3_001,0.7972849607467651,False
353,task_0354,3_002,8,471,task_0472,3_032,0.7947562336921692,False
353,task_0354,3_002,9,372,task_0373,3_007,0.787270188331604,False
353,task_0354,3_002,10,349,task_0350,3_001,0.782285213470459,False
354,task_0355,3_002,1,352,task_0353,3_002,0.9672350883483887,True
354,task_0355,3_002,2,351,task_0352,3_002,0.8559458255767822,True
354,task_0355,3_002,3,353,task_0354,3_002,0.8378887176513672,True
354,task_0355,3_002,4,454,task_0455,3_027,0.759272038936615,False
354,task_0355,3_002,5,437,task_0438,3_023,0.7588516473770142,False
354,task_0355,3_002,6,348,task_0349,3_001,0.7512122392654419,False
354,task_0355,3_002,7,372,task_0373,3_007,0.7434828281402588,False
354,task_0355,3_002,8,371,task_0372,3_007,0.7427610158920288,False
354,task_0355,3_002,9,435,task_0436,3_023,0.7398449182510376,False
354,task_0355,3_002,10,494,task_0495,3_037,0.7397152781486511,False
355,task_0356,3_003,1,357,task_0358,3_003,0.7952250838279724,True
355,task_0356,3_003,2,436,task_0437,3_023,0.7098248600959778,False
355,task_0356,3_003,3,361,task_0362,3_004,0.7049078941345215,False
355,task_0356,3_003,4,359,task_0360,3_004,0.6930838823318481,False
355,task_0356,3_003,5,432,task_0433,3_022,0.6919372081756592,False
355,task_0356,3_003,6,410,task_0411,3_016,0.6779035925865173,False
355,task_0356,3_003,7,493,task_0494,3_037,0.6742749214172363,False
355,task_0356,3_003,8,525,task_0526,3_045,0.667107105255127,False
355,task_0356,3_003,9,477,task_0478,3_033,0.6606612801551819,False
355,task_0356,3_003,10,521,task_0522,3_044,0.6584849953651428,False
356,task_0357,3_003,1,391,task_0392,3_012,0.7664135098457336,False
356,task_0357,3_003,2,392,task_0393,3_012,0.7247387170791626,False
356,task_0357,3_003,3,393,task_0394,3_012,0.7213618159294128,False
356,task_0357,3_003,4,377,task_0378,3_008,0.7014736533164978,False
356,task_0357,3_003,5,394,task_0395,3_012,0.6912136077880859,False
356,task_0357,3_003,6,496,task_0497,3_038,0.6648929119110107,False
356,task_0357,3_003,7,530,task_0531,3_046,0.6615697741508484,False
356,task_0357,3_003,8,549,task_0550,3_051,0.6612942814826965,False
356,task_0357,3_003,9,396,task_0397,3_013,0.6602680683135986,False
356,task_0357,3_003,10,500,task_0501,3_039,0.6595220565795898,False
357,task_0358,3_003,1,355,task_0356,3_003,0.7952250838279724,True
357,task_0358,3_003,2,493,task_0494,3_037,0.6910535097122192,False
357,task_0358,3_003,3,410,task_0411,3_016,0.6742799878120422,False
357,task_0358,3_003,4,562,task_0563,3_054,0.6608052849769592,False
357,task_0358,3_003,5,558,task_0559,3_053,0.6594856381416321,False
357,task_0358,3_003,6,477,task_0478,3_033,0.654471755027771,False
357,task_0358,3_003,7,560,task_0561,3_054,0.6507779955863953,False
357,task_0358,3_003,8,406,task_0407,3_015,0.6503781676292419,False
357,task_0358,3_003,9,455,task_0456,3_028,0.6442265510559082,False
357,task_0358,3_003,10,361,task_0362,3_004,0.6425056457519531,False
358,task_0359,3_003,1,402,task_0403,3_014,0.8002431988716125,False
358,task_0359,3_003,2,398,task_0399,3_013,0.7964351177215576,False
358,task_0359,3_003,3,379,task_0380,3_009,0.7908128499984741,False
358,task_0359,3_003,4,381,task_0382,3_009,0.7885570526123047,False
358,task_0359,3_003,5,422,task_0423,3_019,0.7852320671081543,False
358,task_0359,3_003,6,552,task_0553,3_052,0.784700870513916,False
358,task_0359,3_003,7,546,task_0547,3_050,0.7845689654350281,False
358,task_0359,3_003,8,553,task_0554,3_052,0.7802613973617554,False
358,task_0359,3_003,9,489,task_0490,3_036,0.7754930853843689,False
358,task_0359,3_003,10,542,task_0543,3_049,0.7754649519920349,False
359,task_0360,3_004,1,361,task_0362,3_004,0.9661089181900024,True
359,task_0360,3_004,2,436,task_0437,3_023,0.9174820184707642,False
359,task_0360,3_004,3,432,task_0433,3_022,0.9080760478973389,False
359,task_0360,3_004,4,521,task_0522,3_044,0.8075127601623535,False
359,task_0360,3_004,5,525,task_0526,3_045,0.801975667476654,False
359,task_0360,3_004,6,410,task_0411,3_016,0.7252028584480286,False
359,task_0360,3_004,7,519,task_0520,3_043,0.723954975605011,False
359,task_0360,3_004,8,523,task_0524,3_044,0.7104634642601013,False
359,task_0360,3_004,9,376,task_0377,3_008,0.6990029215812683,False
359,task_0360,3_004,10,355,task_0356,3_003,0.6930838823318481,False
360,task_0361,3_004,1,362,task_0363,3_004,0.9308853149414062,True
360,task_0361,3_004,2,442,task_0443,3_024,0.9128435254096985,False
360,task_0361,3_004,3,446,task_0447,3_025,0.9110510349273682,False
360,task_0361,3_004,4,22,task_0023,1_006,0.8318055272102356,False
360,task_0361,3_004,5,52,task_0053,1_014,0.7940536141395569,False
360,task_0361,3_004,6,20,task_0021,1_006,0.7903757691383362,False
360,task_0361,3_004,7,128,task_0129,1_033,0.7728843092918396,False
360,task_0361,3_004,8,172,task_0173,1_044,0.7600919008255005,False
360,task_0361,3_004,9,34,task_0035,1_009,0.7527406215667725,False
360,task_0361,3_004,10,444,task_0445,3_025,0.752047061920166,False
361,task_0362,3_004,1,359,task_0360,3_004,0.9661089181900024,True
361,task_0362,3_004,2,436,task_0437,3_023,0.9277392625808716,False
361,task_0362,3_004,3,432,task_0433,3_022,0.9215786457061768,False
361,task_0362,3_004,4,525,task_0526,3_045,0.8094474077224731,False
361,task_0362,3_004,5,521,task_0522,3_044,0.8054075837135315,False
361,task_0362,3_004,6,410,task_0411,3_016,0.7308886051177979,False
361,task_0362,3_004,7,519,task_0520,3_043,0.7292635440826416,False
361,task_0362,3_004,8,523,task_0524,3_044,0.720744788646698,False
361,task_0362,3_004,9,355,task_0356,3_003,0.7049078941345215,False
361,task_0362,3_004,10,376,task_0377,3_008,0.6996300220489502,False
362,task_0363,3_004,1,360,task_0361,3_004,0.9308853149414062,True
362,task_0363,3_004,2,442,task_0443,3_024,0.8797186613082886,False
362,task_0363,3_004,3,446,task_0447,3_025,0.8771572709083557,False
362,task_0363,3_004,4,22,task_0023,1_006,0.8273016810417175,False
362,task_0363,3_004,5,20,task_0021,1_006,0.7997516989707947,False
362,task_0363,3_004,6,172,task_0173,1_044,0.7869099974632263,False
362,task_0363,3_004,7,52,task_0053,1_014,0.7764304876327515,False
362,task_0363,3_004,8,34,task_0035,1_009,0.7623426914215088,False
362,task_0363,3_004,9,122,task_0123,1_031,0.7618143558502197,False
362,task_0363,3_004,10,128,task_0129,1_033,0.743213951587677,False
363,task_0364,3_005,1,364,task_0365,3_005,0.8416950702667236,True
363,task_0364,3_005,2,534,task_0535,3_047,0.825989842414856,False
363,task_0364,3_005,3,530,task_0531,3_046,0.8197082877159119,False
363,task_0364,3_005,4,528,task_0529,3_046,0.8164119124412537,False
363,task_0364,3_005,5,532,task_0533,3_047,0.8160040974617004,False
363,task_0364,3_005,6,365,task_0366,3_005,0.790973424911499,True
363,task_0364,3_005,7,366,task_0367,3_005,0.7857258915901184,True
363,task_0364,3_005,8,414,task_0415,3_017,0.7371742725372314,False
363,task_0364,3_005,9,416,task_0417,3_018,0.7269349098205566,False
363,task_0364,3_005,10,418,task_0419,3_018,0.7192369699478149,False
364,task_0365,3_005,1,366,task_0367,3_005,0.9446753859519958,True
364,task_0365,3_005,2,365,task_0366,3_005,0.8679261207580566,True
364,task_0365,3_005,3,363,task_0364,3_005,0.8416950702667236,True
364,task_0365,3_005,4,534,task_0535,3_047,0.7692939639091492,False
364,task_0365,3_005,5,528,task_0529,3_046,0.7631531953811646,False
364,task_0365,3_005,6,532,task_0533,3_047,0.7584896087646484,False
364,task_0365,3_005,7,530,task_0531,3_046,0.7532910108566284,False
364,task_0365,3_005,8,448,task_0449,3_026,0.6835296750068665,False
364,task_0365,3_005,9,418,task_0419,3_018,0.6730568408966064,False
364,task_0365,3_005,10,414,task_0415,3_017,0.670930802822113,False
365,task_0366,3_005,1,366,task_0367,3_005,0.949867844581604,True
365,task_0366,3_005,2,364,task_0365,3_005,0.8679261207580566,True
365,task_0366,3_005,3,363,task_0364,3_005,0.790973424911499,True
365,task_0366,3_005,4,376,task_0377,3_008,0.7723698019981384,False
365,task_0366,3_005,5,378,task_0379,3_008,0.7489558458328247,False
365,task_0366,3_005,6,472,task_0473,3_032,0.7445515990257263,False
365,task_0366,3_005,7,377,task_0378,3_008,0.7379021644592285,False
365,task_0366,3_005,8,448,task_0449,3_026,0.7346572279930115,False
365,task_0366,3_005,9,474,task_0475,3_032,0.7327529788017273,False
365,task_0366,3_005,10,375,task_0376,3_008,0.7310470938682556,False
366,task_0367,3_005,1,365,task_0366,3_005,0.949867844581604,True
366,task_0367,3_005,2,364,task_0365,3_005,0.9446753859519958,True
366,task_0367,3_005,3,363,task_0364,3_005,0.7857258915901184,True
366,task_0367,3_005,4,534,task_0535,3_047,0.7227922081947327,False
366,task_0367,3_005,5,376,task_0377,3_008,0.72273850440979,False
366,task_0367,3_005,6,528,task_0529,3_046,0.7215898633003235,False
366,task_0367,3_005,7,448,task_0449,3_026,0.7194082140922546,False
366,task_0367,3_005,8,532,task_0533,3_047,0.7165661454200745,False
366,task_0367,3_005,9,530,task_0531,3_046,0.710664689540863,False
366,task_0367,3_005,10,378,task_0379,3_008,0.7014235258102417,False
367,task_0368,3_006,1,459,task_0460,3_029,0.8626275062561035,False
367,task_0368,3_006,2,370,task_0371,3_006,0.807318925857544,True
367,task_0368,3_006,3,368,task_0369,3_006,0.760517954826355,True
367,task_0368,3_006,4,477,task_0478,3_033,0.7242308855056763,False
367,task_0368,3_006,5,369,task_0370,3_006,0.7031041383743286,True
367,task_0368,3_006,6,489,task_0490,3_036,0.6848087310791016,False
367,task_0368,3_006,7,493,task_0494,3_037,0.6723371148109436,False
367,task_0368,3_006,8,479,task_0480,3_034,0.6721956133842468,False
367,task_0368,3_006,9,475,task_0476,3_033,0.6699296832084656,False
367,task_0368,3_006,10,481,task_0482,3_034,0.6666116714477539,False
368,task_0369,3_006,1,370,task_0371,3_006,0.920056939125061,True
368,task_0369,3_006,2,369,task_0370,3_006,0.898576021194458,True
368,task_0369,3_006,3,537,task_0538,3_048,0.8204890489578247,False
368,task_0369,3_006,4,556,task_0557,3_053,0.7869073152542114,False
368,task_0369,3_006,5,477,task_0478,3_033,0.7796172499656677,False
368,task_0369,3_006,6,396,task_0397,3_013,0.7674868106842041,False
368,task_0369,3_006,7,367,task_0368,3_006,0.760517954826355,True
368,task_0369,3_006,8,457,task_0458,3_028,0.7554294466972351,False
368,task_0369,3_006,9,489,task_0490,3_036,0.753876805305481,False
368,task_0369,3_006,10,461,task_0462,3_029,0.7527710199356079,False
369,task_0370,3_006,1,368,task_0369,3_006,0.898576021194458,True
369,task_0370,3_006,2,370,task_0371,3_006,0.8561350107192993,True
369,task_0370,3_006,3,537,task_0538,3_048,0.7712038159370422,False
369,task_0370,3_006,4,461,task_0462,3_029,0.7644429206848145,False
369,task_0370,3_006,5,556,task_0557,3_053,0.7620890140533447,False
369,task_0370,3_006,6,457,task_0458,3_028,0.759870171546936,False
369,task_0370,3_006,7,455,task_0456,3_028,0.757693886756897,False
369,task_0370,3_006,8,396,task_0397,3_013,0.7553179264068604,False
369,task_0370,3_006,9,400,task_0401,3_014,0.7452294230461121,False
369,task_0370,3_006,10,560,task_0561,3_054,0.7295573353767395,False
370,task_0371,3_006,1,368,task_0369,3_006,0.920056939125061,True
370,task_0371,3_006,2,369,task_0370,3_006,0.8561350107192993,True
370,task_0371,3_006,3,367,task_0368,3_006,0.807318925857544,True
370,task_0371,3_006,4,556,task_0557,3_053,0.771485447883606,False
370,task_0371,3_006,5,537,task_0538,3_048,0.76519376039505,False
370,task_0371,3_006,6,535,task_0536,3_047,0.763251543045044,False
370,task_0371,3_006,7,461,task_0462,3_029,0.7629348039627075,False
370,task_0371,3_006,8,457,task_0458,3_028,0.7620397210121155,False
370,task_0371,3_006,9,489,task_0490,3_036,0.7578692436218262,False
370,task_0371,3_006,10,459,task_0460,3_029,0.7554296255111694,False
371,task_0372,3_007,1,373,task_0374,3_007,0.9946742653846741,True
371,task_0372,3_007,2,372,task_0373,3_007,0.9268341064453125,True
371,task_0372,3_007,3,349,task_0350,3_001,0.9141684770584106,False
371,task_0372,3_007,4,347,task_0348,3_001,0.9073601365089417,False
371,task_0372,3_007,5,522,task_0523,3_044,0.8924527168273926,False
371,task_0372,3_007,6,526,task_0527,3_045,0.8916640877723694,False
371,task_0372,3_007,7,473,task_0474,3_032,0.8888773322105408,False
371,task_0372,3_007,8,467,task_0468,3_031,0.8784127235412598,False
371,task_0372,3_007,9,386,task_0387,3_010,0.8754205703735352,False
371,task_0372,3_007,10,559,task_0560,3_053,0.8744338750839233,False
372,task_0373,3_007,1,371,task_0372,3_007,0.9268341064453125,True
372,task_0373,3_007,2,373,task_0374,3_007,0.9264682531356812,True
372,task_0373,3_007,3,374,task_0375,3_007,0.9028751850128174,True
372,task_0373,3_007,4,473,task_0474,3_032,0.8930880427360535,False
372,task_0373,3_007,5,469,task_0470,3_031,0.890203595161438,False
372,task_0373,3_007,6,347,task_0348,3_001,0.8844394683837891,False
372,task_0373,3_007,7,467,task_0468,3_031,0.8826864957809448,False
372,task_0373,3_007,8,349,task_0350,3_001,0.8743178248405457,False
372,task_0373,3_007,9,471,task_0472,3_032,0.8515952229499817,False
372,task_0373,3_007,10,441,task_0442,3_024,0.8489872217178345,False
373,task_0374,3_007,1,371,task_0372,3_007,0.9946742653846741,True
373,task_0374,3_007,2,372,task_0373,3_007,0.9264682531356812,True
373,task_0374,3_007,3,349,task_0350,3_001,0.9166526794433594,False
373,task_0374,3_007,4,347,task_0348,3_001,0.9069948792457581,False
373,task_0374,3_007,5,522,task_0523,3_044,0.8954155445098877,False
373,task_0374,3_007,6,526,task_0527,3_045,0.8946272730827332,False
373,task_0374,3_007,7,473,task_0474,3_032,0.8920412659645081,False
373,task_0374,3_007,8,467,task_0468,3_031,0.880763828754425,False
373,task_0374,3_007,9,386,task_0387,3_010,0.8717643022537231,False
373,task_0374,3_007,10,471,task_0472,3_032,0.871631920337677,False
374,task_0375,3_007,1,372,task_0373,3_007,0.9028751850128174,True
374,task_0375,3_007,2,350,task_0351,3_001,0.8280545473098755,False
374,task_0375,3_007,3,452,task_0453,3_027,0.8258399963378906,False
374,task_0375,3_007,4,445,task_0446,3_025,0.8179821372032166,False
374,task_0375,3_007,5,371,task_0372,3_007,0.8117996454238892,True
374,task_0375,3_007,6,373,task_0374,3_007,0.8026537895202637,True
374,task_0375,3_007,7,503,task_0504,3_039,0.8013967871665955,False
374,task_0375,3_007,8,397,task_0398,3_013,0.7974656224250793,False
374,task_0375,3_007,9,505,task_0506,3_040,0.7962157726287842,False
374,task_0375,3_007,10,469,task_0470,3_031,0.7950114607810974,False
375,task_0376,3_008,1,377,task_0378,3_008,0.8764493465423584,True
375,task_0376,3_008,2,376,task_0377,3_008,0.7651284337043762,True
375,task_0376,3_008,3,378,task_0379,3_008,0.7510128021240234,True
375,task_0376,3_008,4,365,task_0366,3_005,0.7310470938682556,False
375,task_0376,3_008,5,530,task_0531,3_046,0.7300130128860474,False
375,task_0376,3_008,6,391,task_0392,3_012,0.7280246615409851,False
375,task_0376,3_008,7,532,task_0533,3_047,0.7255796790122986,False
375,task_0376,3_008,8,474,task_0475,3_032,0.7215997576713562,False
375,task_0376,3_008,9,534,task_0535,3_047,0.7205148935317993,False
375,task_0376,3_008,10,550,task_0551,3_051,0.7148357629776001,False
376,task_0377,3_008,1,378,task_0379,3_008,0.9328402280807495,True
376,task_0377,3_008,2,550,task_0551,3_051,0.7928113341331482,False
376,task_0377,3_008,3,450,task_0451,3_026,0.7748399972915649,False
376,task_0377,3_008,4,365,task_0366,3_005,0.7723698019981384,False
376,task_0377,3_008,5,375,task_0376,3_008,0.7651284337043762,True
376,task_0377,3_008,6,448,task_0449,3_026,0.7607457637786865,False
376,task_0377,3_008,7,418,task_0419,3_018,0.7590445280075073,False
376,task_0377,3_008,8,548,task_0549,3_051,0.7546154260635376,False
376,task_0377,3_008,9,468,task_0469,3_031,0.7430269718170166,False
376,task_0377,3_008,10,474,task_0475,3_032,0.7419598698616028,False
377,task_0378,3_008,1,375,task_0376,3_008,0.8764493465423584,True
377,task_0378,3_008,2,365,task_0366,3_005,0.7379021644592285,False
377,task_0378,3_008,3,376,task_0377,3_008,0.7220515012741089,True
377,task_0378,3_008,4,391,task_0392,3_012,0.7162283658981323,False
377,task_0378,3_008,5,378,task_0379,3_008,0.7077288627624512,True
377,task_0378,3_008,6,356,task_0357,3_003,0.7014736533164978,False
377,task_0378,3_008,7,392,task_0393,3_012,0.7006312608718872,False
377,task_0378,3_008,8,530,task_0531,3_046,0.6881539225578308,False
377,task_0378,3_008,9,393,task_0394,3_012,0.6871740818023682,False
377,task_0378,3_008,10,532,task_0533,3_047,0.685317873954773,False
378,task_0379,3_008,1,376,task_0377,3_008,0.9328402280807495,True
378,task_0379,3_008,2,375,task_0376,3_008,0.7510128021240234,True
378,task_0379,3_008,3,365,task_0366,3_005,0.7489558458328247,False
378,task_0379,3_008,4,550,task_0551,3_051,0.7446731328964233,False
378,task_0379,3_008,5,450,task_0451,3_026,0.7412929534912109,False
378,task_0379,3_008,6,548,task_0549,3_051,0.7197332978248596,False
378,task_0379,3_008,7,448,task_0449,3_026,0.718506395816803,False
378,task_0379,3_008,8,472,task_0473,3_032,0.711449146270752,False
378,task_0379,3_008,9,468,task_0469,3_031,0.7109075784683228,False
378,task_0379,3_008,10,377,task_0378,3_008,0.7077288627624512,True
379,task_0380,3_009,1,381,task_0382,3_009,0.9498312473297119,True
379,task_0380,3_009,2,358,task_0359,3_003,0.7908128499984741,False
379,task_0380,3_009,3,493,task_0494,3_037,0.7902461290359497,False
379,task_0380,3_009,4,422,task_0423,3_019,0.7883531451225281,False
379,task_0380,3_009,5,544,task_0545,3_050,0.7769528031349182,False
379,task_0380,3_009,6,553,task_0554,3_052,0.7765088677406311,False
379,task_0380,3_009,7,540,task_0541,3_049,0.7755774259567261,False
379,task_0380,3_009,8,555,task_0556,3_052,0.7658390998840332,False
379,task_0380,3_009,9,402,task_0403,3_014,0.7632306814193726,False
379,task_0380,3_009,10,554,task_0555,3_052,0.7628889679908752,False
380,task_0381,3_009,1,382,task_0383,3_009,0.9384388327598572,True
380,task_0381,3_009,2,547,task_0548,3_050,0.8428905010223389,False
380,task_0381,3_009,3,559,task_0560,3_053,0.8407737016677856,False
380,task_0381,3_009,4,458,task_0459,3_028,0.839189350605011,False
380,task_0381,3_009,5,348,task_0349,3_001,0.8390368223190308,False
380,task_0381,3_009,6,462,task_0463,3_029,0.8380507230758667,False
380,task_0381,3_009,7,384,task_0385,3_010,0.8346869945526123,False
380,task_0381,3_009,8,526,task_0527,3_045,0.8340013027191162,False
380,task_0381,3_009,9,522,task_0523,3_044,0.8332983255386353,False
380,task_0381,3_009,10,386,task_0387,3_010,0.8322844505310059,False
381,task_0382,3_009,1,379,task_0380,3_009,0.9498312473297119,True
381,task_0382,3_009,2,422,task_0423,3_019,0.8219445943832397,False
381,task_0382,3_009,3,540,task_0541,3_049,0.8157198429107666,False
381,task_0382,3_009,4,402,task_0403,3_014,0.8120458722114563,False
381,task_0382,3_009,5,493,task_0494,3_037,0.810108482837677,False
381,task_0382,3_009,6,553,task_0554,3_052,0.8012018799781799,False
381,task_0382,3_009,7,544,task_0545,3_050,0.7934542298316956,False
381,task_0382,3_009,8,398,task_0399,3_013,0.7932115197181702,False
381,task_0382,3_009,9,546,task_0547,3_050,0.7921321988105774,False
381,task_0382,3_009,10,358,task_0359,3_003,0.7885570526123047,False
382,task_0383,3_009,1,380,task_0381,3_009,0.9384388327598572,True
382,task_0383,3_009,2,559,task_0560,3_053,0.8492615222930908,False
382,task_0383,3_009,3,458,task_0459,3_028,0.8467249274253845,False
382,task_0383,3_009,4,492,task_0493,3_037,0.8450188636779785,False
382,task_0383,3_009,5,426,task_0427,3_020,0.8367899656295776,False
382,task_0383,3_009,6,384,task_0385,3_010,0.8360240459442139,False
382,task_0383,3_009,7,371,task_0372,3_007,0.8351914882659912,False
382,task_0383,3_009,8,522,task_0523,3_044,0.8335804343223572,False
382,task_0383,3_009,9,526,task_0527,3_045,0.8335571885108948,False
382,task_0383,3_009,10,423,task_0424,3_020,0.833399772644043,False
383,task_0384,3_010,1,385,task_0386,3_010,0.9888888597488403,True
383,task_0384,3_010,2,386,task_0387,3_010,0.9153015613555908,True
383,task_0384,3_010,3,467,task_0468,3_031,0.8759375810623169,False
383,task_0384,3_010,4,473,task_0474,3_032,0.8705605268478394,False
383,task_0384,3_010,5,463,task_0464,3_030,0.8619546890258789,False
383,task_0384,3_010,6,371,task_0372,3_007,0.8575078845024109,False
383,task_0384,3_010,7,373,task_0374,3_007,0.857082724571228,False
383,task_0384,3_010,8,471,task_0472,3_032,0.8548167943954468,False
383,task_0384,3_010,9,465,task_0466,3_030,0.8542842864990234,False
383,task_0384,3_010,10,347,task_0348,3_001,0.8537480235099792,False
384,task_0385,3_010,1,466,task_0467,3_030,0.8920984268188477,False
384,task_0385,3_010,2,561,task_0562,3_054,0.8691835999488831,False
384,task_0385,3_010,3,350,task_0351,3_001,0.8576000332832336,False
384,task_0385,3_010,4,386,task_0387,3_010,0.8562079668045044,True
384,task_0385,3_010,5,557,task_0558,3_053,0.8554952144622803,False
384,task_0385,3_010,6,462,task_0463,3_029,0.8397800326347351,False
384,task_0385,3_010,7,456,task_0457,3_028,0.8386063575744629,False
384,task_0385,3_010,8,382,task_0383,3_009,0.8360240459442139,False
384,task_0385,3_010,9,383,task_0384,3_010,0.8348586559295654,True
384,task_0385,3_010,10,380,task_0381,3_009,0.8346869945526123,False
385,task_0386,3_010,1,383,task_0384,3_010,0.9888888597488403,True
385,task_0386,3_010,2,386,task_0387,3_010,0.9173327684402466,True
385,task_0386,3_010,3,467,task_0468,3_031,0.8783417344093323,False
385,task_0386,3_010,4,473,task_0474,3_032,0.8705326318740845,False
385,task_0386,3_010,5,463,task_0464,3_030,0.861527681350708,False
385,task_0386,3_010,6,371,task_0372,3_007,0.8575764298439026,False
385,task_0386,3_010,7,373,task_0374,3_007,0.8569279313087463,False
385,task_0386,3_010,8,465,task_0466,3_030,0.8562155365943909,False
385,task_0386,3_010,9,347,task_0348,3_001,0.8542081117630005,False
385,task_0386,3_010,10,441,task_0442,3_024,0.8536341786384583,False
386,task_0387,3_010,1,385,task_0386,3_010,0.9173327684402466,True
386,task_0387,3_010,2,383,task_0384,3_010,0.9153015613555908,True
386,task_0387,3_010,3,463,task_0464,3_030,0.8957126140594482,False
386,task_0387,3_010,4,407,task_0408,3_016,0.8917316198348999,False
386,task_0387,3_010,5,403,task_0404,3_015,0.8908438682556152,False
386,task_0387,3_010,6,465,task_0466,3_030,0.8892617225646973,False
386,task_0387,3_010,7,347,task_0348,3_001,0.8830885887145996,False
386,task_0387,3_010,8,349,task_0350,3_001,0.8802329301834106,False
386,task_0387,3_010,9,371,task_0372,3_007,0.8754205703735352,False
386,task_0387,3_010,10,373,task_0374,3_007,0.8717643022537231,False
387,task_0388,3_011,1,389,task_0390,3_011,0.9247527122497559,True
387,task_0388,3_011,2,390,task_0391,3_011,0.9134759902954102,True
387,task_0388,3_011,3,388,task_0389,3_011,0.8612372279167175,True
387,task_0388,3_011,4,425,task_0426,3_020,0.8003250360488892,False
387,task_0388,3_011,5,424,task_0425,3_020,0.7857410907745361,False
387,task_0388,3_011,6,478,task_0479,3_033,0.7719974517822266,False
387,task_0388,3_011,7,380,task_0381,3_009,0.765478789806366,False
387,task_0388,3_011,8,488,task_0489,3_036,0.7615458369255066,False
387,task_0388,3_011,9,492,task_0493,3_037,0.7545620203018188,False
387,task_0388,3_011,10,476,task_0477,3_033,0.7541502714157104,False
388,task_0389,3_011,1,390,task_0391,3_011,0.872610330581665,True
388,task_0389,3_011,2,387,task_0388,3_011,0.8612372279167175,True
388,task_0389,3_011,3,389,task_0390,3_011,0.8528754711151123,True
388,task_0389,3_011,4,476,task_0477,3_033,0.7999926209449768,False
388,task_0389,3_011,5,482,task_0483,3_034,0.7829357385635376,False
388,task_0389,3_011,6,478,task_0479,3_033,0.7776610851287842,False
388,task_0389,3_011,7,480,task_0481,3_034,0.771033525466919,False
388,task_0389,3_011,8,425,task_0426,3_020,0.7681569457054138,False
388,task_0389,3_011,9,384,task_0385,3_010,0.7429649829864502,False
388,task_0389,3_011,10,380,task_0381,3_009,0.7415496110916138,False
389,task_0390,3_011,1,387,task_0388,3_011,0.9247527122497559,True
389,task_0390,3_011,2,390,task_0391,3_011,0.919410765171051,True
389,task_0390,3_011,3,388,task_0389,3_011,0.8528754711151123,True
389,task_0390,3_011,4,476,task_0477,3_033,0.7857108116149902,False
389,task_0390,3_011,5,424,task_0425,3_020,0.7824928760528564,False
389,task_0390,3_011,6,425,task_0426,3_020,0.776995062828064,False
389,task_0390,3_011,7,380,task_0381,3_009,0.7545276880264282,False
389,task_0390,3_011,8,426,task_0427,3_020,0.7542112469673157,False
389,task_0390,3_011,9,382,task_0383,3_009,0.7489041090011597,False
389,task_0390,3_011,10,480,task_0481,3_034,0.7455688714981079,False
390,task_0391,3_011,1,389,task_0390,3_011,0.919410765171051,True
390,task_0391,3_011,2,387,task_0388,3_011,0.9134759902954102,True
390,task_0391,3_011,3,388,task_0389,3_011,0.872610330581665,True
390,task_0391,3_011,4,478,task_0479,3_033,0.8016602396965027,False
390,task_0391,3_011,5,424,task_0425,3_020,0.7907223105430603,False
390,task_0391,3_011,6,380,task_0381,3_009,0.7836390733718872,False
390,task_0391,3_011,7,425,task_0426,3_020,0.7779070734977722,False
390,task_0391,3_011,8,492,task_0493,3_037,0.7772364020347595,False
390,task_0391,3_011,9,382,task_0383,3_009,0.7684546113014221,False
390,task_0391,3_011,10,428,task_0429,3_021,0.766359806060791,False
391,task_0392,3_012,1,393,task_0394,3_012,0.8895149230957031,True
391,task_0392,3_012,2,392,task_0393,3_012,0.8056555986404419,True
391,task_0392,3_012,3,394,task_0395,3_012,0.7877405881881714,True
391,task_0392,3_012,4,356,task_0357,3_003,0.7664135098457336,False
391,task_0392,3_012,5,375,task_0376,3_008,0.7280246615409851,False
391,task_0392,3_012,6,377,task_0378,3_008,0.7162283658981323,False
391,task_0392,3_012,7,390,task_0391,3_011,0.6936042308807373,False
391,task_0392,3_012,8,530,task_0531,3_046,0.6907262802124023,False
391,task_0392,3_012,9,534,task_0535,3_047,0.6834531426429749,False
391,task_0392,3_012,10,532,task_0533,3_047,0.6786814332008362,False
392,task_0393,3_012,1,394,task_0395,3_012,0.9644700288772583,True
392,task_0393,3_012,2,391,task_0392,3_012,0.8056555986404419,True
392,task_0393,3_012,3,448,task_0449,3_026,0.7601760029792786,False
392,task_0393,3_012,4,534,task_0535,3_047,0.7519820332527161,False
392,task_0393,3_012,5,530,task_0531,3_046,0.7518729567527771,False
392,task_0393,3_012,6,532,task_0533,3_047,0.7514358758926392,False
392,task_0393,3_012,7,528,task_0529,3_046,0.7503274083137512,False
392,task_0393,3_012,8,356,task_0357,3_003,0.7247387170791626,False
392,task_0393,3_012,9,450,task_0451,3_026,0.7215098738670349,False
392,task_0393,3_012,10,375,task_0376,3_008,0.7112767100334167,False
393,task_0394,3_012,1,391,task_0392,3_012,0.8895149230957031,True
393,task_0394,3_012,2,356,task_0357,3_003,0.7213618159294128,False
393,task_0394,3_012,3,377,task_0378,3_008,0.6871740818023682,False
393,task_0394,3_012,4,375,task_0376,3_008,0.6815056800842285,False
393,task_0394,3_012,5,392,task_0393,3_012,0.6785503625869751,True
393,task_0394,3_012,6,374,task_0375,3_007,0.6777507662773132,False
393,task_0394,3_012,7,390,task_0391,3_011,0.6669667959213257,False
393,task_0394,3_012,8,394,task_0395,3_012,0.6664209365844727,True
393,task_0394,3_012,9,535,task_0536,3_047,0.6597490310668945,False
393,task_0394,3_012,10,389,task_0390,3_011,0.6558928489685059,False
394,task_0395,3_012,1,392,task_0393,3_012,0.9644700288772583,True
394,task_0395,3_012,2,391,task_0392,3_012,0.7877405881881714,True
394,task_0395,3_012,3,534,task_0535,3_047,0.750028133392334,False
394,task_0395,3_012,4,532,task_0533,3_047,0.7496446967124939,False
394,task_0395,3_012,5,528,task_0529,3_046,0.7486358284950256,False
394,task_0395,3_012,6,530,task_0531,3_046,0.7474585771560669,False
394,task_0395,3_012,7,448,task_0449,3_026,0.7394562363624573,False
394,task_0395,3_012,8,450,task_0451,3_026,0.717636227607727,False
394,task_0395,3_012,9,375,task_0376,3_008,0.7019758820533752,False
394,task_0395,3_012,10,419,task_0420,3_019,0.7006198167800903,False
395,task_0396,3_013,1,399,task_0400,3_014,0.965246856212616,False
395,task_0396,3_013,2,397,task_0398,3_013,0.8810340166091919,True
395,task_0396,3_013,3,401,task_0402,3_014,0.8573483228683472,False
395,task_0396,3_013,4,445,task_0446,3_025,0.7934016585350037,False
395,task_0396,3_013,5,441,task_0442,3_024,0.7708576321601868,False
395,task_0396,3_013,6,529,task_0530,3_046,0.7673202157020569,False
395,task_0396,3_013,7,374,task_0375,3_007,0.7437440156936646,False
395,task_0396,3_013,8,463,task_0464,3_030,0.7297553420066833,False
395,task_0396,3_013,9,549,task_0550,3_051,0.7280299067497253,False
395,task_0396,3_013,10,527,task_0528,3_045,0.7266316413879395,False
396,task_0397,3_013,1,400,task_0401,3_014,0.9010645747184753,False
396,task_0397,3_013,2,489,task_0490,3_036,0.7762688994407654,False
396,task_0397,3_013,3,562,task_0563,3_054,0.7725577354431152,False
396,task_0397,3_013,4,558,task_0559,3_053,0.7697495222091675,False
396,task_0397,3_013,5,556,task_0557,3_053,0.768393874168396,False
396,task_0397,3_013,6,368,task_0369,3_006,0.7674868106842041,False
396,task_0397,3_013,7,369,task_0370,3_006,0.7553179264068604,False
396,task_0397,3_013,8,477,task_0478,3_033,0.7482631206512451,False
396,task_0397,3_013,9,370,task_0371,3_006,0.7471346855163574,False
396,task_0397,3_013,10,491,task_0492,3_036,0.7396245002746582,False
397,task_0398,3_013,1,401,task_0402,3_014,0.9665253162384033,False
397,task_0398,3_013,2,395,task_0396,3_013,0.8810340166091919,True
397,task_0398,3_013,3,399,task_0400,3_014,0.8642030954360962,False
397,task_0398,3_013,4,445,task_0446,3_025,0.8270428776741028,False
397,task_0398,3_013,5,441,task_0442,3_024,0.8120040893554688,False
397,task_0398,3_013,6,374,task_0375,3_007,0.7974656224250793,False
397,task_0398,3_013,7,549,task_0550,3_051,0.791046142578125,False
397,task_0398,3_013,8,439,task_0440,3_024,0.773526132106781,False
397,task_0398,3_013,9,529,task_0530,3_046,0.7578327655792236,False
397,task_0398,3_013,10,372,task_0373,3_007,0.7519376873970032,False
398,task_0399,3_013,1,402,task_0403,3_014,0.9467815160751343,False
398,task_0399,3_013,2,542,task_0543,3_049,0.8213079571723938,False
398,task_0399,3_013,3,546,task_0547,3_050,0.8160333037376404,False
398,task_0399,3_013,4,422,task_0423,3_019,0.8153777718544006,False
398,task_0399,3_013,5,517,task_0518,3_043,0.8075999617576599,False
398,task_0399,3_013,6,518,task_0519,3_043,0.8072922825813293,False
398,task_0399,3_013,7,516,task_0517,3_043,0.7966054081916809,False
398,task_0399,3_013,8,358,task_0359,3_003,0.7964351177215576,False
398,task_0399,3_013,9,381,task_0382,3_009,0.7932115197181702,False
398,task_0399,3_013,10,553,task_0554,3_052,0.7848660349845886,False
399,task_0400,3_014,1,395,task_0396,3_013,0.965246856212616,False
399,task_0400,3_014,2,401,task_0402,3_014,0.8850091099739075,True
399,task_0400,3_014,3,397,task_0398,3_013,0.8642030954360962,False
399,task_0400,3_014,4,445,task_0446,3_025,0.7848027348518372,False
399,task_0400,3_014,5,529,task_0530,3_046,0.7771535515785217,False
399,task_0400,3_014,6,441,task_0442,3_024,0.7636181116104126,False
399,task_0400,3_014,7,374,task_0375,3_007,0.7458531260490417,False
399,task_0400,3_014,8,549,task_0550,3_051,0.742782711982727,False
399,task_0400,3_014,9,556,task_0557,3_053,0.7336025238037109,False
399,task_0400,3_014,10,527,task_0528,3_045,0.7301086783409119,False
400,task_0401,3_014,1,396,task_0397,3_013,0.9010645747184753,False
400,task_0401,3_014,2,562,task_0563,3_054,0.7764466404914856,False
400,task_0401,3_014,3,558,task_0559,3_053,0.775516152381897,False
400,task_0401,3_014,4,491,task_0492,3_036,0.7733326554298401,False
400,task_0401,3_014,5,402,task_0403,3_014,0.7625195980072021,True
400,task_0401,3_014,6,556,task_0557,3_053,0.7609285116195679,False
400,task_0401,3_014,7,368,task_0369,3_006,0.7504936456680298,False
400,task_0401,3_014,8,457,task_0458,3_028,0.7475583553314209,False
400,task_0401,3_014,9,461,task_0462,3_029,0.7472294569015503,False
400,task_0401,3_014,10,477,task_0478,3_033,0.7471456527709961,False
401,task_0402,3_014,1,397,task_0398,3_013,0.9665253162384033,False
401,task_0402,3_014,2,399,task_0400,3_014,0.8850091099739075,True
401,task_0402,3_014,3,395,task_0396,3_013,0.8573483228683472,False
401,task_0402,3_014,4,445,task_0446,3_025,0.8261991739273071,False
401,task_0402,3_014,5,441,task_0442,3_024,0.8138806819915771,False
401,task_0402,3_014,6,549,task_0550,3_051,0.7941357493400574,False
401,task_0402,3_014,7,374,task_0375,3_007,0.783845841884613,False
401,task_0402,3_014,8,439,task_0440,3_024,0.7796452045440674,False
401,task_0402,3_014,9,529,task_0530,3_046,0.753743052482605,False
401,task_0402,3_014,10,372,task_0373,3_007,0.7446281313896179,False
402,task_0403,3_014,1,398,task_0399,3_013,0.9467815160751343,False
402,task_0403,3_014,2,546,task_0547,3_050,0.8421000838279724,False
402,task_0403,3_014,3,542,task_0543,3_049,0.8302928805351257,False
402,task_0403,3_014,4,422,task_0423,3_019,0.8258540034294128,False
402,task_0403,3_014,5,381,task_0382,3_009,0.8120458722114563,False
402,task_0403,3_014,6,518,task_0519,3_043,0.8120072484016418,False
402,task_0403,3_014,7,516,task_0517,3_043,0.8112803101539612,False
402,task_0403,3_014,8,553,task_0554,3_052,0.810412585735321,False
402,task_0403,3_014,9,517,task_0518,3_043,0.8043283820152283,False
402,task_0403,3_014,10,555,task_0556,3_052,0.8009354472160339,False
403,task_0404,3_015,1,407,task_0408,3_016,0.9752041101455688,False
403,task_0404,3_015,2,405,task_0406,3_015,0.9332202672958374,True
403,task_0404,3_015,3,409,task_0410,3_016,0.9184582233428955,False
403,task_0404,3_015,4,386,task_0387,3_010,0.8908438682556152,False
403,task_0404,3_015,5,347,task_0348,3_001,0.8797974586486816,False
403,task_0404,3_015,6,463,task_0464,3_030,0.8763330578804016,False
403,task_0404,3_015,7,371,task_0372,3_007,0.8712521195411682,False
403,task_0404,3_015,8,559,task_0560,3_053,0.8678730726242065,False
403,task_0404,3_015,9,349,task_0350,3_001,0.8665260076522827,False
403,task_0404,3_015,10,373,task_0374,3_007,0.8651416897773743,False
404,task_0405,3_015,1,523,task_0524,3_044,0.7269708514213562,False
404,task_0405,3_015,2,408,task_0409,3_016,0.7268177270889282,False
404,task_0405,3_015,3,519,task_0520,3_043,0.7202850580215454,False
404,task_0405,3_015,4,410,task_0411,3_016,0.7139779329299927,False
404,task_0405,3_015,5,525,task_0526,3_045,0.684339702129364,False
404,task_0405,3_015,6,416,task_0417,3_018,0.6822144985198975,False
404,task_0405,3_015,7,412,task_0413,3_017,0.6818027496337891,False
404,task_0405,3_015,8,521,task_0522,3_044,0.6782748699188232,False
404,task_0405,3_015,9,406,task_0407,3_015,0.6770452260971069,True
404,task_0405,3_015,10,444,task_0445,3_025,0.670078694820404,False
405,task_0406,3_015,1,409,task_0410,3_016,0.937210202217102,False
405,task_0406,3_015,2,403,task_0404,3_015,0.9332202672958374,True
405,task_0406,3_015,3,407,task_0408,3_016,0.9195848703384399,False
405,task_0406,3_015,4,371,task_0372,3_007,0.8437911868095398,False
405,task_0406,3_015,5,373,task_0374,3_007,0.8391870260238647,False
405,task_0406,3_015,6,559,task_0560,3_053,0.8390506505966187,False
405,task_0406,3_015,7,386,task_0387,3_010,0.8338485956192017,False
405,task_0406,3_015,8,467,task_0468,3_031,0.8315864205360413,False
405,task_0406,3_015,9,526,task_0527,3_045,0.8300402164459229,False
405,task_0406,3_015,10,347,task_0348,3_001,0.8283852338790894,False
406,task_0407,3_015,1,410,task_0411,3_016,0.8263726234436035,False
406,task_0407,3_015,2,408,task_0409,3_016,0.727730393409729,False
406,task_0407,3_015,3,376,task_0377,3_008,0.7054531574249268,False
406,task_0407,3_015,4,412,task_0413,3_017,0.700359046459198,False
406,task_0407,3_015,5,370,task_0371,3_006,0.6922696828842163,False
406,task_0407,3_015,6,419,task_0420,3_019,0.6889445185661316,False
406,task_0407,3_015,7,416,task_0417,3_018,0.6856452822685242,False
406,task_0407,3_015,8,396,task_0397,3_013,0.6845568418502808,False
406,task_0407,3_015,9,556,task_0557,3_053,0.6825178265571594,False
406,task_0407,3_015,10,404,task_0405,3_015,0.6770452260971069,True
407,task_0408,3_016,1,403,task_0404,3_015,0.9752041101455688,False
407,task_0408,3_016,2,409,task_0410,3_016,0.9268248081207275,True
407,task_0408,3_016,3,405,task_0406,3_015,0.9195848703384399,False
407,task_0408,3_016,4,386,task_0387,3_010,0.8917316198348999,False
407,task_0408,3_016,5,347,task_0348,3_001,0.8758661150932312,False
407,task_0408,3_016,6,371,task_0372,3_007,0.8714525103569031,False
407,task_0408,3_016,7,559,task_0560,3_053,0.8686551451683044,False
407,task_0408,3_016,8,463,task_0464,3_030,0.8640098571777344,False
407,task_0408,3_016,9,373,task_0374,3_007,0.863521158695221,False
407,task_0408,3_016,10,423,task_0424,3_020,0.8589335083961487,False
408,task_0409,3_016,1,410,task_0411,3_016,0.7919201850891113,True
408,task_0409,3_016,2,444,task_0445,3_025,0.7769893407821655,False
408,task_0409,3_016,3,412,task_0413,3_017,0.7538655996322632,False
408,task_0409,3_016,4,416,task_0417,3_018,0.730964720249176,False
408,task_0409,3_016,5,406,task_0407,3_015,0.727730393409729,False
408,task_0409,3_016,6,404,task_0405,3_015,0.7268177270889282,False
408,task_0409,3_016,7,26,task_0027,1_007,0.7114219069480896,False
408,task_0409,3_016,8,548,task_0549,3_051,0.7047104239463806,False
408,task_0409,3_016,9,493,task_0494,3_037,0.6995304822921753,False
408,task_0409,3_016,10,523,task_0524,3_044,0.692389190196991,False
409,task_0410,3_016,1,405,task_0406,3_015,0.937210202217102,False
409,task_0410,3_016,2,407,task_0408,3_016,0.9268248081207275,True
409,task_0410,3_016,3,403,task_0404,3_015,0.9184582233428955,False
409,task_0410,3_016,4,386,task_0387,3_010,0.8424860835075378,False
409,task_0410,3_016,5,559,task_0560,3_053,0.8370220065116882,False
409,task_0410,3_016,6,467,task_0468,3_031,0.8304374814033508,False
409,task_0410,3_016,7,371,task_0372,3_007,0.8284469246864319,False
409,task_0410,3_016,8,463,task_0464,3_030,0.8261024355888367,False
409,task_0410,3_016,9,453,task_0454,3_027,0.8250744938850403,False
409,task_0410,3_016,10,347,task_0348,3_001,0.82408607006073,False
410,task_0411,3_016,1,406,task_0407,3_015,0.8263726234436035,False
410,task_0411,3_016,2,408,task_0409,3_016,0.7919201850891113,True
410,task_0411,3_016,3,525,task_0526,3_045,0.7681493163108826,False
410,task_0411,3_016,4,521,task_0522,3_044,0.7472205758094788,False
410,task_0411,3_016,5,436,task_0437,3_023,0.7457836270332336,False
410,task_0411,3_016,6,361,task_0362,3_004,0.7308886051177979,False
410,task_0411,3_016,7,412,task_0413,3_017,0.7262941598892212,False
410,task_0411,3_016,8,432,task_0433,3_022,0.7260889410972595,False
410,task_0411,3_016,9,359,task_0360,3_004,0.7252028584480286,False
410,task_0411,3_016,10,493,task_0494,3_037,0.7235397100448608,False
411,task_0412,3_017,1,415,task_0416,3_018,0.9671213626861572,False
411,task_0412,3_017,2,413,task_0414,3_017,0.9251973032951355,True
411,task_0412,3_017,3,463,task_0464,3_030,0.9103965163230896,False
411,task_0412,3_017,4,465,task_0466,3_030,0.9085444808006287,False
411,task_0412,3_017,5,417,task_0418,3_018,0.9025188684463501,False
411,task_0412,3_017,6,527,task_0528,3_045,0.8977502584457397,False
411,task_0412,3_017,7,441,task_0442,3_024,0.8771905899047852,False
411,task_0412,3_017,8,467,task_0468,3_031,0.8593948483467102,False
411,task_0412,3_017,9,473,task_0474,3_032,0.8576142191886902,False
411,task_0412,3_017,10,439,task_0440,3_024,0.8567658066749573,False
412,task_0413,3_017,1,416,task_0417,3_018,0.9391254186630249,False
412,task_0413,3_017,2,523,task_0524,3_044,0.7847911715507507,False
412,task_0413,3_017,3,519,task_0520,3_043,0.7778577208518982,False
412,task_0413,3_017,4,408,task_0409,3_016,0.7538655996322632,False
412,task_0413,3_017,5,410,task_0411,3_016,0.7262941598892212,False
412,task_0413,3_017,6,414,task_0415,3_017,0.7031031250953674,True
412,task_0413,3_017,7,406,task_0407,3_015,0.700359046459198,False
412,task_0413,3_017,8,472,task_0473,3_032,0.6979485750198364,False
412,task_0413,3_017,9,468,task_0469,3_031,0.6979364156723022,False
412,task_0413,3_017,10,474,task_0475,3_032,0.6970461010932922,False
413,task_0414,3_017,1,417,task_0418,3_018,0.958736002445221,False
413,task_0414,3_017,2,415,task_0416,3_018,0.9455621242523193,False
413,task_0414,3_017,3,411,task_0412,3_017,0.9251973032951355,True
413,task_0414,3_017,4,465,task_0466,3_030,0.8975759744644165,False
413,task_0414,3_017,5,463,task_0464,3_030,0.8940107226371765,False
413,task_0414,3_017,6,527,task_0528,3_045,0.8745466470718384,False
413,task_0414,3_017,7,533,task_0534,3_047,0.8630364537239075,False
413,task_0414,3_017,8,441,task_0442,3_024,0.8556963205337524,False
413,task_0414,3_017,9,373,task_0374,3_007,0.8533511161804199,False
413,task_0414,3_017,10,371,task_0372,3_007,0.8521764278411865,False
414,task_0415,3_017,1,418,task_0419,3_018,0.9166276454925537,False
414,task_0415,3_017,2,530,task_0531,3_046,0.8075191974639893,False
414,task_0415,3_017,3,532,task_0533,3_047,0.8050506114959717,False
414,task_0415,3_017,4,534,task_0535,3_047,0.7988439202308655,False
414,task_0415,3_017,5,528,task_0529,3_046,0.7938217520713806,False
414,task_0415,3_017,6,363,task_0364,3_005,0.7371742725372314,False
414,task_0415,3_017,7,416,task_0417,3_018,0.7339950799942017,False
414,task_0415,3_017,8,376,task_0377,3_008,0.7260338068008423,False
414,task_0415,3_017,9,450,task_0451,3_026,0.7214174866676331,False
414,task_0415,3_017,10,448,task_0449,3_026,0.7086226940155029,False
415,task_0416,3_018,1,411,task_0412,3_017,0.9671213626861572,False
415,task_0416,3_018,2,413,task_0414,3_017,0.9455621242523193,False
415,task_0416,3_018,3,417,task_0418,3_018,0.9260622262954712,True
415,task_0416,3_018,4,465,task_0466,3_030,0.9034484624862671,False
415,task_0416,3_018,5,463,task_0464,3_030,0.8980680108070374,False
415,task_0416,3_018,6,527,task_0528,3_045,0.8976032733917236,False
415,task_0416,3_018,7,533,task_0534,3_047,0.8590393662452698,False
415,task_0416,3_018,8,441,task_0442,3_024,0.8485007882118225,False
415,task_0416,3_018,9,529,task_0530,3_046,0.8467095494270325,False
415,task_0416,3_018,10,443,task_0444,3_025,0.8445762991905212,False
416,task_0417,3_018,1,412,task_0413,3_017,0.9391254186630249,False
416,task_0417,3_018,2,523,task_0524,3_044,0.799238383769989,False
416,task_0417,3_018,3,519,task_0520,3_043,0.7912079095840454,False
416,task_0417,3_018,4,418,task_0419,3_018,0.7500412464141846,True
416,task_0417,3_018,5,414,task_0415,3_017,0.7339950799942017,False
416,task_0417,3_018,6,408,task_0409,3_016,0.730964720249176,False
416,task_0417,3_018,7,363,task_0364,3_005,0.7269349098205566,False
416,task_0417,3_018,8,530,task_0531,3_046,0.7235927581787109,False
416,task_0417,3_018,9,534,task_0535,3_047,0.721264123916626,False
416,task_0417,3_018,10,521,task_0522,3_044,0.7209659814834595,False
417,task_0418,3_018,1,413,task_0414,3_017,0.958736002445221,False
417,task_0418,3_018,2,415,task_0416,3_018,0.9260622262954712,True
417,task_0418,3_018,3,411,task_0412,3_017,0.9025188684463501,False
417,task_0418,3_018,4,465,task_0466,3_030,0.8989410400390625,False
417,task_0418,3_018,5,463,task_0464,3_030,0.891884446144104,False
417,task_0418,3_018,6,527,task_0528,3_045,0.8800652027130127,False
417,task_0418,3_018,7,533,task_0534,3_047,0.8719161152839661,False
417,task_0418,3_018,8,349,task_0350,3_001,0.8578335046768188,False
417,task_0418,3_018,9,443,task_0444,3_025,0.8558506965637207,False
417,task_0418,3_018,10,373,task_0374,3_007,0.8522822856903076,False
418,task_0419,3_018,1,414,task_0415,3_017,0.9166276454925537,False
418,task_0419,3_018,2,530,task_0531,3_046,0.7897180914878845,False
418,task_0419,3_018,3,532,task_0533,3_047,0.7887845635414124,False
418,task_0419,3_018,4,534,task_0535,3_047,0.780907392501831,False
418,task_0419,3_018,5,528,task_0529,3_046,0.7790113687515259,False
418,task_0419,3_018,6,376,task_0377,3_008,0.7590445280075073,False
418,task_0419,3_018,7,416,task_0417,3_018,0.7500412464141846,True
418,task_0419,3_018,8,450,task_0451,3_026,0.7374274730682373,False
418,task_0419,3_018,9,448,task_0449,3_026,0.737221360206604,False
418,task_0419,3_018,10,363,task_0364,3_005,0.7192369699478149,False
419,task_0420,3_019,1,421,task_0422,3_019,0.9587452411651611,True
419,task_0420,3_019,2,512,task_0513,3_042,0.7374840974807739,False
419,task_0420,3_019,3,500,task_0501,3_039,0.7330721616744995,False
419,task_0420,3_019,4,514,task_0515,3_042,0.7173185348510742,False
419,task_0420,3_019,5,508,task_0509,3_041,0.7168707847595215,False
419,task_0420,3_019,6,422,task_0423,3_019,0.714566171169281,True
419,task_0420,3_019,7,528,task_0529,3_046,0.7142435908317566,False
419,task_0420,3_019,8,530,task_0531,3_046,0.7131941318511963,False
419,task_0420,3_019,9,532,task_0533,3_047,0.7131097912788391,False
419,task_0420,3_019,10,534,task_0535,3_047,0.7129029631614685,False
420,task_0421,3_019,1,422,task_0423,3_019,0.7863759994506836,True
420,task_0421,3_019,2,540,task_0541,3_049,0.7415876984596252,False
420,task_0421,3_019,3,517,task_0518,3_043,0.7375431656837463,False
420,task_0421,3_019,4,402,task_0403,3_014,0.7372423410415649,False
420,task_0421,3_019,5,475,task_0476,3_033,0.7301293015480042,False
420,task_0421,3_019,6,544,task_0545,3_050,0.7300102114677429,False
420,task_0421,3_019,7,515,task_0516,3_042,0.7295643091201782,False
420,task_0421,3_019,8,479,task_0480,3_034,0.7256301045417786,False
420,task_0421,3_019,9,481,task_0482,3_034,0.7240654826164246,False
420,task_0421,3_019,10,518,task_0519,3_043,0.7229957580566406,False
421,task_0422,3_019,1,419,task_0420,3_019,0.9587452411651611,True
421,task_0422,3_019,2,500,task_0501,3_039,0.7149435877799988,False
421,task_0422,3_019,3,512,task_0513,3_042,0.7052417397499084,False
421,task_0422,3_019,4,422,task_0423,3_019,0.6959934234619141,True
421,task_0422,3_019,5,532,task_0533,3_047,0.6907119154930115,False
421,task_0422,3_019,6,528,task_0529,3_046,0.6895858645439148,False
421,task_0422,3_019,7,534,task_0535,3_047,0.6885043382644653,False
421,task_0422,3_019,8,530,task_0531,3_046,0.6875612139701843,False
421,task_0422,3_019,9,394,task_0395,3_012,0.685218870639801,False
421,task_0422,3_019,10,508,task_0509,3_041,0.6834210753440857,False
422,task_0423,3_019,1,402,task_0403,3_014,0.8258540034294128,False
422,task_0423,3_019,2,381,task_0382,3_009,0.8219445943832397,False
422,task_0423,3_019,3,398,task_0399,3_013,0.8153777718544006,False
422,task_0423,3_019,4,493,task_0494,3_037,0.7907928228378296,False
422,task_0423,3_019,5,379,task_0380,3_009,0.7883531451225281,False
422,task_0423,3_019,6,540,task_0541,3_049,0.7879022359848022,False
422,task_0423,3_019,7,420,task_0421,3_019,0.7863759994506836,True
422,task_0423,3_019,8,518,task_0519,3_043,0.7857182025909424,False
422,task_0423,3_019,9,358,task_0359,3_003,0.7852320671081543,False
422,task_0423,3_019,10,517,task_0518,3_043,0.77997887134552,False
423,task_0424,3_020,1,463,task_0464,3_030,0.8663572669029236,False
423,task_0424,3_020,2,386,task_0387,3_010,0.8625532388687134,False
423,task_0424,3_020,3,559,task_0560,3_053,0.8615660071372986,False
423,task_0424,3_020,4,407,task_0408,3_016,0.8589335083961487,False
423,task_0424,3_020,5,522,task_0523,3_044,0.857315719127655,False
423,task_0424,3_020,6,465,task_0466,3_030,0.85630863904953,False
423,task_0424,3_020,7,526,task_0527,3_045,0.8543760776519775,False
423,task_0424,3_020,8,403,task_0404,3_015,0.8543046116828918,False
423,task_0424,3_020,9,347,task_0348,3_001,0.8505471348762512,False
423,task_0424,3_020,10,349,task_0350,3_001,0.849016010761261,False
424,task_0425,3_020,1,426,task_0427,3_020,0.8777884244918823,True
424,task_0425,3_020,2,425,task_0426,3_020,0.8500112295150757,True
424,task_0425,3_020,3,390,task_0391,3_011,0.7907223105430603,False
424,task_0425,3_020,4,387,task_0388,3_011,0.7857410907745361,False
424,task_0425,3_020,5,389,task_0390,3_011,0.7824928760528564,False
424,task_0425,3_020,6,492,task_0493,3_037,0.7763527631759644,False
424,task_0425,3_020,7,423,task_0424,3_020,0.7503480911254883,True
424,task_0425,3_020,8,524,task_0525,3_045,0.7485717535018921,False
424,task_0425,3_020,9,458,task_0459,3_028,0.7476058602333069,False
424,task_0425,3_020,10,490,task_0491,3_036,0.7475578784942627,False
425,task_0426,3_020,1,424,task_0425,3_020,0.8500112295150757,True
425,task_0426,3_020,2,387,task_0388,3_011,0.8003250360488892,False
425,task_0426,3_020,3,426,task_0427,3_020,0.7782019376754761,True
425,task_0426,3_020,4,390,task_0391,3_011,0.7779070734977722,False
425,task_0426,3_020,5,389,task_0390,3_011,0.776995062828064,False
425,task_0426,3_020,6,380,task_0381,3_009,0.7735539674758911,False
425,task_0426,3_020,7,388,task_0389,3_011,0.7681569457054138,False
425,task_0426,3_020,8,492,task_0493,3_037,0.7669628262519836,False
425,task_0426,3_020,9,482,task_0483,3_034,0.7585896253585815,False
425,task_0426,3_020,10,478,task_0479,3_033,0.7564148902893066,False
426,task_0427,3_020,1,424,task_0425,3_020,0.8777884244918823,True
426,task_0427,3_020,2,458,task_0459,3_028,0.8691787719726562,False
426,task_0427,3_020,3,559,task_0560,3_053,0.8595249056816101,False
426,task_0427,3_020,4,526,task_0527,3_045,0.8415841460227966,False
426,task_0427,3_020,5,423,task_0424,3_020,0.8411363959312439,True
426,task_0427,3_020,6,522,task_0523,3_044,0.8390330076217651,False
426,task_0427,3_020,7,382,task_0383,3_009,0.8367899656295776,False
426,task_0427,3_020,8,492,task_0493,3_037,0.8345471024513245,False
426,task_0427,3_020,9,380,task_0381,3_009,0.8309134244918823,False
426,task_0427,3_020,10,454,task_0455,3_027,0.8300854563713074,False
427,task_0428,3_021,1,429,task_0430,3_021,0.9401169419288635,True
427,task_0428,3_021,2,428,task_0429,3_021,0.8759684562683105,True
427,task_0428,3_021,3,430,task_0431,3_021,0.8663846254348755,True
427,task_0428,3_021,4,351,task_0352,3_002,0.7708613872528076,False
427,task_0428,3_021,5,353,task_0354,3_002,0.7705435752868652,False
427,task_0428,3_021,6,471,task_0472,3_032,0.7630870938301086,False
427,task_0428,3_021,7,402,task_0403,3_014,0.7621484994888306,False
427,task_0428,3_021,8,478,task_0479,3_033,0.7579355239868164,False
427,task_0428,3_021,9,390,task_0391,3_011,0.7577354907989502,False
427,task_0428,3_021,10,348,task_0349,3_001,0.753061830997467,False
428,task_0429,3_021,1,430,task_0431,3_021,0.9398219585418701,True
428,task_0429,3_021,2,427,task_0428,3_021,0.8759684562683105,True
428,task_0429,3_021,3,429,task_0430,3_021,0.8315112590789795,True
428,task_0429,3_021,4,466,task_0467,3_030,0.7928391695022583,False
428,task_0429,3_021,5,384,task_0385,3_010,0.7803045511245728,False
428,task_0429,3_021,6,478,task_0479,3_033,0.7792866230010986,False
428,task_0429,3_021,7,561,task_0562,3_054,0.7710701823234558,False
428,task_0429,3_021,8,390,task_0391,3_011,0.766359806060791,False
428,task_0429,3_021,9,351,task_0352,3_002,0.7617106437683105,False
428,task_0429,3_021,10,407,task_0408,3_016,0.7579567432403564,False
429,task_0430,3_021,1,427,task_0428,3_021,0.9401169419288635,True
429,task_0430,3_021,2,430,task_0431,3_021,0.8529975414276123,True
429,task_0430,3_021,3,428,task_0429,3_021,0.8315112590789795,True
429,task_0430,3_021,4,402,task_0403,3_014,0.7531852722167969,False
429,task_0430,3_021,5,351,task_0352,3_002,0.7494804859161377,False
429,task_0430,3_021,6,353,task_0354,3_002,0.7460916638374329,False
429,task_0430,3_021,7,466,task_0467,3_030,0.7435916662216187,False
429,task_0430,3_021,8,348,task_0349,3_001,0.7427561283111572,False
429,task_0430,3_021,9,471,task_0472,3_032,0.7424919605255127,False
429,task_0430,3_021,10,383,task_0384,3_010,0.7415392398834229,False
430,task_0431,3_021,1,428,task_0429,3_021,0.9398219585418701,True
430,task_0431,3_021,2,427,task_0428,3_021,0.8663846254348755,True
430,task_0431,3_021,3,429,task_0430,3_021,0.8529975414276123,True
430,task_0431,3_021,4,466,task_0467,3_030,0.8081597685813904,False
430,task_0431,3_021,5,478,task_0479,3_033,0.7943137288093567,False
430,task_0431,3_021,6,384,task_0385,3_010,0.7722524404525757,False
430,task_0431,3_021,7,561,task_0562,3_054,0.7701155543327332,False
430,task_0431,3_021,8,351,task_0352,3_002,0.7670398354530334,False
430,task_0431,3_021,9,390,task_0391,3_011,0.7628493309020996,False
430,task_0431,3_021,10,380,task_0381,3_009,0.7608247995376587,False
431,task_0432,3_022,1,435,task_0436,3_023,0.9740869998931885,False
431,task_0432,3_022,2,437,task_0438,3_023,0.8985915184020996,False
431,task_0432,3_022,3,473,task_0474,3_032,0.8744920492172241,False
431,task_0432,3_022,4,371,task_0372,3_007,0.859060525894165,False
431,task_0432,3_022,5,373,task_0374,3_007,0.8582228422164917,False
431,task_0432,3_022,6,469,task_0470,3_031,0.8571590781211853,False
431,task_0432,3_022,7,349,task_0350,3_001,0.8552529215812683,False
431,task_0432,3_022,8,471,task_0472,3_032,0.8542128801345825,False
431,task_0432,3_022,9,467,task_0468,3_031,0.8541452884674072,False
431,task_0432,3_022,10,347,task_0348,3_001,0.8541148900985718,False
432,task_0433,3_022,1,436,task_0437,3_023,0.980044960975647,False
432,task_0433,3_022,2,361,task_0362,3_004,0.9215786457061768,False
432,task_0433,3_022,3,359,task_0360,3_004,0.9080760478973389,False
432,task_0433,3_022,4,521,task_0522,3_044,0.8302751779556274,False
432,task_0433,3_022,5,525,task_0526,3_045,0.8180985450744629,False
432,task_0433,3_022,6,519,task_0520,3_043,0.7808884382247925,False
432,task_0433,3_022,7,523,task_0524,3_044,0.7685316801071167,False
432,task_0433,3_022,8,410,task_0411,3_016,0.7260889410972595,False
432,task_0433,3_022,9,450,task_0451,3_026,0.692535936832428,False
432,task_0433,3_022,10,355,task_0356,3_003,0.6919372081756592,False
433,task_0434,3_022,1,435,task_0436,3_023,0.8598924279212952,False
433,task_0434,3_022,2,437,task_0438,3_023,0.8342453241348267,False
433,task_0434,3_022,3,431,task_0432,3_022,0.8319351673126221,True
433,task_0434,3_022,4,520,task_0521,3_044,0.7941864728927612,False
433,task_0434,3_022,5,533,task_0534,3_047,0.7897418141365051,False
433,task_0434,3_022,6,349,task_0350,3_001,0.7878122329711914,False
433,task_0434,3_022,7,524,task_0525,3_045,0.785885214805603,False
433,task_0434,3_022,8,471,task_0472,3_032,0.7857379913330078,False
433,task_0434,3_022,9,443,task_0444,3_025,0.7810652256011963,False
433,task_0434,3_022,10,373,task_0374,3_007,0.7750207781791687,False
434,task_0435,3_022,1,438,task_0439,3_023,0.9478825330734253,False
434,task_0435,3_022,2,722,task_0723,5_001,0.7199334502220154,False
434,task_0435,3_022,3,368,task_0369,3_006,0.6566084623336792,False
434,task_0435,3_022,4,720,task_0721,5_001,0.6527804136276245,False
434,task_0435,3_022,5,464,task_0465,3_030,0.6448432207107544,False
434,task_0435,3_022,6,537,task_0538,3_048,0.6435167193412781,False
434,task_0435,3_022,7,563,task_0564,3_054,0.6405355930328369,False
434,task_0435,3_022,8,376,task_0377,3_008,0.6316461563110352,False
434,task_0435,3_022,9,538,task_0539,3_048,0.6267424821853638,False
434,task_0435,3_022,10,495,task_0496,3_037,0.6243487596511841,False
435,task_0436,3_023,1,431,task_0432,3_022,0.9740869998931885,False
435,task_0436,3_023,2,437,task_0438,3_023,0.9023048877716064,True
435,task_0436,3_023,3,473,task_0474,3_032,0.8723992109298706,False
435,task_0436,3_023,4,469,task_0470,3_031,0.8623974919319153,False
435,task_0436,3_023,5,433,task_0434,3_022,0.8598924279212952,False
435,task_0436,3_023,6,467,task_0468,3_031,0.8521787524223328,False
435,task_0436,3_023,7,373,task_0374,3_007,0.8487246036529541,False
435,task_0436,3_023,8,349,task_0350,3_001,0.8468709588050842,False
435,task_0436,3_023,9,347,task_0348,3_001,0.8448740839958191,False
435,task_0436,3_023,10,371,task_0372,3_007,0.8447393774986267,False
436,task_0437,3_023,1,432,task_0433,3_022,0.980044960975647,False
436,task_0437,3_023,2,361,task_0362,3_004,0.9277392625808716,False
436,task_0437,3_023,3,359,task_0360,3_004,0.9174820184707642,False
436,task_0437,3_023,4,521,task_0522,3_044,0.8233749866485596,False
436,task_0437,3_023,5,525,task_0526,3_045,0.8156666159629822,False
436,task_0437,3_023,6,519,task_0520,3_043,0.7635535001754761,False
436,task_0437,3_023,7,523,task_0524,3_044,0.7528611421585083,False
436,task_0437,3_023,8,410,task_0411,3_016,0.7457836270332336,False
436,task_0437,3_023,9,355,task_0356,3_003,0.7098248600959778,False
436,task_0437,3_023,10,450,task_0451,3_026,0.7003270983695984,False
437,task_0438,3_023,1,435,task_0436,3_023,0.9023048877716064,True
437,task_0438,3_023,2,431,task_0432,3_022,0.8985915184020996,False
437,task_0438,3_023,3,451,task_0452,3_027,0.8500756621360779,False
437,task_0438,3_023,4,453,task_0454,3_027,0.8462363481521606,False
437,task_0438,3_023,5,473,task_0474,3_032,0.8446705937385559,False
437,task_0438,3_023,6,454,task_0455,3_027,0.8437479734420776,False
437,task_0438,3_023,7,464,task_0465,3_030,0.840671718120575,False
437,task_0438,3_023,8,522,task_0523,3_044,0.8394370079040527,False
437,task_0438,3_023,9,526,task_0527,3_045,0.8357524871826172,False
437,task_0438,3_023,10,471,task_0472,3_032,0.8347374200820923,False
438,task_0439,3_023,1,434,task_0435,3_022,0.9478825330734253,False
438,task_0439,3_023,2,722,task_0723,5_001,0.7196536064147949,False
438,task_0439,3_023,3,464,task_0465,3_030,0.6681393384933472,False
438,task_0439,3_023,4,563,task_0564,3_054,0.6555180549621582,False
438,task_0439,3_023,5,720,task_0721,5_001,0.6471575498580933,False
438,task_0439,3_023,6,368,task_0369,3_006,0.6404876112937927,False
438,task_0439,3_023,7,537,task_0538,3_048,0.6345042586326599,False
438,task_0439,3_023,8,460,task_0461,3_029,0.6309598088264465,False
438,task_0439,3_023,9,485,task_0486,3_035,0.6248540282249451,False
438,task_0439,3_023,10,484,task_0485,3_035,0.6213762760162354,False
439,task_0440,3_024,1,443,task_0444,3_025,0.9539519548416138,False
439,task_0440,3_024,2,441,task_0442,3_024,0.9236240386962891,True
439,task_0440,3_024,3,465,task_0466,3_030,0.8800700306892395,False
439,task_0440,3_024,4,463,task_0464,3_030,0.8795077800750732,False
439,task_0440,3_024,5,533,task_0534,3_047,0.8706912398338318,False
439,task_0440,3_024,6,527,task_0528,3_045,0.8569449782371521,False
439,task_0440,3_024,7,411,task_0412,3_017,0.8567658066749573,False
439,task_0440,3_024,8,529,task_0530,3_046,0.8519546389579773,False
439,task_0440,3_024,9,445,task_0446,3_025,0.8509887456893921,False
439,task_0440,3_024,10,372,task_0373,3_007,0.8479562997817993,False
440,task_0441,3_024,1,444,task_0445,3_025,0.7252724766731262,False
440,task_0441,3_024,2,319,task_0320,2_033,0.6492226719856262,False
440,task_0441,3_024,3,570,task_0571,4_002,0.6391974687576294,False
440,task_0441,3_024,4,422,task_0423,3_019,0.6351022720336914,False
440,task_0441,3_024,5,475,task_0476,3_033,0.6343380808830261,False
440,task_0441,3_024,6,34,task_0035,1_009,0.6341614723205566,False
440,task_0441,3_024,7,368,task_0369,3_006,0.6338415145874023,False
440,task_0441,3_024,8,479,task_0480,3_034,0.6320618391036987,False
440,task_0441,3_024,9,449,task_0450,3_026,0.6314627528190613,False
440,task_0441,3_024,10,370,task_0371,3_006,0.630957841873169,False
441,task_0442,3_024,1,439,task_0440,3_024,0.9236240386962891,True
441,task_0442,3_024,2,443,task_0444,3_025,0.9012658596038818,False
441,task_0442,3_024,3,463,task_0464,3_030,0.891467273235321,False
441,task_0442,3_024,4,465,task_0466,3_030,0.8821591734886169,False
441,task_0442,3_024,5,411,task_0412,3_017,0.8771905899047852,False
441,task_0442,3_024,6,527,task_0528,3_045,0.869194746017456,False
441,task_0442,3_024,7,445,task_0446,3_025,0.8560751676559448,False
441,task_0442,3_024,8,413,task_0414,3_017,0.8556963205337524,False
441,task_0442,3_024,9,385,task_0386,3_010,0.8536341786384583,False
441,task_0442,3_024,10,383,task_0384,3_010,0.8520455956459045,False
442,task_0443,3_024,1,446,task_0447,3_025,0.9901241064071655,False
442,task_0443,3_024,2,360,task_0361,3_004,0.9128435254096985,False
442,task_0443,3_024,3,362,task_0363,3_004,0.8797186613082886,False
442,task_0443,3_024,4,22,task_0023,1_006,0.8247227668762207,False
442,task_0443,3_024,5,52,task_0053,1_014,0.7982781529426575,False
442,task_0443,3_024,6,20,task_0021,1_006,0.7944977283477783,False
442,task_0443,3_024,7,172,task_0173,1_044,0.7811071276664734,False
442,task_0443,3_024,8,444,task_0445,3_025,0.7795166969299316,False
442,task_0443,3_024,9,128,task_0129,1_033,0.7733594179153442,False
442,task_0443,3_024,10,122,task_0123,1_031,0.7540180683135986,False
443,task_0444,3_025,1,439,task_0440,3_024,0.9539519548416138,False
443,task_0444,3_025,2,441,task_0442,3_024,0.9012658596038818,False
443,task_0444,3_025,3,465,task_0466,3_030,0.8721990585327148,False
443,task_0444,3_025,4,533,task_0534,3_047,0.8708628416061401,False
443,task_0444,3_025,5,463,task_0464,3_030,0.8690811991691589,False
443,task_0444,3_025,6,527,task_0528,3_045,0.8643553256988525,False
443,task_0444,3_025,7,417,task_0418,3_018,0.8558506965637207,False
443,task_0444,3_025,8,529,task_0530,3_046,0.8537625670433044,False
443,task_0444,3_025,9,415,task_0416,3_018,0.8445762991905212,False
443,task_0444,3_025,10,411,task_0412,3_017,0.8429052829742432,False
444,task_0445,3_025,1,446,task_0447,3_025,0.7953901290893555,True
444,task_0445,3_025,2,442,task_0443,3_024,0.7795166969299316,False
444,task_0445,3_025,3,408,task_0409,3_016,0.7769893407821655,False
444,task_0445,3_025,4,360,task_0361,3_004,0.752047061920166,False
444,task_0445,3_025,5,171,task_0172,1_043,0.7465016841888428,False
444,task_0445,3_025,6,362,task_0363,3_004,0.74223393201828,False
444,task_0445,3_025,7,167,task_0168,1_042,0.741706907749176,False
444,task_0445,3_025,8,20,task_0021,1_006,0.7398129105567932,False
444,task_0445,3_025,9,22,task_0023,1_006,0.7387087941169739,False
444,task_0445,3_025,10,440,task_0441,3_024,0.7252724766731262,False
445,task_0446,3_025,1,441,task_0442,3_024,0.8560751676559448,False
445,task_0446,3_025,2,439,task_0440,3_024,0.8509887456893921,False
445,task_0446,3_025,3,397,task_0398,3_013,0.8270428776741028,False
445,task_0446,3_025,4,401,task_0402,3_014,0.8261991739273071,False
445,task_0446,3_025,5,374,task_0375,3_007,0.8179821372032166,False
445,task_0446,3_025,6,443,task_0444,3_025,0.812199592590332,True
445,task_0446,3_025,7,452,task_0453,3_027,0.8050975203514099,False
445,task_0446,3_025,8,372,task_0373,3_007,0.7966383099555969,False
445,task_0446,3_025,9,529,task_0530,3_046,0.7938223481178284,False
445,task_0446,3_025,10,395,task_0396,3_013,0.7934016585350037,False
446,task_0447,3_025,1,442,task_0443,3_024,0.9901241064071655,False
446,task_0447,3_025,2,360,task_0361,3_004,0.9110510349273682,False
446,task_0447,3_025,3,362,task_0363,3_004,0.8771572709083557,False
446,task_0447,3_025,4,22,task_0023,1_006,0.8326956629753113,False
446,task_0447,3_025,5,20,task_0021,1_006,0.8132086992263794,False
446,task_0447,3_025,6,52,task_0053,1_014,0.7991178631782532,False
446,task_0447,3_025,7,444,task_0445,3_025,0.7953901290893555,True
446,task_0447,3_025,8,128,task_0129,1_033,0.7897107601165771,False
446,task_0447,3_025,9,172,task_0173,1_044,0.7844774127006531,False
446,task_0447,3_025,10,122,task_0123,1_031,0.7622026801109314,False
447,task_0448,3_026,1,449,task_0450,3_026,0.8328865170478821,True
447,task_0448,3_026,2,506,task_0507,3_040,0.7419621348381042,False
447,task_0448,3_026,3,504,task_0505,3_040,0.7402622699737549,False
447,task_0448,3_026,4,537,task_0538,3_048,0.724883496761322,False
447,task_0448,3_026,5,20,task_0021,1_006,0.721957266330719,False
447,task_0448,3_026,6,372,task_0373,3_007,0.7099153995513916,False
447,task_0448,3_026,7,503,task_0504,3_039,0.7012921571731567,False
447,task_0448,3_026,8,26,task_0027,1_007,0.7011019587516785,False
447,task_0448,3_026,9,505,task_0506,3_040,0.7003753185272217,False
447,task_0448,3_026,10,446,task_0447,3_025,0.6988344192504883,False
448,task_0449,3_026,1,450,task_0451,3_026,0.8867732286453247,True
448,task_0449,3_026,2,376,task_0377,3_008,0.7607457637786865,False
448,task_0449,3_026,3,392,task_0393,3_012,0.7601760029792786,False
448,task_0449,3_026,4,394,task_0395,3_012,0.7394562363624573,False
448,task_0449,3_026,5,418,task_0419,3_018,0.737221360206604,False
448,task_0449,3_026,6,365,task_0366,3_005,0.7346572279930115,False
448,task_0449,3_026,7,366,task_0367,3_005,0.7194082140922546,False
448,task_0449,3_026,8,378,task_0379,3_008,0.718506395816803,False
448,task_0449,3_026,9,550,task_0551,3_051,0.7174491286277771,False
448,task_0449,3_026,10,474,task_0475,3_032,0.7107642292976379,False
449,task_0450,3_026,1,447,task_0448,3_026,0.8328865170478821,True
449,task_0450,3_026,2,557,task_0558,3_053,0.7603535652160645,False
449,task_0450,3_026,3,462,task_0463,3_029,0.7592160105705261,False
449,task_0450,3_026,4,466,task_0467,3_030,0.7590970993041992,False
449,task_0450,3_026,5,561,task_0562,3_054,0.7551746368408203,False
449,task_0450,3_026,6,350,task_0351,3_001,0.7503419518470764,False
449,task_0450,3_026,7,456,task_0457,3_028,0.7494035363197327,False
449,task_0450,3_026,8,500,task_0501,3_039,0.7454285621643066,False
449,task_0450,3_026,9,505,task_0506,3_040,0.7394246459007263,False
449,task_0450,3_026,10,503,task_0504,3_039,0.7385250926017761,False
450,task_0451,3_026,1,448,task_0449,3_026,0.8867732286453247,True
450,task_0451,3_026,2,376,task_0377,3_008,0.7748399972915649,False
450,task_0451,3_026,3,548,task_0549,3_051,0.7423162460327148,False
450,task_0451,3_026,4,378,task_0379,3_008,0.7412929534912109,False
450,task_0451,3_026,5,418,task_0419,3_018,0.7374274730682373,False
450,task_0451,3_026,6,550,task_0551,3_051,0.7285690307617188,False
450,task_0451,3_026,7,392,task_0393,3_012,0.7215098738670349,False
450,task_0451,3_026,8,414,task_0415,3_017,0.7214174866676331,False
450,task_0451,3_026,9,394,task_0395,3_012,0.717636227607727,False
450,task_0451,3_026,10,474,task_0475,3_032,0.7094446420669556,False
451,task_0452,3_027,1,453,task_0454,3_027,0.9892512559890747,True
451,task_0452,3_027,2,454,task_0455,3_027,0.9557738304138184,True
451,task_0452,3_027,3,458,task_0459,3_028,0.896917462348938,False
451,task_0452,3_027,4,471,task_0472,3_032,0.8689330220222473,False
451,task_0452,3_027,5,559,task_0560,3_053,0.868490993976593,False
451,task_0452,3_027,6,462,task_0463,3_029,0.8580927848815918,False
451,task_0452,3_027,7,467,task_0468,3_031,0.8578054904937744,False
451,task_0452,3_027,8,473,task_0474,3_032,0.856378972530365,False
451,task_0452,3_027,9,460,task_0461,3_029,0.8534402251243591,False
451,task_0452,3_027,10,456,task_0457,3_028,0.8531874418258667,False
452,task_0453,3_027,1,454,task_0455,3_027,0.9027713537216187,True
452,task_0453,3_027,2,451,task_0452,3_027,0.8518266677856445,True
452,task_0453,3_027,3,453,task_0454,3_027,0.8448935747146606,True
452,task_0453,3_027,4,350,task_0351,3_001,0.8266909718513489,False
452,task_0453,3_027,5,374,task_0375,3_007,0.8258399963378906,False
452,task_0453,3_027,6,456,task_0457,3_028,0.8240030407905579,False
452,task_0453,3_027,7,458,task_0459,3_028,0.8120900988578796,False
452,task_0453,3_027,8,372,task_0373,3_007,0.811255931854248,False
452,task_0453,3_027,9,445,task_0446,3_025,0.8050975203514099,False
452,task_0453,3_027,10,460,task_0461,3_029,0.803124189376831,False
453,task_0454,3_027,1,451,task_0452,3_027,0.9892512559890747,True
453,task_0454,3_027,2,454,task_0455,3_027,0.9557127952575684,True
453,task_0454,3_027,3,458,task_0459,3_028,0.9029014110565186,False
453,task_0454,3_027,4,559,task_0560,3_053,0.8728442192077637,False
453,task_0454,3_027,5,471,task_0472,3_032,0.8683514595031738,False
453,task_0454,3_027,6,462,task_0463,3_029,0.864352285861969,False
453,task_0454,3_027,7,467,task_0468,3_031,0.8620601296424866,False
453,task_0454,3_027,8,460,task_0461,3_029,0.8610072135925293,False
453,task_0454,3_027,9,473,task_0474,3_032,0.8600724935531616,False
453,task_0454,3_027,10,373,task_0374,3_007,0.8559916019439697,False
454,task_0455,3_027,1,451,task_0452,3_027,0.9557738304138184,True
454,task_0455,3_027,2,453,task_0454,3_027,0.9557127952575684,True
454,task_0455,3_027,3,452,task_0453,3_027,0.9027713537216187,True
454,task_0455,3_027,4,458,task_0459,3_028,0.8835360407829285,False
454,task_0455,3_027,5,348,task_0349,3_001,0.8579951524734497,False
454,task_0455,3_027,6,460,task_0461,3_029,0.85179203748703,False
454,task_0455,3_027,7,467,task_0468,3_031,0.8512192368507385,False
454,task_0455,3_027,8,473,task_0474,3_032,0.8463304042816162,False
454,task_0455,3_027,9,437,task_0438,3_023,0.8437479734420776,False
454,task_0455,3_027,10,469,task_0470,3_031,0.8429965376853943,False
455,task_0456,3_028,1,461,task_0462,3_029,0.990233302116394,False
455,task_0456,3_028,2,457,task_0458,3_028,0.9869378805160522,True
455,task_0456,3_028,3,558,task_0559,3_053,0.8217847347259521,False
455,task_0456,3_028,4,562,task_0563,3_054,0.8202776908874512,False
455,task_0456,3_028,5,560,task_0561,3_054,0.8190487623214722,False
455,task_0456,3_028,6,538,task_0539,3_048,0.8145937323570251,False
455,task_0456,3_028,7,491,task_0492,3_036,0.8102127909660339,False
455,task_0456,3_028,8,556,task_0557,3_053,0.8096957802772522,False
455,task_0456,3_028,9,536,task_0537,3_048,0.8086541295051575,False
455,task_0456,3_028,10,487,task_0488,1_048,0.7826865911483765,False
456,task_0457,3_028,1,460,task_0461,3_029,0.9124953746795654,False
456,task_0457,3_028,2,462,task_0463,3_029,0.8990335464477539,False
456,task_0457,3_028,3,458,task_0459,3_028,0.8820204734802246,True
456,task_0457,3_028,4,350,task_0351,3_001,0.8656421303749084,False
456,task_0457,3_028,5,453,task_0454,3_027,0.8542405366897583,False
456,task_0457,3_028,6,451,task_0452,3_027,0.8531874418258667,False
456,task_0457,3_028,7,503,task_0504,3_039,0.85099196434021,False
456,task_0457,3_028,8,505,task_0506,3_040,0.846729040145874,False
456,task_0457,3_028,9,551,task_0552,3_051,0.8418661952018738,False
456,task_0457,3_028,10,384,task_0385,3_010,0.8386063575744629,False
457,task_0458,3_028,1,455,task_0456,3_028,0.9869378805160522,True
457,task_0458,3_028,2,461,task_0462,3_029,0.9789818525314331,False
457,task_0458,3_028,3,558,task_0559,3_053,0.8253917694091797,False
457,task_0458,3_028,4,562,task_0563,3_054,0.824929416179657,False
457,task_0458,3_028,5,491,task_0492,3_036,0.8131634593009949,False
457,task_0458,3_028,6,560,task_0561,3_054,0.8091049194335938,False
457,task_0458,3_028,7,538,task_0539,3_048,0.8071076273918152,False
457,task_0458,3_028,8,556,task_0557,3_053,0.8026574850082397,False
457,task_0458,3_028,9,536,task_0537,3_048,0.8022223711013794,False
457,task_0458,3_028,10,487,task_0488,1_048,0.7890526652336121,False
458,task_0459,3_028,1,462,task_0463,3_029,0.9345639944076538,False
458,task_0459,3_028,2,453,task_0454,3_027,0.9029014110565186,False
458,task_0459,3_028,3,460,task_0461,3_029,0.8972176313400269,False
458,task_0459,3_028,4,451,task_0452,3_027,0.896917462348938,False
458,task_0459,3_028,5,454,task_0455,3_027,0.8835360407829285,False
458,task_0459,3_028,6,456,task_0457,3_028,0.8820204734802246,True
458,task_0459,3_028,7,559,task_0560,3_053,0.8732175230979919,False
458,task_0459,3_028,8,426,task_0427,3_020,0.8691787719726562,False
458,task_0459,3_028,9,407,task_0408,3_016,0.847101092338562,False
458,task_0459,3_028,10,382,task_0383,3_009,0.8467249274253845,False
459,task_0460,3_029,1,367,task_0368,3_006,0.8626275062561035,False
459,task_0460,3_029,2,370,task_0371,3_006,0.7554296255111694,False
459,task_0460,3_029,3,461,task_0462,3_029,0.7526676654815674,True
459,task_0460,3_029,4,457,task_0458,3_028,0.743843674659729,False
459,task_0460,3_029,5,477,task_0478,3_033,0.7387071847915649,False
459,task_0460,3_029,6,455,task_0456,3_028,0.7364287972450256,False
459,task_0460,3_029,7,368,task_0369,3_006,0.7234265208244324,False
459,task_0460,3_029,8,489,task_0490,3_036,0.7114843130111694,False
459,task_0460,3_029,9,369,task_0370,3_006,0.6940200924873352,False
459,task_0460,3_029,10,515,task_0516,3_042,0.6841387152671814,False
460,task_0461,3_029,1,456,task_0457,3_028,0.9124953746795654,False
460,task_0461,3_029,2,458,task_0459,3_028,0.8972176313400269,False
460,task_0461,3_029,3,462,task_0463,3_029,0.8904799222946167,True
460,task_0461,3_029,4,563,task_0564,3_054,0.8628142476081848,False
460,task_0461,3_029,5,453,task_0454,3_027,0.8610072135925293,False
460,task_0461,3_029,6,486,task_0487,3_035,0.8604263067245483,False
460,task_0461,3_029,7,559,task_0560,3_053,0.8590211868286133,False
460,task_0461,3_029,8,451,task_0452,3_027,0.8534402251243591,False
460,task_0461,3_029,9,464,task_0465,3_030,0.8526602983474731,False
460,task_0461,3_029,10,454,task_0455,3_027,0.85179203748703,False
461,task_0462,3_029,1,455,task_0456,3_028,0.990233302116394,False
461,task_0462,3_029,2,457,task_0458,3_028,0.9789818525314331,False
461,task_0462,3_029,3,560,task_0561,3_054,0.8111669421195984,False
461,task_0462,3_029,4,491,task_0492,3_036,0.8083652853965759,False
461,task_0462,3_029,5,558,task_0559,3_053,0.8081212639808655,False
461,task_0462,3_029,6,562,task_0563,3_054,0.8072140216827393,False
461,task_0462,3_029,7,556,task_0557,3_053,0.8067545294761658,False
461,task_0462,3_029,8,538,task_0539,3_048,0.8030774593353271,False
461,task_0462,3_029,9,536,task_0537,3_048,0.7978314161300659,False
461,task_0462,3_029,10,537,task_0538,3_048,0.7800496220588684,False
462,task_0463,3_029,1,458,task_0459,3_028,0.9345639944076538,False
462,task_0463,3_029,2,456,task_0457,3_028,0.8990335464477539,False
462,task_0463,3_029,3,460,task_0461,3_029,0.8904799222946167,True
462,task_0463,3_029,4,453,task_0454,3_027,0.864352285861969,False
462,task_0463,3_029,5,451,task_0452,3_027,0.8580927848815918,False
462,task_0463,3_029,6,350,task_0351,3_001,0.8563271164894104,False
462,task_0463,3_029,7,547,task_0548,3_050,0.8433288931846619,False
462,task_0463,3_029,8,559,task_0560,3_053,0.8422450423240662,False
462,task_0463,3_029,9,384,task_0385,3_010,0.8397800326347351,False
462,task_0463,3_029,10,380,task_0381,3_009,0.8380507230758667,False
463,task_0464,3_030,1,465,task_0466,3_030,0.987316370010376,True
463,task_0464,3_030,2,411,task_0412,3_017,0.9103965163230896,False
463,task_0464,3_030,3,527,task_0528,3_045,0.9061698317527771,False
463,task_0464,3_030,4,415,task_0416,3_018,0.8980680108070374,False
463,task_0464,3_030,5,386,task_0387,3_010,0.8957126140594482,False
463,task_0464,3_030,6,413,task_0414,3_017,0.8940107226371765,False
463,task_0464,3_030,7,417,task_0418,3_018,0.891884446144104,False
463,task_0464,3_030,8,441,task_0442,3_024,0.891467273235321,False
463,task_0464,3_030,9,439,task_0440,3_024,0.8795077800750732,False
463,task_0464,3_030,10,403,task_0404,3_015,0.8763330578804016,False
464,task_0465,3_030,1,563,task_0564,3_054,0.9214593172073364,False
464,task_0465,3_030,2,559,task_0560,3_053,0.9002419114112854,False
464,task_0465,3_030,3,522,task_0523,3_044,0.8921617865562439,False
464,task_0465,3_030,4,526,task_0527,3_045,0.889251708984375,False
464,task_0465,3_030,5,485,task_0486,3_035,0.8717156648635864,False
464,task_0465,3_030,6,483,task_0484,3_035,0.862158477306366,False
464,task_0465,3_030,7,460,task_0461,3_029,0.8526602983474731,False
464,task_0465,3_030,8,386,task_0387,3_010,0.851172924041748,False
464,task_0465,3_030,9,371,task_0372,3_007,0.8503991365432739,False
464,task_0465,3_030,10,373,task_0374,3_007,0.8487434983253479,False
465,task_0466,3_030,1,463,task_0464,3_030,0.987316370010376,True
465,task_0466,3_030,2,411,task_0412,3_017,0.9085444808006287,False
465,task_0466,3_030,3,527,task_0528,3_045,0.9068538546562195,False
465,task_0466,3_030,4,415,task_0416,3_018,0.9034484624862671,False
465,task_0466,3_030,5,417,task_0418,3_018,0.8989410400390625,False
465,task_0466,3_030,6,413,task_0414,3_017,0.8975759744644165,False
465,task_0466,3_030,7,386,task_0387,3_010,0.8892617225646973,False
465,task_0466,3_030,8,441,task_0442,3_024,0.8821591734886169,False
465,task_0466,3_030,9,439,task_0440,3_024,0.8800700306892395,False
465,task_0466,3_030,10,533,task_0534,3_047,0.8768041729927063,False
466,task_0467,3_030,1,561,task_0562,3_054,0.9256204962730408,False
466,task_0467,3_030,2,557,task_0558,3_053,0.900320827960968,False
466,task_0467,3_030,3,384,task_0385,3_010,0.8920984268188477,False
466,task_0467,3_030,4,350,task_0351,3_001,0.837611734867096,False
466,task_0467,3_030,5,559,task_0560,3_053,0.8325403332710266,False
466,task_0467,3_030,6,462,task_0463,3_029,0.8273488283157349,False
466,task_0467,3_030,7,371,task_0372,3_007,0.8249663710594177,False
466,task_0467,3_030,8,505,task_0506,3_040,0.8179046511650085,False
466,task_0467,3_030,9,373,task_0374,3_007,0.8164672255516052,False
466,task_0467,3_030,10,456,task_0457,3_028,0.8157341480255127,False
467,task_0468,3_031,1,473,task_0474,3_032,0.9718769788742065,False
467,task_0468,3_031,2,469,task_0470,3_031,0.9507486820220947,True
467,task_0468,3_031,3,471,task_0472,3_032,0.940677285194397,False
467,task_0468,3_031,4,372,task_0373,3_007,0.8826864957809448,False
467,task_0468,3_031,5,373,task_0374,3_007,0.880763828754425,False
467,task_0468,3_031,6,371,task_0372,3_007,0.8784127235412598,False
467,task_0468,3_031,7,385,task_0386,3_010,0.8783417344093323,False
467,task_0468,3_031,8,383,task_0384,3_010,0.8759375810623169,False
467,task_0468,3_031,9,347,task_0348,3_001,0.8669517040252686,False
467,task_0468,3_031,10,453,task_0454,3_027,0.8620601296424866,False
468,task_0469,3_031,1,472,task_0473,3_032,0.9458890557289124,False
468,task_0469,3_031,2,474,task_0475,3_032,0.9063844084739685,False
468,task_0469,3_031,3,470,task_0471,3_031,0.9004707336425781,True
468,task_0469,3_031,4,548,task_0549,3_051,0.855400025844574,False
468,task_0469,3_031,5,550,task_0551,3_051,0.8370997309684753,False
468,task_0469,3_031,6,498,task_0499,3_038,0.8092803955078125,False
468,task_0469,3_031,7,502,task_0503,3_039,0.7565056681632996,False
468,task_0469,3_031,8,51,task_0052,1_013,0.7491140365600586,False
468,task_0469,3_031,9,376,task_0377,3_008,0.7430269718170166,False
468,task_0469,3_031,10,365,task_0366,3_005,0.7201507091522217,False
469,task_0470,3_031,1,473,task_0474,3_032,0.9668276309967041,False
469,task_0470,3_031,2,467,task_0468,3_031,0.9507486820220947,True
469,task_0470,3_031,3,471,task_0472,3_032,0.9149624109268188,False
469,task_0470,3_031,4,372,task_0373,3_007,0.890203595161438,False
469,task_0470,3_031,5,435,task_0436,3_023,0.8623974919319153,False
469,task_0470,3_031,6,371,task_0372,3_007,0.8590745329856873,False
469,task_0470,3_031,7,373,task_0374,3_007,0.8586441278457642,False
469,task_0470,3_031,8,431,task_0432,3_022,0.8571590781211853,False
469,task_0470,3_031,9,347,task_0348,3_001,0.8522499203681946,False
469,task_0470,3_031,10,349,task_0350,3_001,0.84714674949646,False
470,task_0471,3_031,1,474,task_0475,3_032,0.9508123397827148,False
470,task_0471,3_031,2,472,task_0473,3_032,0.9114606976509094,False
470,task_0471,3_031,3,468,task_0469,3_031,0.9004707336425781,True
470,task_0471,3_031,4,548,task_0549,3_051,0.850426197052002,False
470,task_0471,3_031,5,550,task_0551,3_051,0.8222918510437012,False
470,task_0471,3_031,6,498,task_0499,3_038,0.7771252393722534,False
470,task_0471,3_031,7,26,task_0027,1_007,0.7518799304962158,False
470,task_0471,3_031,8,51,task_0052,1_013,0.7460325360298157,False
470,task_0471,3_031,9,70,task_0071,1_018,0.7344378232955933,False
470,task_0471,3_031,10,139,task_0140,1_035,0.7314237952232361,False
471,task_0472,3_032,1,473,task_0474,3_032,0.952735960483551,True
471,task_0472,3_032,2,467,task_0468,3_031,0.940677285194397,False
471,task_0472,3_032,3,469,task_0470,3_031,0.9149624109268188,False
471,task_0472,3_032,4,371,task_0372,3_007,0.8725208640098572,False
471,task_0472,3_032,5,373,task_0374,3_007,0.871631920337677,False
471,task_0472,3_032,6,451,task_0452,3_027,0.8689330220222473,False
471,task_0472,3_032,7,453,task_0454,3_027,0.8683514595031738,False
471,task_0472,3_032,8,533,task_0534,3_047,0.863561749458313,False
471,task_0472,3_032,9,522,task_0523,3_044,0.8585978746414185,False
471,task_0472,3_032,10,526,task_0527,3_045,0.8575077652931213,False
472,task_0473,3_032,1,468,task_0469,3_031,0.9458890557289124,False
472,task_0473,3_032,2,474,task_0475,3_032,0.9308099746704102,True
472,task_0473,3_032,3,470,task_0471,3_031,0.9114606976509094,False
472,task_0473,3_032,4,548,task_0549,3_051,0.8382591009140015,False
472,task_0473,3_032,5,550,task_0551,3_051,0.829678475856781,False
472,task_0473,3_032,6,498,task_0499,3_038,0.7987862229347229,False
472,task_0473,3_032,7,365,task_0366,3_005,0.7445515990257263,False
472,task_0473,3_032,8,376,task_0377,3_008,0.737972617149353,False
472,task_0473,3_032,9,51,task_0052,1_013,0.7282116413116455,False
472,task_0473,3_032,10,502,task_0503,3_039,0.7206846475601196,False
473,task_0474,3_032,1,467,task_0468,3_031,0.9718769788742065,False
473,task_0474,3_032,2,469,task_0470,3_031,0.9668276309967041,False
473,task_0474,3_032,3,471,task_0472,3_032,0.952735960483551,True
473,task_0474,3_032,4,372,task_0373,3_007,0.8930880427360535,False
473,task_0474,3_032,5,373,task_0374,3_007,0.8920412659645081,False
473,task_0474,3_032,6,371,task_0372,3_007,0.8888773322105408,False
473,task_0474,3_032,7,431,task_0432,3_022,0.8744920492172241,False
473,task_0474,3_032,8,435,task_0436,3_023,0.8723992109298706,False
473,task_0474,3_032,9,383,task_0384,3_010,0.8705605268478394,False
473,task_0474,3_032,10,385,task_0386,3_010,0.8705326318740845,False
474,task_0475,3_032,1,470,task_0471,3_031,0.9508123397827148,False
474,task_0475,3_032,2,472,task_0473,3_032,0.9308099746704102,True
474,task_0475,3_032,3,468,task_0469,3_031,0.9063844084739685,False
474,task_0475,3_032,4,548,task_0549,3_051,0.8520691990852356,False
474,task_0475,3_032,5,550,task_0551,3_051,0.8367784023284912,False
474,task_0475,3_032,6,498,task_0499,3_038,0.7893255949020386,False
474,task_0475,3_032,7,376,task_0377,3_008,0.7419598698616028,False
474,task_0475,3_032,8,365,task_0366,3_005,0.7327529788017273,False
474,task_0475,3_032,9,502,task_0503,3_039,0.7263796329498291,False
474,task_0475,3_032,10,51,task_0052,1_013,0.7258643507957458,False
475,task_0476,3_033,1,479,task_0480,3_034,0.9856231212615967,False
475,task_0476,3_033,2,481,task_0482,3_034,0.9818202257156372,False
475,task_0476,3_033,3,517,task_0518,3_043,0.8273201584815979,False
475,task_0476,3_033,4,477,task_0478,3_033,0.8048371076583862,True
475,task_0476,3_033,5,540,task_0541,3_049,0.8033639788627625,False
475,task_0476,3_033,6,516,task_0517,3_043,0.8011411428451538,False
475,task_0476,3_033,7,515,task_0516,3_042,0.7958132028579712,False
475,task_0476,3_033,8,381,task_0382,3_009,0.7864063382148743,False
475,task_0476,3_033,9,518,task_0519,3_043,0.7837252616882324,False
475,task_0476,3_033,10,402,task_0403,3_014,0.781518816947937,False
476,task_0477,3_033,1,478,task_0479,3_033,0.8243273496627808,True
476,task_0477,3_033,2,480,task_0481,3_034,0.8127726316452026,False
476,task_0477,3_033,3,388,task_0389,3_011,0.7999926209449768,False
476,task_0477,3_033,4,389,task_0390,3_011,0.7857108116149902,False
476,task_0477,3_033,5,390,task_0391,3_011,0.765812337398529,False
476,task_0477,3_033,6,482,task_0483,3_034,0.7615895867347717,False
476,task_0477,3_033,7,387,task_0388,3_011,0.7541502714157104,False
476,task_0477,3_033,8,425,task_0426,3_020,0.7275580167770386,False
476,task_0477,3_033,9,494,task_0495,3_037,0.7228955626487732,False
476,task_0477,3_033,10,424,task_0425,3_020,0.7224672436714172,False
477,task_0478,3_033,1,475,task_0476,3_033,0.8048371076583862,True
477,task_0478,3_033,2,479,task_0480,3_034,0.7997267842292786,False
477,task_0478,3_033,3,481,task_0482,3_034,0.7963019609451294,False
477,task_0478,3_033,4,368,task_0369,3_006,0.7796172499656677,False
477,task_0478,3_033,5,491,task_0492,3_036,0.7701025605201721,False
477,task_0478,3_033,6,489,task_0490,3_036,0.755091667175293,False
477,task_0478,3_033,7,556,task_0557,3_053,0.7524372339248657,False
477,task_0478,3_033,8,396,task_0397,3_013,0.7482631206512451,False
477,task_0478,3_033,9,400,task_0401,3_014,0.7471456527709961,False
477,task_0478,3_033,10,459,task_0460,3_029,0.7387071847915649,False
478,task_0479,3_033,1,482,task_0483,3_034,0.8485150337219238,False
478,task_0479,3_033,2,476,task_0477,3_033,0.8243273496627808,True
478,task_0479,3_033,3,390,task_0391,3_011,0.8016602396965027,False
478,task_0479,3_033,4,430,task_0431,3_021,0.7943137288093567,False
478,task_0479,3_033,5,428,task_0429,3_021,0.7792866230010986,False
478,task_0479,3_033,6,388,task_0389,3_011,0.7776610851287842,False
478,task_0479,3_033,7,387,task_0388,3_011,0.7719974517822266,False
478,task_0479,3_033,8,466,task_0467,3_030,0.7643568515777588,False
478,task_0479,3_033,9,351,task_0352,3_002,0.7602503895759583,False
478,task_0479,3_033,10,427,task_0428,3_021,0.7579355239868164,False
479,task_0480,3_034,1,481,task_0482,3_034,0.9946909546852112,True
479,task_0480,3_034,2,475,task_0476,3_033,0.9856231212615967,False
479,task_0480,3_034,3,517,task_0518,3_043,0.8195153474807739,False
479,task_0480,3_034,4,540,task_0541,3_049,0.8013065457344055,False
479,task_0480,3_034,5,477,task_0478,3_033,0.7997267842292786,False
479,task_0480,3_034,6,516,task_0517,3_043,0.7941340208053589,False
479,task_0480,3_034,7,515,task_0516,3_042,0.7904674410820007,False
479,task_0480,3_034,8,381,task_0382,3_009,0.7845783233642578,False
479,task_0480,3_034,9,489,task_0490,3_036,0.7821218371391296,False
479,task_0480,3_034,10,518,task_0519,3_043,0.7790971994400024,False
480,task_0481,3_034,1,482,task_0483,3_034,0.8945794105529785,True
480,task_0481,3_034,2,476,task_0477,3_033,0.8127726316452026,False
480,task_0481,3_034,3,388,task_0389,3_011,0.771033525466919,False
480,task_0481,3_034,4,390,task_0391,3_011,0.7489010095596313,False
480,task_0481,3_034,5,389,task_0390,3_011,0.7455688714981079,False
480,task_0481,3_034,6,478,task_0479,3_033,0.7403078079223633,False
480,task_0481,3_034,7,352,task_0353,3_002,0.7310127019882202,False
480,task_0481,3_034,8,488,task_0489,3_036,0.7243248820304871,False
480,task_0481,3_034,9,387,task_0388,3_011,0.7206050157546997,False
480,task_0481,3_034,10,549,task_0550,3_051,0.7189464569091797,False
481,task_0482,3_034,1,479,task_0480,3_034,0.9946909546852112,True
481,task_0482,3_034,2,475,task_0476,3_033,0.9818202257156372,False
481,task_0482,3_034,3,517,task_0518,3_043,0.8132784366607666,False
481,task_0482,3_034,4,477,task_0478,3_033,0.7963019609451294,False
481,task_0482,3_034,5,540,task_0541,3_049,0.7941586971282959,False
481,task_0482,3_034,6,516,task_0517,3_043,0.7843179106712341,False
481,task_0482,3_034,7,515,task_0516,3_042,0.7783579230308533,False
481,task_0482,3_034,8,381,task_0382,3_009,0.7754691243171692,False
481,task_0482,3_034,9,489,task_0490,3_036,0.7710603475570679,False
481,task_0482,3_034,10,518,task_0519,3_043,0.7696428894996643,False
482,task_0483,3_034,1,480,task_0481,3_034,0.8945794105529785,True
482,task_0483,3_034,2,478,task_0479,3_033,0.8485150337219238,False
482,task_0483,3_034,3,388,task_0389,3_011,0.7829357385635376,False
482,task_0483,3_034,4,390,task_0391,3_011,0.7657231092453003,False
482,task_0483,3_034,5,476,task_0477,3_033,0.7615895867347717,False
482,task_0483,3_034,6,425,task_0426,3_020,0.7585896253585815,False
482,task_0483,3_034,7,488,task_0489,3_036,0.7540481686592102,False
482,task_0483,3_034,8,427,task_0428,3_021,0.744979739189148,False
482,task_0483,3_034,9,387,task_0388,3_011,0.7448548674583435,False
482,task_0483,3_034,10,351,task_0352,3_002,0.7384917140007019,False
483,task_0484,3_035,1,485,task_0486,3_035,0.9439080953598022,True
483,task_0484,3_035,2,484,task_0485,3_035,0.9197189211845398,True
483,task_0484,3_035,3,486,task_0487,3_035,0.9078831672668457,True
483,task_0484,3_035,4,563,task_0564,3_054,0.8686779141426086,False
483,task_0484,3_035,5,497,task_0498,3_038,0.8679625988006592,False
483,task_0484,3_035,6,464,task_0465,3_030,0.862158477306366,False
483,task_0484,3_035,7,501,task_0502,3_039,0.8533197641372681,False
483,task_0484,3_035,8,465,task_0466,3_030,0.8502776026725769,False
483,task_0484,3_035,9,463,task_0464,3_030,0.8487910032272339,False
483,task_0484,3_035,10,495,task_0496,3_037,0.8462152481079102,False
484,task_0485,3_035,1,486,task_0487,3_035,0.9368346929550171,True
484,task_0485,3_035,2,483,task_0484,3_035,0.9197189211845398,True
484,task_0485,3_035,3,485,task_0486,3_035,0.8868926763534546,True
484,task_0485,3_035,4,563,task_0564,3_054,0.8611345887184143,False
484,task_0485,3_035,5,464,task_0465,3_030,0.8413712978363037,False
484,task_0485,3_035,6,460,task_0461,3_029,0.8402129411697388,False
484,task_0485,3_035,7,559,task_0560,3_053,0.8239613175392151,False
484,task_0485,3_035,8,456,task_0457,3_028,0.802512526512146,False
484,task_0485,3_035,9,495,task_0496,3_037,0.7911359071731567,False
484,task_0485,3_035,10,471,task_0472,3_032,0.7857162356376648,False
485,task_0486,3_035,1,483,task_0484,3_035,0.9439080953598022,True
485,task_0486,3_035,2,486,task_0487,3_035,0.9025853276252747,True
485,task_0486,3_035,3,484,task_0485,3_035,0.8868926763534546,True
485,task_0486,3_035,4,563,task_0564,3_054,0.8773966431617737,False
485,task_0486,3_035,5,464,task_0465,3_030,0.8717156648635864,False
485,task_0486,3_035,6,465,task_0466,3_030,0.8521706461906433,False
485,task_0486,3_035,7,463,task_0464,3_030,0.8517677187919617,False
485,task_0486,3_035,8,373,task_0374,3_007,0.8473624587059021,False
485,task_0486,3_035,9,371,task_0372,3_007,0.8456534743309021,False
485,task_0486,3_035,10,386,task_0387,3_010,0.8439833521842957,False
486,task_0487,3_035,1,484,task_0485,3_035,0.9368346929550171,True
486,task_0487,3_035,2,483,task_0484,3_035,0.9078831672668457,True
486,task_0487,3_035,3,485,task_0486,3_035,0.9025853276252747,True
486,task_0487,3_035,4,460,task_0461,3_029,0.8604263067245483,False
486,task_0487,3_035,5,563,task_0564,3_054,0.8464211225509644,False
486,task_0487,3_035,6,464,task_0465,3_030,0.8359144330024719,False
486,task_0487,3_035,7,559,task_0560,3_053,0.8234707117080688,False
486,task_0487,3_035,8,456,task_0457,3_028,0.8191449046134949,False
486,task_0487,3_035,9,453,task_0454,3_027,0.8068904280662537,False
486,task_0487,3_035,10,386,task_0387,3_010,0.8004884719848633,False
487,task_0488,1_048,1,558,task_0559,3_053,0.8414202332496643,False
487,task_0488,1_048,2,562,task_0563,3_054,0.8322510719299316,False
487,task_0488,1_048,3,520,task_0521,3_044,0.8279788494110107,False
487,task_0488,1_048,4,491,task_0492,3_036,0.8234418034553528,False
487,task_0488,1_048,5,542,task_0543,3_049,0.8119857907295227,False
487,task_0488,1_048,6,517,task_0518,3_043,0.8038690090179443,False
487,task_0488,1_048,7,546,task_0547,3_050,0.7953725457191467,False
487,task_0488,1_048,8,457,task_0458,3_028,0.7890526652336121,False
487,task_0488,1_048,9,544,task_0545,3_050,0.7876614928245544,False
487,task_0488,1_048,10,455,task_0456,3_028,0.7826865911483765,False
488,task_0489,3_036,1,490,task_0491,3_036,0.9270102977752686,True
488,task_0489,3_036,2,492,task_0493,3_037,0.8874659538269043,False
488,task_0489,3_036,3,382,task_0383,3_009,0.814838707447052,False
488,task_0489,3_036,4,462,task_0463,3_029,0.8117539286613464,False
488,task_0489,3_036,5,456,task_0457,3_028,0.8072511553764343,False
488,task_0489,3_036,6,458,task_0459,3_028,0.8022959232330322,False
488,task_0489,3_036,7,559,task_0560,3_053,0.7944408655166626,False
488,task_0489,3_036,8,384,task_0385,3_010,0.7927185297012329,False
488,task_0489,3_036,9,380,task_0381,3_009,0.7899818420410156,False
488,task_0489,3_036,10,426,task_0427,3_020,0.7888416051864624,False
489,task_0490,3_036,1,493,task_0494,3_037,0.8577969074249268,False
489,task_0490,3_036,2,544,task_0545,3_050,0.8177874684333801,False
489,task_0490,3_036,3,515,task_0516,3_042,0.8059903979301453,False
489,task_0490,3_036,4,517,task_0518,3_043,0.7943675518035889,False
489,task_0490,3_036,5,540,task_0541,3_049,0.7898440957069397,False
489,task_0490,3_036,6,491,task_0492,3_036,0.7892422676086426,True
489,task_0490,3_036,7,398,task_0399,3_013,0.7824659943580627,False
489,task_0490,3_036,8,479,task_0480,3_034,0.7821218371391296,False
489,task_0490,3_036,9,542,task_0543,3_049,0.7798941731452942,False
489,task_0490,3_036,10,475,task_0476,3_033,0.7780858278274536,False
490,task_0491,3_036,1,488,task_0489,3_036,0.9270102977752686,True
490,task_0491,3_036,2,492,task_0493,3_037,0.8597636222839355,False
490,task_0491,3_036,3,382,task_0383,3_009,0.8041921854019165,False
490,task_0491,3_036,4,426,task_0427,3_020,0.7965804934501648,False
490,task_0491,3_036,5,462,task_0463,3_029,0.7922016978263855,False
490,task_0491,3_036,6,458,task_0459,3_028,0.7903262376785278,False
490,task_0491,3_036,7,559,task_0560,3_053,0.7824642062187195,False
490,task_0491,3_036,8,453,task_0454,3_027,0.781484842300415,False
490,task_0491,3_036,9,547,task_0548,3_050,0.7763099074363708,False
490,task_0491,3_036,10,350,task_0351,3_001,0.7745043635368347,False
491,task_0492,3_036,1,487,task_0488,1_048,0.8234418034553528,False
491,task_0492,3_036,2,457,task_0458,3_028,0.8131634593009949,False
491,task_0492,3_036,3,455,task_0456,3_028,0.8102127909660339,False
491,task_0492,3_036,4,461,task_0462,3_029,0.8083652853965759,False
491,task_0492,3_036,5,562,task_0563,3_054,0.8035523891448975,False
491,task_0492,3_036,6,558,task_0559,3_053,0.8012905716896057,False
491,task_0492,3_036,7,542,task_0543,3_049,0.7971855998039246,False
491,task_0492,3_036,8,493,task_0494,3_037,0.7954058647155762,False
491,task_0492,3_036,9,489,task_0490,3_036,0.7892422676086426,True
491,task_0492,3_036,10,544,task_0545,3_050,0.7864591479301453,False
492,task_0493,3_037,1,488,task_0489,3_036,0.8874659538269043,False
492,task_0493,3_037,2,490,task_0491,3_036,0.8597636222839355,False
492,task_0493,3_037,3,382,task_0383,3_009,0.8450188636779785,False
492,task_0493,3_037,4,350,task_0351,3_001,0.841342031955719,False
492,task_0493,3_037,5,426,task_0427,3_020,0.8345471024513245,False
492,task_0493,3_037,6,380,task_0381,3_009,0.8242663145065308,False
492,task_0493,3_037,7,371,task_0372,3_007,0.8242372274398804,False
492,task_0493,3_037,8,547,task_0548,3_050,0.8235798478126526,False
492,task_0493,3_037,9,462,task_0463,3_029,0.8222534656524658,False
492,task_0493,3_037,10,559,task_0560,3_053,0.8210071921348572,False
493,task_0494,3_037,1,489,task_0490,3_036,0.8577969074249268,False
493,task_0494,3_037,2,381,task_0382,3_009,0.810108482837677,False
493,task_0494,3_037,3,491,task_0492,3_036,0.7954058647155762,False
493,task_0494,3_037,4,422,task_0423,3_019,0.7907928228378296,False
493,task_0494,3_037,5,379,task_0380,3_009,0.7902461290359497,False
493,task_0494,3_037,6,544,task_0545,3_050,0.7861950397491455,False
493,task_0494,3_037,7,540,task_0541,3_049,0.785004734992981,False
493,task_0494,3_037,8,517,task_0518,3_043,0.7630199790000916,False
493,task_0494,3_037,9,479,task_0480,3_034,0.7558462023735046,False
493,task_0494,3_037,10,475,task_0476,3_033,0.7491699457168579,False
494,task_0495,3_037,1,492,task_0493,3_037,0.808782696723938,True
494,task_0495,3_037,2,452,task_0453,3_027,0.799445390701294,False
494,task_0495,3_037,3,490,task_0491,3_036,0.7698289155960083,False
494,task_0495,3_037,4,549,task_0550,3_051,0.7689996361732483,False
494,task_0495,3_037,5,488,task_0489,3_036,0.7677720785140991,False
494,task_0495,3_037,6,374,task_0375,3_007,0.7667586207389832,False
494,task_0495,3_037,7,426,task_0427,3_020,0.7626854777336121,False
494,task_0495,3_037,8,454,task_0455,3_027,0.7592182755470276,False
494,task_0495,3_037,9,352,task_0353,3_002,0.7553795576095581,False
494,task_0495,3_037,10,460,task_0461,3_029,0.7498680949211121,False
495,task_0496,3_037,1,499,task_0500,3_038,0.9554116725921631,False
495,task_0496,3_037,2,497,task_0498,3_038,0.9326851963996887,False
495,task_0496,3_037,3,501,task_0502,3_039,0.9038382768630981,False
495,task_0496,3_037,4,483,task_0484,3_035,0.8462152481079102,False
495,task_0496,3_037,5,529,task_0530,3_046,0.8206303715705872,False
495,task_0496,3_037,6,527,task_0528,3_045,0.812787652015686,False
495,task_0496,3_037,7,560,task_0561,3_054,0.8032854795455933,False
495,task_0496,3_037,8,473,task_0474,3_032,0.8028756380081177,False
495,task_0496,3_037,9,485,task_0486,3_035,0.8024960160255432,False
495,task_0496,3_037,10,469,task_0470,3_031,0.7992468476295471,False
496,task_0497,3_038,1,500,task_0501,3_039,0.9345159530639648,False
496,task_0497,3_038,2,449,task_0450,3_026,0.7338530421257019,False
496,task_0497,3_038,3,550,task_0551,3_051,0.701078474521637,False
496,task_0497,3_038,4,381,task_0382,3_009,0.7001902461051941,False
496,task_0497,3_038,5,493,task_0494,3_037,0.6971983313560486,False
496,task_0497,3_038,6,422,task_0423,3_019,0.6937099695205688,False
496,task_0497,3_038,7,379,task_0380,3_009,0.6926255822181702,False
496,task_0497,3_038,8,474,task_0475,3_032,0.6860940456390381,False
496,task_0497,3_038,9,548,task_0549,3_051,0.6843997836112976,False
496,task_0497,3_038,10,376,task_0377,3_008,0.6817083358764648,False
497,task_0498,3_038,1,501,task_0502,3_039,0.9657326340675354,False
497,task_0498,3_038,2,495,task_0496,3_037,0.9326851963996887,False
497,task_0498,3_038,3,499,task_0500,3_038,0.9094458818435669,True
497,task_0498,3_038,4,483,task_0484,3_035,0.8679625988006592,False
497,task_0498,3_038,5,527,task_0528,3_045,0.8570443391799927,False
497,task_0498,3_038,6,417,task_0418,3_018,0.8452662825584412,False
497,task_0498,3_038,7,485,task_0486,3_035,0.8421119451522827,False
497,task_0498,3_038,8,529,task_0530,3_046,0.8335959911346436,False
497,task_0498,3_038,9,536,task_0537,3_048,0.830926775932312,False
497,task_0498,3_038,10,463,task_0464,3_030,0.8268303871154785,False
498,task_0499,3_038,1,502,task_0503,3_039,0.8721625804901123,False
498,task_0499,3_038,2,468,task_0469,3_031,0.8092803955078125,False
498,task_0499,3_038,3,472,task_0473,3_032,0.7987862229347229,False
498,task_0499,3_038,4,474,task_0475,3_032,0.7893255949020386,False
498,task_0499,3_038,5,470,task_0471,3_031,0.7771252393722534,False
498,task_0499,3_038,6,548,task_0549,3_051,0.7708989381790161,False
498,task_0499,3_038,7,550,task_0551,3_051,0.7332706451416016,False
498,task_0499,3_038,8,508,task_0509,3_041,0.7159743309020996,False
498,task_0499,3_038,9,375,task_0376,3_008,0.707907497882843,False
498,task_0499,3_038,10,512,task_0513,3_042,0.7027715444564819,False
499,task_0500,3_038,1,495,task_0496,3_037,0.9554116725921631,False
499,task_0500,3_038,2,501,task_0502,3_039,0.9308230876922607,False
499,task_0500,3_038,3,497,task_0498,3_038,0.9094458818435669,True
499,task_0500,3_038,4,483,task_0484,3_035,0.8272472023963928,False
499,task_0500,3_038,5,529,task_0530,3_046,0.8230869174003601,False
499,task_0500,3_038,6,527,task_0528,3_045,0.7994624972343445,False
499,task_0500,3_038,7,560,task_0561,3_054,0.787594199180603,False
499,task_0500,3_038,8,531,task_0532,3_046,0.7851405143737793,False
499,task_0500,3_038,9,556,task_0557,3_053,0.7832363247871399,False
499,task_0500,3_038,10,485,task_0486,3_035,0.7790395021438599,False
500,task_0501,3_039,1,496,task_0497,3_038,0.9345159530639648,False
500,task_0501,3_039,2,449,task_0450,3_026,0.7454285621643066,False
500,task_0501,3_039,3,419,task_0420,3_019,0.7330721616744995,False
500,task_0501,3_039,4,422,task_0423,3_019,0.7221205234527588,False
500,task_0501,3_039,5,379,task_0380,3_009,0.7178425192832947,False
500,task_0501,3_039,6,381,task_0382,3_009,0.715946614742279,False
500,task_0501,3_039,7,421,task_0422,3_019,0.7149435877799988,False
500,task_0501,3_039,8,493,task_0494,3_037,0.7047713398933411,False
500,task_0501,3_039,9,548,task_0549,3_051,0.7002556324005127,False
500,task_0501,3_039,10,532,task_0533,3_047,0.6963356733322144,False
501,task_0502,3_039,1,497,task_0498,3_038,0.9657326340675354,False
501,task_0502,3_039,2,499,task_0500,3_038,0.9308230876922607,False
501,task_0502,3_039,3,495,task_0496,3_037,0.9038382768630981,False
501,task_0502,3_039,4,483,task_0484,3_035,0.8533197641372681,False
501,task_0502,3_039,5,527,task_0528,3_045,0.8478765487670898,False
501,task_0502,3_039,6,417,task_0418,3_018,0.8378065228462219,False
501,task_0502,3_039,7,529,task_0530,3_046,0.8274784684181213,False
501,task_0502,3_039,8,485,task_0486,3_035,0.8259230852127075,False
501,task_0502,3_039,9,536,task_0537,3_048,0.8221410512924194,False
501,task_0502,3_039,10,415,task_0416,3_018,0.8178660869598389,False
502,task_0503,3_039,1,498,task_0499,3_038,0.8721625804901123,False
502,task_0503,3_039,2,468,task_0469,3_031,0.7565056681632996,False
502,task_0503,3_039,3,474,task_0475,3_032,0.7263796329498291,False
502,task_0503,3_039,4,472,task_0473,3_032,0.7206846475601196,False
502,task_0503,3_039,5,470,task_0471,3_031,0.7204203605651855,False
502,task_0503,3_039,6,510,task_0511,3_041,0.6981066465377808,False
502,task_0503,3_039,7,550,task_0551,3_051,0.6903435587882996,False
502,task_0503,3_039,8,548,task_0549,3_051,0.6808529496192932,False
502,task_0503,3_039,9,508,task_0509,3_041,0.6750603318214417,False
502,task_0503,3_039,10,514,task_0515,3_042,0.6698285937309265,False
503,task_0504,3_039,1,505,task_0506,3_040,0.9882146120071411,False
503,task_0504,3_039,2,504,task_0505,3_040,0.883097231388092,False
503,task_0504,3_039,3,506,task_0507,3_040,0.8793851733207703,False
503,task_0504,3_039,4,350,task_0351,3_001,0.8698498606681824,False
503,task_0504,3_039,5,547,task_0548,3_050,0.8616280555725098,False
503,task_0504,3_039,6,551,task_0552,3_051,0.8557708859443665,False
503,task_0504,3_039,7,456,task_0457,3_028,0.85099196434021,False
503,task_0504,3_039,8,348,task_0349,3_001,0.8443200588226318,False
503,task_0504,3_039,9,453,task_0454,3_027,0.8387362957000732,False
503,task_0504,3_039,10,462,task_0463,3_029,0.8348971009254456,False
504,task_0505,3_040,1,506,task_0507,3_040,0.991960883140564,True
504,task_0505,3_040,2,503,task_0504,3_039,0.883097231388092,False
504,task_0505,3_040,3,505,task_0506,3_040,0.8827640414237976,True
504,task_0505,3_040,4,454,task_0455,3_027,0.8284521698951721,False
504,task_0505,3_040,5,526,task_0527,3_045,0.8256198167800903,False
504,task_0505,3_040,6,522,task_0523,3_044,0.824610710144043,False
504,task_0505,3_040,7,437,task_0438,3_023,0.8123881816864014,False
504,task_0505,3_040,8,372,task_0373,3_007,0.811890721321106,False
504,task_0505,3_040,9,451,task_0452,3_027,0.8093509078025818,False
504,task_0505,3_040,10,456,task_0457,3_028,0.8027342557907104,False
505,task_0506,3_040,1,503,task_0504,3_039,0.9882146120071411,False
505,task_0506,3_040,2,504,task_0505,3_040,0.8827640414237976,True
505,task_0506,3_040,3,506,task_0507,3_040,0.8817131519317627,True
505,task_0506,3_040,4,350,task_0351,3_001,0.8639340400695801,False
505,task_0506,3_040,5,547,task_0548,3_050,0.8615524172782898,False
505,task_0506,3_040,6,551,task_0552,3_051,0.8551485538482666,False
505,task_0506,3_040,7,456,task_0457,3_028,0.846729040145874,False
505,task_0506,3_040,8,348,task_0349,3_001,0.836840808391571,False
505,task_0506,3_040,9,462,task_0463,3_029,0.833769679069519,False
505,task_0506,3_040,10,453,task_0454,3_027,0.8332871794700623,False
506,task_0507,3_040,1,504,task_0505,3_040,0.991960883140564,True
506,task_0507,3_040,2,505,task_0506,3_040,0.8817131519317627,True
506,task_0507,3_040,3,503,task_0504,3_039,0.8793851733207703,False
506,task_0507,3_040,4,526,task_0527,3_045,0.8338740468025208,False
506,task_0507,3_040,5,454,task_0455,3_027,0.8305609226226807,False
506,task_0507,3_040,6,522,task_0523,3_044,0.8254430890083313,False
506,task_0507,3_040,7,372,task_0373,3_007,0.8182379603385925,False
506,task_0507,3_040,8,437,task_0438,3_023,0.8162088394165039,False
506,task_0507,3_040,9,451,task_0452,3_027,0.8117097020149231,False
506,task_0507,3_040,10,456,task_0457,3_028,0.8081998229026794,False
507,task_0508,3_040,1,511,task_0512,3_041,0.9741188287734985,False
507,task_0508,3_040,2,509,task_0510,3_041,0.9622817039489746,False
507,task_0508,3_040,3,513,task_0514,3_042,0.953993022441864,False
507,task_0508,3_040,4,427,task_0428,3_021,0.6697238087654114,False
507,task_0508,3_040,5,429,task_0430,3_021,0.6671477556228638,False
507,task_0508,3_040,6,539,task_0540,3_048,0.6433610916137695,False
507,task_0508,3_040,7,549,task_0550,3_051,0.6358303427696228,False
507,task_0508,3_040,8,466,task_0467,3_030,0.6356061697006226,False
507,task_0508,3_040,9,372,task_0373,3_007,0.6340992450714111,False
507,task_0508,3_040,10,402,task_0403,3_014,0.6320884227752686,False
508,task_0509,3_041,1,512,task_0513,3_042,0.9796252250671387,False
508,task_0509,3_041,2,514,task_0515,3_042,0.8470108509063721,False
508,task_0509,3_041,3,510,task_0511,3_041,0.8302303552627563,True
508,task_0509,3_041,4,419,task_0420,3_019,0.7168707847595215,False
508,task_0509,3_041,5,498,task_0499,3_038,0.7159743309020996,False
508,task_0509,3_041,6,530,task_0531,3_046,0.6966997385025024,False
508,task_0509,3_041,7,532,task_0533,3_047,0.6952771544456482,False
508,task_0509,3_041,8,550,task_0551,3_051,0.6951926946640015,False
508,task_0509,3_041,9,474,task_0475,3_032,0.6909211277961731,False
508,task_0509,3_041,10,534,task_0535,3_047,0.6903198957443237,False
509,task_0510,3_041,1,513,task_0514,3_042,0.9810298681259155,False
509,task_0510,3_041,2,511,task_0512,3_041,0.9635088443756104,True
509,task_0510,3_041,3,507,task_0508,3_040,0.9622817039489746,False
509,task_0510,3_041,4,429,task_0430,3_021,0.6777902841567993,False
509,task_0510,3_041,5,427,task_0428,3_021,0.6747814416885376,False
509,task_0510,3_041,6,539,task_0540,3_048,0.6440973877906799,False
509,task_0510,3_041,7,549,task_0550,3_051,0.640733540058136,False
509,task_0510,3_041,8,557,task_0558,3_053,0.6382659673690796,False
509,task_0510,3_041,9,466,task_0467,3_030,0.6340819597244263,False
509,task_0510,3_041,10,561,task_0562,3_054,0.6333484649658203,False
510,task_0511,3_041,1,514,task_0515,3_042,0.880628228187561,False
510,task_0511,3_041,2,508,task_0509,3_041,0.8302303552627563,True
510,task_0511,3_041,3,512,task_0513,3_042,0.8170582056045532,False
510,task_0511,3_041,4,502,task_0503,3_039,0.6981066465377808,False
510,task_0511,3_041,5,498,task_0499,3_038,0.6830545663833618,False
510,task_0511,3_041,6,530,task_0531,3_046,0.6574222445487976,False
510,task_0511,3_041,7,528,task_0529,3_046,0.6559697389602661,False
510,task_0511,3_041,8,534,task_0535,3_047,0.6558693647384644,False
510,task_0511,3_041,9,532,task_0533,3_047,0.6554465889930725,False
510,task_0511,3_041,10,174,task_0175,1_044,0.6503730416297913,False
511,task_0512,3_041,1,507,task_0508,3_040,0.9741188287734985,False
511,task_0512,3_041,2,509,task_0510,3_041,0.9635088443756104,True
511,task_0512,3_041,3,513,task_0514,3_042,0.957020103931427,False
511,task_0512,3_041,4,427,task_0428,3_021,0.6592971086502075,False
511,task_0512,3_041,5,429,task_0430,3_021,0.6574278473854065,False
511,task_0512,3_041,6,539,task_0540,3_048,0.630516529083252,False
511,task_0512,3_041,7,557,task_0558,3_053,0.626952052116394,False
511,task_0512,3_041,8,549,task_0550,3_051,0.6264894008636475,False
511,task_0512,3_041,9,561,task_0562,3_054,0.624665379524231,False
511,task_0512,3_041,10,402,task_0403,3_014,0.6190107464790344,False
512,task_0513,3_042,1,508,task_0509,3_041,0.9796252250671387,False
512,task_0513,3_042,2,514,task_0515,3_042,0.8452879190444946,True
512,task_0513,3_042,3,510,task_0511,3_041,0.8170582056045532,False
512,task_0513,3_042,4,419,task_0420,3_019,0.7374840974807739,False
512,task_0513,3_042,5,421,task_0422,3_019,0.7052417397499084,False
512,task_0513,3_042,6,498,task_0499,3_038,0.7027715444564819,False
512,task_0513,3_042,7,530,task_0531,3_046,0.7015613913536072,False
512,task_0513,3_042,8,532,task_0533,3_047,0.7009231448173523,False
512,task_0513,3_042,9,550,task_0551,3_051,0.6986227035522461,False
512,task_0513,3_042,10,534,task_0535,3_047,0.6966673135757446,False
513,task_0514,3_042,1,509,task_0510,3_041,0.9810298681259155,False
513,task_0514,3_042,2,511,task_0512,3_041,0.957020103931427,False
513,task_0514,3_042,3,507,task_0508,3_040,0.953993022441864,False
513,task_0514,3_042,4,429,task_0430,3_021,0.6718938946723938,False
513,task_0514,3_042,5,427,task_0428,3_021,0.6695941686630249,False
513,task_0514,3_042,6,549,task_0550,3_051,0.6446840763092041,False
513,task_0514,3_042,7,539,task_0540,3_048,0.6371005177497864,False
513,task_0514,3_042,8,383,task_0384,3_010,0.6315944790840149,False
513,task_0514,3_042,9,348,task_0349,3_001,0.6311566829681396,False
513,task_0514,3_042,10,557,task_0558,3_053,0.6263440847396851,False
514,task_0515,3_042,1,510,task_0511,3_041,0.880628228187561,False
514,task_0515,3_042,2,508,task_0509,3_041,0.8470108509063721,False
514,task_0515,3_042,3,512,task_0513,3_042,0.8452879190444946,True
514,task_0515,3_042,4,419,task_0420,3_019,0.7173185348510742,False
514,task_0515,3_042,5,530,task_0531,3_046,0.7090113162994385,False
514,task_0515,3_042,6,548,task_0549,3_051,0.7043800354003906,False
514,task_0515,3_042,7,532,task_0533,3_047,0.701946496963501,False
514,task_0515,3_042,8,534,task_0535,3_047,0.7010160088539124,False
514,task_0515,3_042,9,528,task_0529,3_046,0.6988004446029663,False
514,task_0515,3_042,10,550,task_0551,3_051,0.6981958746910095,False
515,task_0516,3_042,1,517,task_0518,3_043,0.867489218711853,False
515,task_0516,3_042,2,516,task_0517,3_043,0.8387852907180786,False
515,task_0516,3_042,3,489,task_0490,3_036,0.8059903979301453,False
515,task_0516,3_042,4,475,task_0476,3_033,0.7958132028579712,False
515,task_0516,3_042,5,518,task_0519,3_043,0.7916815876960754,False
515,task_0516,3_042,6,479,task_0480,3_034,0.7904674410820007,False
515,task_0516,3_042,7,402,task_0403,3_014,0.7885928750038147,False
515,task_0516,3_042,8,398,task_0399,3_013,0.7827003598213196,False
515,task_0516,3_042,9,481,task_0482,3_034,0.7783579230308533,False
515,task_0516,3_042,10,554,task_0555,3_052,0.7698504328727722,False
516,task_0517,3_043,1,518,task_0519,3_043,0.9534332752227783,True
516,task_0517,3_043,2,517,task_0518,3_043,0.9019740223884583,True
516,task_0517,3_043,3,515,task_0516,3_042,0.8387852907180786,False
516,task_0517,3_043,4,546,task_0547,3_050,0.8303035497665405,False
516,task_0517,3_043,5,542,task_0543,3_049,0.8300915956497192,False
516,task_0517,3_043,6,540,task_0541,3_049,0.8299955129623413,False
516,task_0517,3_043,7,402,task_0403,3_014,0.8112803101539612,False
516,task_0517,3_043,8,544,task_0545,3_050,0.8092745542526245,False
516,task_0517,3_043,9,475,task_0476,3_033,0.8011411428451538,False
516,task_0517,3_043,10,398,task_0399,3_013,0.7966054081916809,False
517,task_0518,3_043,1,516,task_0517,3_043,0.9019740223884583,True
517,task_0518,3_043,2,518,task_0519,3_043,0.8782874345779419,True
517,task_0518,3_043,3,540,task_0541,3_049,0.8743305206298828,False
517,task_0518,3_043,4,542,task_0543,3_049,0.8693601489067078,False
517,task_0518,3_043,5,515,task_0516,3_042,0.867489218711853,False
517,task_0518,3_043,6,546,task_0547,3_050,0.8601020574569702,False
517,task_0518,3_043,7,544,task_0545,3_050,0.8413266539573669,False
517,task_0518,3_043,8,475,task_0476,3_033,0.8273201584815979,False
517,task_0518,3_043,9,553,task_0554,3_052,0.8214271664619446,False
517,task_0518,3_043,10,552,task_0553,3_052,0.8200106620788574,False
518,task_0519,3_043,1,516,task_0517,3_043,0.9534332752227783,True
518,task_0519,3_043,2,517,task_0518,3_043,0.8782874345779419,True
518,task_0519,3_043,3,540,task_0541,3_049,0.8430406451225281,False
518,task_0519,3_043,4,542,task_0543,3_049,0.8380894064903259,False
518,task_0519,3_043,5,546,task_0547,3_050,0.8376549482345581,False
518,task_0519,3_043,6,544,task_0545,3_050,0.8240426182746887,False
518,task_0519,3_043,7,402,task_0403,3_014,0.8120072484016418,False
518,task_0519,3_043,8,553,task_0554,3_052,0.8107606172561646,False
518,task_0519,3_043,9,552,task_0553,3_052,0.8094766139984131,False
518,task_0519,3_043,10,398,task_0399,3_013,0.8072922825813293,False
519,task_0520,3_043,1,523,task_0524,3_044,0.9811392426490784,False
519,task_0520,3_043,2,521,task_0522,3_044,0.8819119930267334,False
519,task_0520,3_043,3,525,task_0526,3_045,0.8495780229568481,False
519,task_0520,3_043,4,416,task_0417,3_018,0.7912079095840454,False
519,task_0520,3_043,5,432,task_0433,3_022,0.7808884382247925,False
519,task_0520,3_043,6,412,task_0413,3_017,0.7778577208518982,False
519,task_0520,3_043,7,436,task_0437,3_023,0.7635535001754761,False
519,task_0520,3_043,8,361,task_0362,3_004,0.7292635440826416,False
519,task_0520,3_043,9,359,task_0360,3_004,0.723954975605011,False
519,task_0520,3_043,10,404,task_0405,3_015,0.7202850580215454,False
520,task_0521,3_044,1,524,task_0525,3_045,0.9439374208450317,False
520,task_0521,3_044,2,522,task_0523,3_044,0.866780698299408,True
520,task_0521,3_044,3,526,task_0527,3_045,0.8583440780639648,False
520,task_0521,3_044,4,487,task_0488,1_048,0.8279788494110107,False
520,task_0521,3_044,5,542,task_0543,3_049,0.8238792419433594,False
520,task_0521,3_044,6,417,task_0418,3_018,0.8199774622917175,False
520,task_0521,3_044,7,533,task_0534,3_047,0.8191037178039551,False
520,task_0521,3_044,8,349,task_0350,3_001,0.8122028112411499,False
520,task_0521,3_044,9,546,task_0547,3_050,0.8078685402870178,False
520,task_0521,3_044,10,373,task_0374,3_007,0.8066070675849915,False
521,task_0522,3_044,1,525,task_0526,3_045,0.9596751928329468,False
521,task_0522,3_044,2,519,task_0520,3_043,0.8819119930267334,False
521,task_0522,3_044,3,523,task_0524,3_044,0.8732893466949463,True
521,task_0522,3_044,4,432,task_0433,3_022,0.8302751779556274,False
521,task_0522,3_044,5,436,task_0437,3_023,0.8233749866485596,False
521,task_0522,3_044,6,359,task_0360,3_004,0.8075127601623535,False
521,task_0522,3_044,7,361,task_0362,3_004,0.8054075837135315,False
521,task_0522,3_044,8,410,task_0411,3_016,0.7472205758094788,False
521,task_0522,3_044,9,416,task_0417,3_018,0.7209659814834595,False
521,task_0522,3_044,10,412,task_0413,3_017,0.6882753968238831,False
522,task_0523,3_044,1,526,task_0527,3_045,0.9903932213783264,False
522,task_0523,3_044,2,559,task_0560,3_053,0.922726035118103,False
522,task_0523,3_044,3,563,task_0564,3_054,0.9089269638061523,False
522,task_0523,3_044,4,373,task_0374,3_007,0.8954155445098877,False
522,task_0523,3_044,5,371,task_0372,3_007,0.8924527168273926,False
522,task_0523,3_044,6,464,task_0465,3_030,0.8921617865562439,False
522,task_0523,3_044,7,349,task_0350,3_001,0.8773007392883301,False
522,task_0523,3_044,8,533,task_0534,3_047,0.8772857785224915,False
522,task_0523,3_044,9,524,task_0525,3_045,0.8754394054412842,False
522,task_0523,3_044,10,520,task_0521,3_044,0.866780698299408,True
523,task_0524,3_044,1,519,task_0520,3_043,0.9811392426490784,False
523,task_0524,3_044,2,521,task_0522,3_044,0.8732893466949463,True
523,task_0524,3_044,3,525,task_0526,3_045,0.8489983081817627,False
523,task_0524,3_044,4,416,task_0417,3_018,0.799238383769989,False
523,task_0524,3_044,5,412,task_0413,3_017,0.7847911715507507,False
523,task_0524,3_044,6,432,task_0433,3_022,0.7685316801071167,False
523,task_0524,3_044,7,436,task_0437,3_023,0.7528611421585083,False
523,task_0524,3_044,8,404,task_0405,3_015,0.7269708514213562,False
523,task_0524,3_044,9,361,task_0362,3_004,0.720744788646698,False
523,task_0524,3_044,10,359,task_0360,3_004,0.7104634642601013,False
524,task_0525,3_045,1,520,task_0521,3_044,0.9439374208450317,False
524,task_0525,3_045,2,522,task_0523,3_044,0.8754394054412842,False
524,task_0525,3_045,3,526,task_0527,3_045,0.8680909276008606,True
524,task_0525,3_045,4,542,task_0543,3_049,0.8291410207748413,False
524,task_0525,3_045,5,546,task_0547,3_050,0.8186285495758057,False
524,task_0525,3_045,6,533,task_0534,3_047,0.8163838386535645,False
524,task_0525,3_045,7,373,task_0374,3_007,0.8161979913711548,False
524,task_0525,3_045,8,371,task_0372,3_007,0.8145282864570618,False
524,task_0525,3_045,9,349,task_0350,3_001,0.8084409236907959,False
524,task_0525,3_045,10,517,task_0518,3_043,0.8058550953865051,False
525,task_0526,3_045,1,521,task_0522,3_044,0.9596751928329468,False
525,task_0526,3_045,2,519,task_0520,3_043,0.8495780229568481,False
525,task_0526,3_045,3,523,task_0524,3_044,0.8489983081817627,False
525,task_0526,3_045,4,432,task_0433,3_022,0.8180985450744629,False
525,task_0526,3_045,5,436,task_0437,3_023,0.8156666159629822,False
525,task_0526,3_045,6,361,task_0362,3_004,0.8094474077224731,False
525,task_0526,3_045,7,359,task_0360,3_004,0.801975667476654,False
525,task_0526,3_045,8,410,task_0411,3_016,0.7681493163108826,False
525,task_0526,3_045,9,416,task_0417,3_018,0.7206211686134338,False
525,task_0526,3_045,10,412,task_0413,3_017,0.6930921673774719,False
526,task_0527,3_045,1,522,task_0523,3_044,0.9903932213783264,False
526,task_0527,3_045,2,559,task_0560,3_053,0.9202990531921387,False
526,task_0527,3_045,3,563,task_0564,3_054,0.9048500061035156,False
526,task_0527,3_045,4,373,task_0374,3_007,0.8946272730827332,False
526,task_0527,3_045,5,371,task_0372,3_007,0.8916640877723694,False
526,task_0527,3_045,6,464,task_0465,3_030,0.889251708984375,False
526,task_0527,3_045,7,533,task_0534,3_047,0.8758273124694824,False
526,task_0527,3_045,8,349,task_0350,3_001,0.8711512088775635,False
526,task_0527,3_045,9,524,task_0525,3_045,0.8680909276008606,True
526,task_0527,3_045,10,527,task_0528,3_045,0.8629645705223083,True
527,task_0528,3_045,1,529,task_0530,3_046,0.9185837507247925,False
527,task_0528,3_045,2,533,task_0534,3_047,0.9068626165390015,False
527,task_0528,3_045,3,465,task_0466,3_030,0.9068538546562195,False
527,task_0528,3_045,4,463,task_0464,3_030,0.9061698317527771,False
527,task_0528,3_045,5,411,task_0412,3_017,0.8977502584457397,False
527,task_0528,3_045,6,415,task_0416,3_018,0.8976032733917236,False
527,task_0528,3_045,7,417,task_0418,3_018,0.8800652027130127,False
527,task_0528,3_045,8,413,task_0414,3_017,0.8745466470718384,False
527,task_0528,3_045,9,441,task_0442,3_024,0.869194746017456,False
527,task_0528,3_045,10,443,task_0444,3_025,0.8643553256988525,False
528,task_0529,3_046,1,532,task_0533,3_047,0.9852880239486694,False
528,task_0529,3_046,2,534,task_0535,3_047,0.9848740100860596,False
528,task_0529,3_046,3,530,task_0531,3_046,0.9817898869514465,True
528,task_0529,3_046,4,363,task_0364,3_005,0.8164119124412537,False
528,task_0529,3_046,5,414,task_0415,3_017,0.7938217520713806,False
528,task_0529,3_046,6,418,task_0419,3_018,0.7790113687515259,False
528,task_0529,3_046,7,364,task_0365,3_005,0.7631531953811646,False
528,task_0529,3_046,8,392,task_0393,3_012,0.7503274083137512,False
528,task_0529,3_046,9,394,task_0395,3_012,0.7486358284950256,False
528,task_0529,3_046,10,365,task_0366,3_005,0.7293309569358826,False
529,task_0530,3_046,1,527,task_0528,3_045,0.9185837507247925,False
529,task_0530,3_046,2,533,task_0534,3_047,0.8994163274765015,False
529,task_0530,3_046,3,531,task_0532,3_046,0.8935481309890747,True
529,task_0530,3_046,4,465,task_0466,3_030,0.8618603348731995,False
529,task_0530,3_046,5,463,task_0464,3_030,0.8547964096069336,False
529,task_0530,3_046,6,443,task_0444,3_025,0.8537625670433044,False
529,task_0530,3_046,7,439,task_0440,3_024,0.8519546389579773,False
529,task_0530,3_046,8,413,task_0414,3_017,0.8507683277130127,False
529,task_0530,3_046,9,560,task_0561,3_054,0.8496994972229004,False
529,task_0530,3_046,10,415,task_0416,3_018,0.8467095494270325,False
530,task_0531,3_046,1,532,task_0533,3_047,0.9939804673194885,False
530,task_0531,3_046,2,534,task_0535,3_047,0.993212878704071,False
530,task_0531,3_046,3,528,task_0529,3_046,0.9817898869514465,True
530,task_0531,3_046,4,363,task_0364,3_005,0.8197082877159119,False
530,task_0531,3_046,5,414,task_0415,3_017,0.8075191974639893,False
530,task_0531,3_046,6,418,task_0419,3_018,0.7897180914878845,False
530,task_0531,3_046,7,364,task_0365,3_005,0.7532910108566284,False
530,task_0531,3_046,8,392,task_0393,3_012,0.7518729567527771,False
530,task_0531,3_046,9,394,task_0395,3_012,0.7474585771560669,False
530,task_0531,3_046,10,375,task_0376,3_008,0.7300130128860474,False
531,task_0532,3_046,1,529,task_0530,3_046,0.8935481309890747,True
531,task_0532,3_046,2,527,task_0528,3_045,0.8637038469314575,False
531,task_0532,3_046,3,533,task_0534,3_047,0.8436940908432007,False
531,task_0532,3_046,4,473,task_0474,3_032,0.8190720081329346,False
531,task_0532,3_046,5,501,task_0502,3_039,0.811252772808075,False
531,task_0532,3_046,6,497,task_0498,3_038,0.8109917044639587,False
531,task_0532,3_046,7,469,task_0470,3_031,0.8087037205696106,False
531,task_0532,3_046,8,467,task_0468,3_031,0.8076820969581604,False
531,task_0532,3_046,9,471,task_0472,3_032,0.8027930855751038,False
531,task_0532,3_046,10,415,task_0416,3_018,0.7960488200187683,False
532,task_0533,3_047,1,530,task_0531,3_046,0.9939804673194885,False
532,task_0533,3_047,2,534,task_0535,3_047,0.9911638498306274,True
532,task_0533,3_047,3,528,task_0529,3_046,0.9852880239486694,False
532,task_0533,3_047,4,363,task_0364,3_005,0.8160040974617004,False
532,task_0533,3_047,5,414,task_0415,3_017,0.8050506114959717,False
532,task_0533,3_047,6,418,task_0419,3_018,0.7887845635414124,False
532,task_0533,3_047,7,364,task_0365,3_005,0.7584896087646484,False
532,task_0533,3_047,8,392,task_0393,3_012,0.7514358758926392,False
532,task_0533,3_047,9,394,task_0395,3_012,0.7496446967124939,False
532,task_0533,3_047,10,365,task_0366,3_005,0.7274633049964905,False
533,task_0534,3_047,1,527,task_0528,3_045,0.9068626165390015,False
533,task_0534,3_047,2,529,task_0530,3_046,0.8994163274765015,False
533,task_0534,3_047,3,522,task_0523,3_044,0.8772857785224915,False
533,task_0534,3_047,4,465,task_0466,3_030,0.8768041729927063,False
533,task_0534,3_047,5,526,task_0527,3_045,0.8758273124694824,False
533,task_0534,3_047,6,417,task_0418,3_018,0.8719161152839661,False
533,task_0534,3_047,7,463,task_0464,3_030,0.871736466884613,False
533,task_0534,3_047,8,443,task_0444,3_025,0.8708628416061401,False
533,task_0534,3_047,9,439,task_0440,3_024,0.8706912398338318,False
533,task_0534,3_047,10,471,task_0472,3_032,0.863561749458313,False
534,task_0535,3_047,1,530,task_0531,3_046,0.993212878704071,False
534,task_0535,3_047,2,532,task_0533,3_047,0.9911638498306274,True
534,task_0535,3_047,3,528,task_0529,3_046,0.9848740100860596,False
534,task_0535,3_047,4,363,task_0364,3_005,0.825989842414856,False
534,task_0535,3_047,5,414,task_0415,3_017,0.7988439202308655,False
534,task_0535,3_047,6,418,task_0419,3_018,0.780907392501831,False
534,task_0535,3_047,7,364,task_0365,3_005,0.7692939639091492,False
534,task_0535,3_047,8,392,task_0393,3_012,0.7519820332527161,False
534,task_0535,3_047,9,394,task_0395,3_012,0.750028133392334,False
534,task_0535,3_047,10,365,task_0366,3_005,0.7286970615386963,False
535,task_0536,3_047,1,537,task_0538,3_048,0.8433159589767456,False
535,task_0536,3_047,2,538,task_0539,3_048,0.806041419506073,False
535,task_0536,3_047,3,536,task_0537,3_048,0.7696553468704224,False
535,task_0536,3_047,4,370,task_0371,3_006,0.763251543045044,False
535,task_0536,3_047,5,556,task_0557,3_053,0.7554978728294373,False
535,task_0536,3_047,6,368,task_0369,3_006,0.7494962215423584,False
535,task_0536,3_047,7,560,task_0561,3_054,0.7394757866859436,False
535,task_0536,3_047,8,477,task_0478,3_033,0.718675971031189,False
535,task_0536,3_047,9,533,task_0534,3_047,0.7185406684875488,True
535,task_0536,3_047,10,515,task_0516,3_042,0.7164629697799683,False
536,task_0537,3_048,1,538,task_0539,3_048,0.9665777087211609,True
536,task_0537,3_048,2,537,task_0538,3_048,0.8928543329238892,True
536,task_0537,3_048,3,533,task_0534,3_047,0.851894199848175,False
536,task_0537,3_048,4,560,task_0561,3_054,0.8498072028160095,False
536,task_0537,3_048,5,522,task_0523,3_044,0.8482389450073242,False
536,task_0537,3_048,6,526,task_0527,3_045,0.8476859331130981,False
536,task_0537,3_048,7,417,task_0418,3_018,0.8407801389694214,False
536,task_0537,3_048,8,527,task_0528,3_045,0.8314042687416077,False
536,task_0537,3_048,9,497,task_0498,3_038,0.830926775932312,False
536,task_0537,3_048,10,437,task_0438,3_023,0.8238002061843872,False
537,task_0538,3_048,1,538,task_0539,3_048,0.9198664426803589,True
537,task_0538,3_048,2,536,task_0537,3_048,0.8928543329238892,True
537,task_0538,3_048,3,535,task_0536,3_047,0.8433159589767456,False
537,task_0538,3_048,4,560,task_0561,3_054,0.8343793153762817,False
537,task_0538,3_048,5,556,task_0557,3_053,0.830446720123291,False
537,task_0538,3_048,6,368,task_0369,3_006,0.8204890489578247,False
537,task_0538,3_048,7,506,task_0507,3_040,0.7888764142990112,False
537,task_0538,3_048,8,504,task_0505,3_040,0.7846837043762207,False
537,task_0538,3_048,9,455,task_0456,3_028,0.7807691693305969,False
537,task_0538,3_048,10,461,task_0462,3_029,0.7800496220588684,False
538,task_0539,3_048,1,536,task_0537,3_048,0.9665777087211609,True
538,task_0539,3_048,2,537,task_0538,3_048,0.9198664426803589,True
538,task_0539,3_048,3,560,task_0561,3_054,0.8470572829246521,False
538,task_0539,3_048,4,533,task_0534,3_047,0.827838659286499,False
538,task_0539,3_048,5,556,task_0557,3_053,0.8189038634300232,False
538,task_0539,3_048,6,522,task_0523,3_044,0.8147968053817749,False
538,task_0539,3_048,7,455,task_0456,3_028,0.8145937323570251,False
538,task_0539,3_048,8,526,task_0527,3_045,0.8136680722236633,False
538,task_0539,3_048,9,457,task_0458,3_028,0.8071076273918152,False
538,task_0539,3_048,10,535,task_0536,3_047,0.806041419506073,False
539,task_0540,3_048,1,543,task_0544,3_049,0.8815346956253052,False
539,task_0540,3_048,2,541,task_0542,3_049,0.8673324584960938,False
539,task_0540,3_048,3,545,task_0546,3_050,0.8350176811218262,False
539,task_0540,3_048,4,533,task_0534,3_047,0.7476277947425842,False
539,task_0540,3_048,5,562,task_0563,3_054,0.7430241107940674,False
539,task_0540,3_048,6,497,task_0498,3_038,0.7406845092773438,False
539,task_0540,3_048,7,560,task_0561,3_054,0.7390334606170654,False
539,task_0540,3_048,8,439,task_0440,3_024,0.7368848919868469,False
539,task_0540,3_048,9,483,task_0484,3_035,0.7346466779708862,False
539,task_0540,3_048,10,485,task_0486,3_035,0.7344966530799866,False
540,task_0541,3_049,1,544,task_0545,3_050,0.897732675075531,False
540,task_0541,3_049,2,546,task_0547,3_050,0.8942861557006836,False
540,task_0541,3_049,3,542,task_0543,3_049,0.8891558051109314,True
540,task_0541,3_049,4,517,task_0518,3_043,0.8743305206298828,False
540,task_0541,3_049,5,553,task_0554,3_052,0.8515278100967407,False
540,task_0541,3_049,6,552,task_0553,3_052,0.8449223637580872,False
540,task_0541,3_049,7,518,task_0519,3_043,0.8430406451225281,False
540,task_0541,3_049,8,555,task_0556,3_052,0.8337079286575317,False
540,task_0541,3_049,9,516,task_0517,3_043,0.8299955129623413,False
540,task_0541,3_049,10,381,task_0382,3_009,0.8157198429107666,False
541,task_0542,3_049,1,539,task_0540,3_048,0.8673324584960938,False
541,task_0542,3_049,2,543,task_0544,3_049,0.7255120277404785,True
541,task_0542,3_049,3,545,task_0546,3_050,0.6908961534500122,False
541,task_0542,3_049,4,495,task_0496,3_037,0.6663777828216553,False
541,task_0542,3_049,5,499,task_0500,3_038,0.6495576500892639,False
541,task_0542,3_049,6,709,task_0710,4_037,0.6391535997390747,False
541,task_0542,3_049,7,551,task_0552,3_051,0.6309728026390076,False
541,task_0542,3_049,8,529,task_0530,3_046,0.6308797001838684,False
541,task_0542,3_049,9,556,task_0557,3_053,0.6300234794616699,False
541,task_0542,3_049,10,509,task_0510,3_041,0.6256694197654724,False
542,task_0543,3_049,1,546,task_0547,3_050,0.9648619890213013,False
542,task_0543,3_049,2,540,task_0541,3_049,0.8891558051109314,True
542,task_0543,3_049,3,544,task_0545,3_050,0.883201003074646,False
542,task_0543,3_049,4,552,task_0553,3_052,0.8741621375083923,False
542,task_0543,3_049,5,553,task_0554,3_052,0.8696354627609253,False
542,task_0543,3_049,6,517,task_0518,3_043,0.8693601489067078,False
542,task_0543,3_049,7,555,task_0556,3_052,0.8444064855575562,False
542,task_0543,3_049,8,518,task_0519,3_043,0.8380894064903259,False
542,task_0543,3_049,9,402,task_0403,3_014,0.8302928805351257,False
542,task_0543,3_049,10,516,task_0517,3_043,0.8300915956497192,False
543,task_0544,3_049,1,545,task_0546,3_050,0.9199936389923096,False
543,task_0544,3_049,2,539,task_0540,3_048,0.8815346956253052,False
543,task_0544,3_049,3,483,task_0484,3_035,0.773314893245697,False
543,task_0544,3_049,4,485,task_0486,3_035,0.7593498826026917,False
543,task_0544,3_049,5,497,task_0498,3_038,0.758979082107544,False
543,task_0544,3_049,6,501,task_0502,3_039,0.752035915851593,False
543,task_0544,3_049,7,541,task_0542,3_049,0.7255120277404785,True
543,task_0544,3_049,8,495,task_0496,3_037,0.7148913741111755,False
543,task_0544,3_049,9,443,task_0444,3_025,0.7128481864929199,False
543,task_0544,3_049,10,499,task_0500,3_038,0.7121685147285461,False
544,task_0545,3_050,1,540,task_0541,3_049,0.897732675075531,False
544,task_0545,3_050,2,546,task_0547,3_050,0.8894280195236206,True
544,task_0545,3_050,3,542,task_0543,3_049,0.883201003074646,False
544,task_0545,3_050,4,517,task_0518,3_043,0.8413266539573669,False
544,task_0545,3_050,5,558,task_0559,3_053,0.8335098028182983,False
544,task_0545,3_050,6,553,task_0554,3_052,0.8285840749740601,False
544,task_0545,3_050,7,562,task_0563,3_054,0.8241585493087769,False
544,task_0545,3_050,8,518,task_0519,3_043,0.8240426182746887,False
544,task_0545,3_050,9,552,task_0553,3_052,0.8227611184120178,False
544,task_0545,3_050,10,489,task_0490,3_036,0.8177874684333801,False
545,task_0546,3_050,1,543,task_0544,3_049,0.9199936389923096,False
545,task_0546,3_050,2,539,task_0540,3_048,0.8350176811218262,False
545,task_0546,3_050,3,483,task_0484,3_035,0.7849302887916565,False
545,task_0546,3_050,4,497,task_0498,3_038,0.7798072695732117,False
545,task_0546,3_050,5,501,task_0502,3_039,0.7790163159370422,False
545,task_0546,3_050,6,485,task_0486,3_035,0.7656642198562622,False
545,task_0546,3_050,7,499,task_0500,3_038,0.7488059401512146,False
545,task_0546,3_050,8,495,task_0496,3_037,0.7451086044311523,False
545,task_0546,3_050,9,484,task_0485,3_035,0.7090416550636292,False
545,task_0546,3_050,10,443,task_0444,3_025,0.7079159021377563,False
546,task_0547,3_050,1,542,task_0543,3_049,0.9648619890213013,False
546,task_0547,3_050,2,552,task_0553,3_052,0.897957980632782,False
546,task_0547,3_050,3,553,task_0554,3_052,0.8979377150535583,False
546,task_0547,3_050,4,540,task_0541,3_049,0.8942861557006836,False
546,task_0547,3_050,5,544,task_0545,3_050,0.8894280195236206,True
546,task_0547,3_050,6,555,task_0556,3_052,0.8725695610046387,False
546,task_0547,3_050,7,517,task_0518,3_043,0.8601020574569702,False
546,task_0547,3_050,8,402,task_0403,3_014,0.8421000838279724,False
546,task_0547,3_050,9,518,task_0519,3_043,0.8376549482345581,False
546,task_0547,3_050,10,516,task_0517,3_043,0.8303035497665405,False
547,task_0548,3_050,1,551,task_0552,3_051,0.8627762794494629,False
547,task_0548,3_050,2,503,task_0504,3_039,0.8616280555725098,False
547,task_0548,3_050,3,505,task_0506,3_040,0.8615524172782898,False
547,task_0548,3_050,4,462,task_0463,3_029,0.8433288931846619,False
547,task_0548,3_050,5,380,task_0381,3_009,0.8428905010223389,False
547,task_0548,3_050,6,350,task_0351,3_001,0.8421486616134644,False
547,task_0548,3_050,7,382,task_0383,3_009,0.8322871327400208,False
547,task_0548,3_050,8,458,task_0459,3_028,0.825120210647583,False
547,task_0548,3_050,9,456,task_0457,3_028,0.8243957161903381,False
547,task_0548,3_050,10,561,task_0562,3_054,0.824095606803894,False
548,task_0549,3_051,1,550,task_0551,3_051,0.8698020577430725,True
548,task_0549,3_051,2,468,task_0469,3_031,0.855400025844574,False
548,task_0549,3_051,3,474,task_0475,3_032,0.8520691990852356,False
548,task_0549,3_051,4,470,task_0471,3_031,0.850426197052002,False
548,task_0549,3_051,5,472,task_0473,3_032,0.8382591009140015,False
548,task_0549,3_051,6,498,task_0499,3_038,0.7708989381790161,False
548,task_0549,3_051,7,376,task_0377,3_008,0.7546154260635376,False
548,task_0549,3_051,8,51,task_0052,1_013,0.7438015937805176,False
548,task_0549,3_051,9,450,task_0451,3_026,0.7423162460327148,False
548,task_0549,3_051,10,185,task_0186,1_047,0.7406581044197083,False
549,task_0550,3_051,1,401,task_0402,3_014,0.7941357493400574,False
549,task_0550,3_051,2,397,task_0398,3_013,0.791046142578125,False
549,task_0550,3_051,3,374,task_0375,3_007,0.7706818580627441,False
549,task_0550,3_051,4,494,task_0495,3_037,0.7689996361732483,False
549,task_0550,3_051,5,490,task_0491,3_036,0.7610014081001282,False
549,task_0550,3_051,6,488,task_0489,3_036,0.7584642767906189,False
549,task_0550,3_051,7,445,task_0446,3_025,0.7573520541191101,False
549,task_0550,3_051,8,399,task_0400,3_014,0.742782711982727,False
549,task_0550,3_051,9,372,task_0373,3_007,0.7424365282058716,False
549,task_0550,3_051,10,441,task_0442,3_024,0.7411476969718933,False
550,task_0551,3_051,1,548,task_0549,3_051,0.8698020577430725,True
550,task_0551,3_051,2,468,task_0469,3_031,0.8370997309684753,False
550,task_0551,3_051,3,474,task_0475,3_032,0.8367784023284912,False
550,task_0551,3_051,4,472,task_0473,3_032,0.829678475856781,False
550,task_0551,3_051,5,470,task_0471,3_031,0.8222918510437012,False
550,task_0551,3_051,6,376,task_0377,3_008,0.7928113341331482,False
550,task_0551,3_051,7,378,task_0379,3_008,0.7446731328964233,False
550,task_0551,3_051,8,498,task_0499,3_038,0.7332706451416016,False
550,task_0551,3_051,9,450,task_0451,3_026,0.7285690307617188,False
550,task_0551,3_051,10,51,task_0052,1_013,0.7272965312004089,False
551,task_0552,3_051,1,350,task_0351,3_001,0.8653155565261841,False
551,task_0552,3_051,2,547,task_0548,3_050,0.8627762794494629,False
551,task_0552,3_051,3,503,task_0504,3_039,0.8557708859443665,False
551,task_0552,3_051,4,505,task_0506,3_040,0.8551485538482666,False
551,task_0552,3_051,5,557,task_0558,3_053,0.8423435688018799,False
551,task_0552,3_051,6,456,task_0457,3_028,0.8418661952018738,False
551,task_0552,3_051,7,561,task_0562,3_054,0.8332392573356628,False
551,task_0552,3_051,8,384,task_0385,3_010,0.8191097974777222,False
551,task_0552,3_051,9,462,task_0463,3_029,0.8160930275917053,False
551,task_0552,3_051,10,348,task_0349,3_001,0.8008912801742554,False
552,task_0553,3_052,1,553,task_0554,3_052,0.9754633903503418,True
552,task_0553,3_052,2,555,task_0556,3_052,0.9133890867233276,True
552,task_0553,3_052,3,546,task_0547,3_050,0.897957980632782,False
552,task_0553,3_052,4,542,task_0543,3_049,0.8741621375083923,False
552,task_0553,3_052,5,540,task_0541,3_049,0.8449223637580872,False
552,task_0553,3_052,6,544,task_0545,3_050,0.8227611184120178,False
552,task_0553,3_052,7,517,task_0518,3_043,0.8200106620788574,False
552,task_0553,3_052,8,518,task_0519,3_043,0.8094766139984131,False
552,task_0553,3_052,9,554,task_0555,3_052,0.8035174012184143,True
552,task_0553,3_052,10,524,task_0525,3_045,0.8013134598731995,False
553,task_0554,3_052,1,552,task_0553,3_052,0.9754633903503418,True
553,task_0554,3_052,2,555,task_0556,3_052,0.9512552618980408,True
553,task_0554,3_052,3,546,task_0547,3_050,0.8979377150535583,False
553,task_0554,3_052,4,542,task_0543,3_049,0.8696354627609253,False
553,task_0554,3_052,5,540,task_0541,3_049,0.8515278100967407,False
553,task_0554,3_052,6,544,task_0545,3_050,0.8285840749740601,False
553,task_0554,3_052,7,517,task_0518,3_043,0.8214271664619446,False
553,task_0554,3_052,8,554,task_0555,3_052,0.8208781480789185,True
553,task_0554,3_052,9,518,task_0519,3_043,0.8107606172561646,False
553,task_0554,3_052,10,402,task_0403,3_014,0.810412585735321,False
554,task_0555,3_052,1,555,task_0556,3_052,0.8680164813995361,True
554,task_0555,3_052,2,557,task_0558,3_053,0.83795565366745,False
554,task_0555,3_052,3,553,task_0554,3_052,0.8208781480789185,True
554,task_0555,3_052,4,561,task_0562,3_054,0.8052475452423096,False
554,task_0555,3_052,5,552,task_0553,3_052,0.8035174012184143,True
554,task_0555,3_052,6,466,task_0467,3_030,0.7862758636474609,False
554,task_0555,3_052,7,546,task_0547,3_050,0.7754267454147339,False
554,task_0555,3_052,8,544,task_0545,3_050,0.7745643258094788,False
554,task_0555,3_052,9,515,task_0516,3_042,0.7698504328727722,False
554,task_0555,3_052,10,551,task_0552,3_051,0.7690391540527344,False
555,task_0556,3_052,1,553,task_0554,3_052,0.9512552618980408,True
555,task_0556,3_052,2,552,task_0553,3_052,0.9133890867233276,True
555,task_0556,3_052,3,546,task_0547,3_050,0.8725695610046387,False
555,task_0556,3_052,4,554,task_0555,3_052,0.8680164813995361,True
555,task_0556,3_052,5,542,task_0543,3_049,0.8444064855575562,False
555,task_0556,3_052,6,540,task_0541,3_049,0.8337079286575317,False
555,task_0556,3_052,7,544,task_0545,3_050,0.8121625781059265,False
555,task_0556,3_052,8,517,task_0518,3_043,0.8058784008026123,False
555,task_0556,3_052,9,402,task_0403,3_014,0.8009354472160339,False
555,task_0556,3_052,10,524,task_0525,3_045,0.7948415875434875,False
556,task_0557,3_053,1,560,task_0561,3_054,0.9439549446105957,False
556,task_0557,3_053,2,562,task_0563,3_054,0.873650848865509,False
556,task_0557,3_053,3,558,task_0559,3_053,0.8724950551986694,True
556,task_0557,3_053,4,537,task_0538,3_048,0.830446720123291,False
556,task_0557,3_053,5,527,task_0528,3_045,0.8286095857620239,False
556,task_0557,3_053,6,529,task_0530,3_046,0.8277273178100586,False
556,task_0557,3_053,7,538,task_0539,3_048,0.8189038634300232,False
556,task_0557,3_053,8,455,task_0456,3_028,0.8096957802772522,False
556,task_0557,3_053,9,536,task_0537,3_048,0.8086566925048828,False
556,task_0557,3_053,10,533,task_0534,3_047,0.807181179523468,False
557,task_0558,3_053,1,561,task_0562,3_054,0.9408398866653442,False
557,task_0558,3_053,2,466,task_0467,3_030,0.900320827960968,False
557,task_0558,3_053,3,384,task_0385,3_010,0.8554952144622803,False
557,task_0558,3_053,4,551,task_0552,3_051,0.8423435688018799,False
557,task_0558,3_053,5,554,task_0555,3_052,0.83795565366745,False
557,task_0558,3_053,6,559,task_0560,3_053,0.8288079500198364,True
557,task_0558,3_053,7,350,task_0351,3_001,0.8253050446510315,False
557,task_0558,3_053,8,547,task_0548,3_050,0.8119803667068481,False
557,task_0558,3_053,9,503,task_0504,3_039,0.8099460005760193,False
557,task_0558,3_053,10,505,task_0506,3_040,0.8070914149284363,False
558,task_0559,3_053,1,562,task_0563,3_054,0.9843796491622925,False
558,task_0559,3_053,2,560,task_0561,3_054,0.8788002729415894,False
558,task_0559,3_053,3,556,task_0557,3_053,0.8724950551986694,True
558,task_0559,3_053,4,487,task_0488,1_048,0.8414202332496643,False
558,task_0559,3_053,5,544,task_0545,3_050,0.8335098028182983,False
558,task_0559,3_053,6,542,task_0543,3_049,0.8276994824409485,False
558,task_0559,3_053,7,457,task_0458,3_028,0.8253917694091797,False
558,task_0559,3_053,8,455,task_0456,3_028,0.8217847347259521,False
558,task_0559,3_053,9,546,task_0547,3_050,0.8215994834899902,False
558,task_0559,3_053,10,461,task_0462,3_029,0.8081212639808655,False
559,task_0560,3_053,1,563,task_0564,3_054,0.9662086963653564,False
559,task_0560,3_053,2,522,task_0523,3_044,0.922726035118103,False
559,task_0560,3_053,3,526,task_0527,3_045,0.9202990531921387,False
559,task_0560,3_053,4,464,task_0465,3_030,0.9002419114112854,False
559,task_0560,3_053,5,371,task_0372,3_007,0.8744338750839233,False
559,task_0560,3_053,6,458,task_0459,3_028,0.8732175230979919,False
559,task_0560,3_053,7,453,task_0454,3_027,0.8728442192077637,False
559,task_0560,3_053,8,373,task_0374,3_007,0.8712450265884399,False
559,task_0560,3_053,9,407,task_0408,3_016,0.8686551451683044,False
559,task_0560,3_053,10,451,task_0452,3_027,0.868490993976593,False
560,task_0561,3_054,1,556,task_0557,3_053,0.9439549446105957,False
560,task_0561,3_054,2,562,task_0563,3_054,0.8925364017486572,True
560,task_0561,3_054,3,558,task_0559,3_053,0.8788002729415894,False
560,task_0561,3_054,4,527,task_0528,3_045,0.8616120219230652,False
560,task_0561,3_054,5,536,task_0537,3_048,0.8498072028160095,False
560,task_0561,3_054,6,529,task_0530,3_046,0.8496994972229004,False
560,task_0561,3_054,7,533,task_0534,3_047,0.8488441109657288,False
560,task_0561,3_054,8,538,task_0539,3_048,0.8470572829246521,False
560,task_0561,3_054,9,415,task_0416,3_018,0.8409762978553772,False
560,task_0561,3_054,10,463,task_0464,3_030,0.8346489071846008,False
561,task_0562,3_054,1,557,task_0558,3_053,0.9408398866653442,False
561,task_0562,3_054,2,466,task_0467,3_030,0.9256204962730408,False
561,task_0562,3_054,3,384,task_0385,3_010,0.8691835999488831,False
561,task_0562,3_054,4,559,task_0560,3_053,0.8440132141113281,False
561,task_0562,3_054,5,350,task_0351,3_001,0.8366219401359558,False
561,task_0562,3_054,6,551,task_0552,3_051,0.8332392573356628,False
561,task_0562,3_054,7,547,task_0548,3_050,0.824095606803894,False
561,task_0562,3_054,8,563,task_0564,3_054,0.8135812282562256,True
561,task_0562,3_054,9,503,task_0504,3_039,0.8132501840591431,False
561,task_0562,3_054,10,505,task_0506,3_040,0.8110014200210571,False
562,task_0563,3_054,1,558,task_0559,3_053,0.9843796491622925,False
562,task_0563,3_054,2,560,task_0561,3_054,0.8925364017486572,True
562,task_0563,3_054,3,556,task_0557,3_053,0.873650848865509,False
562,task_0563,3_054,4,487,task_0488,1_048,0.8322510719299316,False
562,task_0563,3_054,5,457,task_0458,3_028,0.824929416179657,False
562,task_0563,3_054,6,544,task_0545,3_050,0.8241585493087769,False
562,task_0563,3_054,7,542,task_0543,3_049,0.8203322291374207,False
562,task_0563,3_054,8,455,task_0456,3_028,0.8202776908874512,False
562,task_0563,3_054,9,546,task_0547,3_050,0.8160912990570068,False
562,task_0563,3_054,10,461,task_0462,3_029,0.8072140216827393,False
563,task_0564,3_054,1,559,task_0560,3_053,0.9662086963653564,False
563,task_0564,3_054,2,464,task_0465,3_030,0.9214593172073364,False
563,task_0564,3_054,3,522,task_0523,3_044,0.9089269638061523,False
563,task_0564,3_054,4,526,task_0527,3_045,0.9048500061035156,False
563,task_0564,3_054,5,485,task_0486,3_035,0.8773966431617737,False
563,task_0564,3_054,6,483,task_0484,3_035,0.8686779141426086,False
563,task_0564,3_054,7,460,task_0461,3_029,0.8628142476081848,False
563,task_0564,3_054,8,371,task_0372,3_007,0.8618981838226318,False
563,task_0564,3_054,9,373,task_0374,3_007,0.8613603711128235,False
563,task_0564,3_054,10,484,task_0485,3_035,0.8611345887184143,False
564,task_0565,4_001,1,566,task_0567,4_001,0.8910714387893677,True
564,task_0565,4_001,2,236,task_0237,2_013,0.6653065085411072,False
564,task_0565,4_001,3,238,task_0239,2_013,0.6344682574272156,False
564,task_0565,4_001,4,227,task_0228,2_010,0.6337981224060059,False
564,task_0565,4_001,5,248,task_0249,2_016,0.6282145380973816,False
564,task_0565,4_001,6,280,task_0281,2_024,0.6262655258178711,False
564,task_0565,4_001,7,294,task_0295,2_027,0.6242182850837708,False
564,task_0565,4_001,8,216,task_0217,2_008,0.6205005645751953,False
564,task_0565,4_001,9,197,task_0198,2_003,0.6187193393707275,False
564,task_0565,4_001,10,295,task_0296,2_027,0.6183358430862427,False
565,task_0566,4_001,1,567,task_0568,4_001,0.9124209880828857,True
565,task_0566,4_001,2,607,task_0608,4_011,0.6295731067657471,False
565,task_0566,4_001,3,696,task_0697,4_034,0.6248458623886108,False
565,task_0566,4_001,4,636,task_0637,4_019,0.6215840578079224,False
565,task_0566,4_001,5,637,task_0638,4_019,0.6082273721694946,False
565,task_0566,4_001,6,605,task_0606,4_011,0.6069298386573792,False
565,task_0566,4_001,7,575,task_0576,4_003,0.6043218970298767,False
565,task_0566,4_001,8,604,task_0605,4_011,0.6025288105010986,False
565,task_0566,4_001,9,588,task_0589,4_007,0.6009917259216309,False
565,task_0566,4_001,10,698,task_0699,4_034,0.5996732711791992,False
566,task_0567,4_001,1,564,task_0565,4_001,0.8910714387893677,True
566,task_0567,4_001,2,615,task_0616,4_013,0.6132363677024841,False
566,task_0567,4_001,3,283,task_0284,2_024,0.6075270771980286,False
566,task_0567,4_001,4,280,task_0281,2_024,0.6061395406723022,False
566,task_0567,4_001,5,605,task_0606,4_011,0.598753809928894,False
566,task_0567,4_001,6,236,task_0237,2_013,0.5986307263374329,False
566,task_0567,4_001,7,633,task_0634,4_018,0.5973182916641235,False
566,task_0567,4_001,8,653,task_0654,4_023,0.5949936509132385,False
566,task_0567,4_001,9,635,task_0636,4_018,0.5927579998970032,False
566,task_0567,4_001,10,589,task_0590,4_007,0.5919924974441528,False
567,task_0568,4_001,1,565,task_0566,4_001,0.9124209880828857,True
567,task_0568,4_001,2,590,task_0591,4_007,0.6645811200141907,False
567,task_0568,4_001,3,635,task_0636,4_018,0.6440498232841492,False
567,task_0568,4_001,4,646,task_0647,4_021,0.6418015956878662,False
567,task_0568,4_001,5,633,task_0634,4_018,0.6387078762054443,False
567,task_0568,4_001,6,707,task_0708,4_036,0.6352269053459167,False
567,task_0568,4_001,7,634,task_0635,4_018,0.6342177987098694,False
567,task_0568,4_001,8,637,task_0638,4_019,0.6338831782341003,False
567,task_0568,4_001,9,589,task_0590,4_007,0.6280224323272705,False
567,task_0568,4_001,10,696,task_0697,4_034,0.6243230700492859,False
568,task_0569,4_002,1,610,task_0611,4_012,0.8445242047309875,False
568,task_0569,4_002,2,569,task_0570,4_002,0.8391780853271484,True
568,task_0569,4_002,3,571,task_0572,4_002,0.822141170501709,True
568,task_0569,4_002,4,611,task_0612,4_012,0.8105551600456238,False
568,task_0569,4_002,5,586,task_0587,4_006,0.7944923043251038,False
568,task_0569,4_002,6,608,task_0609,4_012,0.7837689518928528,False
568,task_0569,4_002,7,573,task_0574,4_003,0.7781210541725159,False
568,task_0569,4_002,8,685,task_0686,4_031,0.7779199481010437,False
568,task_0569,4_002,9,682,task_0683,4_030,0.7738434076309204,False
568,task_0569,4_002,10,584,task_0585,4_006,0.7721585631370544,False
569,task_0570,4_002,1,608,task_0609,4_012,0.8854822516441345,False
569,task_0570,4_002,2,568,task_0569,4_002,0.8391780853271484,True
569,task_0570,4_002,3,676,task_0677,4_029,0.8188594579696655,False
569,task_0570,4_002,4,609,task_0610,4_012,0.8180803656578064,False
569,task_0570,4_002,5,611,task_0612,4_012,0.8098121881484985,False
569,task_0570,4_002,6,586,task_0587,4_006,0.7927699685096741,False
569,task_0570,4_002,7,666,task_0667,4_026,0.7913947105407715,False
569,task_0570,4_002,8,571,task_0572,4_002,0.7848200798034668,True
569,task_0570,4_002,9,685,task_0686,4_031,0.7842804789543152,False
569,task_0570,4_002,10,610,task_0611,4_012,0.7841517329216003,False
570,task_0571,4_002,1,666,task_0667,4_026,0.7402825951576233,False
570,task_0571,4_002,2,611,task_0612,4_012,0.7355753183364868,False
570,task_0571,4_002,3,569,task_0570,4_002,0.7216591835021973,True
570,task_0571,4_002,4,575,task_0576,4_003,0.7180176377296448,False
570,task_0571,4_002,5,574,task_0575,4_003,0.7156462073326111,False
570,task_0571,4_002,6,610,task_0611,4_012,0.7020706534385681,False
570,task_0571,4_002,7,573,task_0574,4_003,0.694549560546875,False
570,task_0571,4_002,8,617,task_0618,4_014,0.6925010681152344,False
570,task_0571,4_002,9,718,task_0719,4_039,0.6898902654647827,False
570,task_0571,4_002,10,619,task_0620,4_014,0.6876871585845947,False
571,task_0572,4_002,1,568,task_0569,4_002,0.822141170501709,True
571,task_0572,4_002,2,678,task_0679,4_029,0.8074538111686707,False
571,task_0572,4_002,3,569,task_0570,4_002,0.7848200798034668,True
571,task_0572,4_002,4,611,task_0612,4_012,0.7795489430427551,False
571,task_0572,4_002,5,685,task_0686,4_031,0.771032452583313,False
571,task_0572,4_002,6,586,task_0587,4_006,0.7677359580993652,False
571,task_0572,4_002,7,684,task_0685,4_031,0.7613005638122559,False
571,task_0572,4_002,8,573,task_0574,4_003,0.7596327066421509,False
571,task_0572,4_002,9,572,task_0573,4_003,0.7549363374710083,False
571,task_0572,4_002,10,610,task_0611,4_012,0.7501884698867798,False
572,task_0573,4_003,1,573,task_0574,4_003,0.9712009429931641,True
572,task_0573,4_003,2,574,task_0575,4_003,0.9347662329673767,True
572,task_0573,4_003,3,575,task_0576,4_003,0.9326043725013733,True
572,task_0573,4_003,4,645,task_0646,4_021,0.8669425249099731,False
572,task_0573,4_003,5,623,task_0624,4_015,0.8579275012016296,False
572,task_0573,4_003,6,621,task_0622,4_015,0.8574526906013489,False
572,task_0573,4_003,7,622,task_0623,4_015,0.8469986915588379,False
572,task_0573,4_003,8,715,task_0716,4_038,0.8404401540756226,False
572,task_0573,4_003,9,713,task_0714,4_038,0.8403915166854858,False
572,task_0573,4_003,10,620,task_0621,4_015,0.8391527533531189,False
573,task_0574,4_003,1,572,task_0573,4_003,0.9712009429931641,True
573,task_0574,4_003,2,574,task_0575,4_003,0.9333940744400024,True
573,task_0574,4_003,3,575,task_0576,4_003,0.9324292540550232,True
573,task_0574,4_003,4,645,task_0646,4_021,0.8648079037666321,False
573,task_0574,4_003,5,623,task_0624,4_015,0.8609375357627869,False
573,task_0574,4_003,6,622,task_0623,4_015,0.8608213067054749,False
573,task_0574,4_003,7,621,task_0622,4_015,0.8576048612594604,False
573,task_0574,4_003,8,620,task_0621,4_015,0.8575180768966675,False
573,task_0574,4_003,9,715,task_0716,4_038,0.8487215042114258,False
573,task_0574,4_003,10,713,task_0714,4_038,0.8393188118934631,False
574,task_0575,4_003,1,575,task_0576,4_003,0.9719934463500977,True
574,task_0575,4_003,2,572,task_0573,4_003,0.9347662329673767,True
574,task_0575,4_003,3,573,task_0574,4_003,0.9333940744400024,True
574,task_0575,4_003,4,645,task_0646,4_021,0.8639015555381775,False
574,task_0575,4_003,5,715,task_0716,4_038,0.8380500078201294,False
574,task_0575,4_003,6,713,task_0714,4_038,0.8284390568733215,False
574,task_0575,4_003,7,622,task_0623,4_015,0.8264350891113281,False
574,task_0575,4_003,8,623,task_0624,4_015,0.8196708559989929,False
574,task_0575,4_003,9,621,task_0622,4_015,0.8181456923484802,False
574,task_0575,4_003,10,666,task_0667,4_026,0.8168660998344421,False
575,task_0576,4_003,1,574,task_0575,4_003,0.9719934463500977,True
575,task_0576,4_003,2,572,task_0573,4_003,0.9326043725013733,True
575,task_0576,4_003,3,573,task_0574,4_003,0.9324292540550232,True
575,task_0576,4_003,4,645,task_0646,4_021,0.857613742351532,False
575,task_0576,4_003,5,715,task_0716,4_038,0.8379212021827698,False
575,task_0576,4_003,6,622,task_0623,4_015,0.8284468054771423,False
575,task_0576,4_003,7,713,task_0714,4_038,0.8254604339599609,False
575,task_0576,4_003,8,647,task_0648,4_021,0.8173609972000122,False
575,task_0576,4_003,9,611,task_0612,4_012,0.8134872913360596,False
575,task_0576,4_003,10,620,task_0621,4_015,0.8107373714447021,False
576,task_0577,4_004,1,578,task_0579,4_004,0.9819661974906921,True
576,task_0577,4_004,2,577,task_0578,4_004,0.8760770559310913,True
576,task_0577,4_004,3,579,task_0580,4_004,0.8613744974136353,True
576,task_0577,4_004,4,599,task_0600,4_009,0.7594290375709534,False
576,task_0577,4_004,5,586,task_0587,4_006,0.6890194416046143,False
576,task_0577,4_004,6,645,task_0646,4_021,0.6804023385047913,False
576,task_0577,4_004,7,584,task_0585,4_006,0.671211302280426,False
576,task_0577,4_004,8,647,task_0648,4_021,0.6650893688201904,False
576,task_0577,4_004,9,575,task_0576,4_003,0.6579095721244812,False
576,task_0577,4_004,10,611,task_0612,4_012,0.6546670794487,False
577,task_0578,4_004,1,579,task_0580,4_004,0.9673241376876831,True
577,task_0578,4_004,2,578,task_0579,4_004,0.9038723707199097,True
577,task_0578,4_004,3,576,task_0577,4_004,0.8760770559310913,True
577,task_0578,4_004,4,599,task_0600,4_009,0.8015320301055908,False
577,task_0578,4_004,5,611,task_0612,4_012,0.7891533374786377,False
577,task_0578,4_004,6,586,task_0587,4_006,0.7890584468841553,False
577,task_0578,4_004,7,610,task_0611,4_012,0.7707364559173584,False
577,task_0578,4_004,8,573,task_0574,4_003,0.7688473463058472,False
577,task_0578,4_004,9,572,task_0573,4_003,0.763214647769928,False
577,task_0578,4_004,10,575,task_0576,4_003,0.7595536112785339,False
578,task_0579,4_004,1,576,task_0577,4_004,0.9819661974906921,True
578,task_0579,4_004,2,577,task_0578,4_004,0.9038723707199097,True
578,task_0579,4_004,3,579,task_0580,4_004,0.89447420835495,True
578,task_0579,4_004,4,599,task_0600,4_009,0.7935009002685547,False
578,task_0579,4_004,5,586,task_0587,4_006,0.7348213195800781,False
578,task_0579,4_004,6,584,task_0585,4_006,0.7218696475028992,False
578,task_0579,4_004,7,645,task_0646,4_021,0.721001148223877,False
578,task_0579,4_004,8,611,task_0612,4_012,0.7091297507286072,False
578,task_0579,4_004,9,608,task_0609,4_012,0.70863276720047,False
578,task_0579,4_004,10,575,task_0576,4_003,0.7055341005325317,False
579,task_0580,4_004,1,577,task_0578,4_004,0.9673241376876831,True
579,task_0580,4_004,2,578,task_0579,4_004,0.89447420835495,True
579,task_0580,4_004,3,576,task_0577,4_004,0.8613744974136353,True
579,task_0580,4_004,4,586,task_0587,4_006,0.7977335453033447,False
579,task_0580,4_004,5,599,task_0600,4_009,0.7930964231491089,False
579,task_0580,4_004,6,610,task_0611,4_012,0.7882739901542664,False
579,task_0580,4_004,7,611,task_0612,4_012,0.781943142414093,False
579,task_0580,4_004,8,584,task_0585,4_006,0.7639634609222412,False
579,task_0580,4_004,9,573,task_0574,4_003,0.7611801624298096,False
579,task_0580,4_004,10,572,task_0573,4_003,0.7541062831878662,False
580,task_0581,4_005,1,581,task_0582,4_005,0.9104092121124268,True
580,task_0581,4_005,2,583,task_0584,4_005,0.9013445973396301,True
580,task_0581,4_005,3,582,task_0583,4_005,0.775619626045227,True
580,task_0581,4_005,4,573,task_0574,4_003,0.7711517214775085,False
580,task_0581,4_005,5,575,task_0576,4_003,0.7698901295661926,False
580,task_0581,4_005,6,715,task_0716,4_038,0.7650063037872314,False
580,task_0581,4_005,7,572,task_0573,4_003,0.762840986251831,False
580,task_0581,4_005,8,713,task_0714,4_038,0.7518317103385925,False
580,task_0581,4_005,9,574,task_0575,4_003,0.7482552528381348,False
580,task_0581,4_005,10,619,task_0620,4_014,0.7459521293640137,False
581,task_0582,4_005,1,583,task_0584,4_005,0.986359715461731,True
581,task_0582,4_005,2,580,task_0581,4_005,0.9104092121124268,True
581,task_0582,4_005,3,573,task_0574,4_003,0.7839313745498657,False
581,task_0582,4_005,4,572,task_0573,4_003,0.7812650799751282,False
581,task_0582,4_005,5,575,task_0576,4_003,0.7812632918357849,False
581,task_0582,4_005,6,711,task_0712,4_037,0.7783993482589722,False
581,task_0582,4_005,7,574,task_0575,4_003,0.7705460786819458,False
581,task_0582,4_005,8,667,task_0668,4_026,0.7681211233139038,False
581,task_0582,4_005,9,646,task_0647,4_021,0.7611778974533081,False
581,task_0582,4_005,10,619,task_0620,4_014,0.7607795000076294,False
582,task_0583,4_005,1,580,task_0581,4_005,0.775619626045227,True
582,task_0583,4_005,2,718,task_0719,4_039,0.7225593328475952,False
582,task_0583,4_005,3,575,task_0576,4_003,0.7153581976890564,False
582,task_0583,4_005,4,610,task_0611,4_012,0.7062513828277588,False
582,task_0583,4_005,5,574,task_0575,4_003,0.7055080533027649,False
582,task_0583,4_005,6,646,task_0647,4_021,0.698660135269165,False
582,task_0583,4_005,7,573,task_0574,4_003,0.6982273459434509,False
582,task_0583,4_005,8,579,task_0580,4_004,0.6967405676841736,False
582,task_0583,4_005,9,666,task_0667,4_026,0.693438708782196,False
582,task_0583,4_005,10,572,task_0573,4_003,0.6903425455093384,False
583,task_0584,4_005,1,581,task_0582,4_005,0.986359715461731,True
583,task_0584,4_005,2,580,task_0581,4_005,0.9013445973396301,True
583,task_0584,4_005,3,575,task_0576,4_003,0.7880938649177551,False
583,task_0584,4_005,4,573,task_0574,4_003,0.7868769764900208,False
583,task_0584,4_005,5,572,task_0573,4_003,0.783022940158844,False
583,task_0584,4_005,6,711,task_0712,4_037,0.7827787399291992,False
583,task_0584,4_005,7,667,task_0668,4_026,0.7790623307228088,False
583,task_0584,4_005,8,574,task_0575,4_003,0.7779531478881836,False
583,task_0584,4_005,9,646,task_0647,4_021,0.7636348605155945,False
583,task_0584,4_005,10,619,task_0620,4_014,0.7606647610664368,False
584,task_0585,4_006,1,586,task_0587,4_006,0.9285707473754883,True
584,task_0585,4_006,2,685,task_0686,4_031,0.8593369126319885,False
584,task_0585,4_006,3,611,task_0612,4_012,0.8579707145690918,False
584,task_0585,4_006,4,667,task_0668,4_026,0.8459555506706238,False
584,task_0585,4_006,5,684,task_0685,4_031,0.8429387211799622,False
584,task_0585,4_006,6,716,task_0717,4_039,0.8398218750953674,False
584,task_0585,4_006,7,717,task_0718,4_039,0.8319700956344604,False
584,task_0585,4_006,8,719,task_0720,4_039,0.8307945132255554,False
584,task_0585,4_006,9,692,task_0693,4_033,0.8302401900291443,False
584,task_0585,4_006,10,675,task_0676,4_028,0.8275859951972961,False
585,task_0586,4_006,1,587,task_0588,4_006,0.9413187503814697,True
585,task_0586,4_006,2,584,task_0585,4_006,0.7686359882354736,True
585,task_0586,4_006,3,586,task_0587,4_006,0.7666122317314148,True
585,task_0586,4_006,4,573,task_0574,4_003,0.7502208948135376,False
585,task_0586,4_006,5,611,task_0612,4_012,0.7431384921073914,False
585,task_0586,4_006,6,572,task_0573,4_003,0.7395665049552917,False
585,task_0586,4_006,7,685,task_0686,4_031,0.738797128200531,False
585,task_0586,4_006,8,645,task_0646,4_021,0.7365614771842957,False
585,task_0586,4_006,9,684,task_0685,4_031,0.7303362488746643,False
585,task_0586,4_006,10,619,task_0620,4_014,0.7280580997467041,False
586,task_0587,4_006,1,584,task_0585,4_006,0.9285707473754883,True
586,task_0587,4_006,2,611,task_0612,4_012,0.8628219962120056,False
586,task_0587,4_006,3,685,task_0686,4_031,0.8529383540153503,False
586,task_0587,4_006,4,645,task_0646,4_021,0.8430426120758057,False
586,task_0587,4_006,5,667,task_0668,4_026,0.8386797904968262,False
586,task_0587,4_006,6,623,task_0624,4_015,0.8286516666412354,False
586,task_0587,4_006,7,692,task_0693,4_033,0.8280031681060791,False
586,task_0587,4_006,8,678,task_0679,4_029,0.8276270627975464,False
586,task_0587,4_006,9,684,task_0685,4_031,0.8261110186576843,False
586,task_0587,4_006,10,610,task_0611,4_012,0.8259119391441345,False
587,task_0588,4_006,1,585,task_0586,4_006,0.9413187503814697,True
587,task_0588,4_006,2,586,task_0587,4_006,0.7405943870544434,True
587,task_0588,4_006,3,584,task_0585,4_006,0.7326322197914124,True
587,task_0588,4_006,4,611,task_0612,4_012,0.7201321721076965,False
587,task_0588,4_006,5,645,task_0646,4_021,0.7164953351020813,False
587,task_0588,4_006,6,568,task_0569,4_002,0.7092725038528442,False
587,task_0588,4_006,7,685,task_0686,4_031,0.7089465856552124,False
587,task_0588,4_006,8,684,task_0685,4_031,0.7031282186508179,False
587,task_0588,4_006,9,573,task_0574,4_003,0.7026975750923157,False
587,task_0588,4_006,10,687,task_0688,4_031,0.6995124220848083,False
588,task_0589,4_007,1,590,task_0591,4_007,0.8493091464042664,True
588,task_0589,4_007,2,591,task_0592,4_007,0.8185545206069946,True
588,task_0589,4_007,3,589,task_0590,4_007,0.8181045055389404,True
588,task_0589,4_007,4,711,task_0712,4_037,0.773207426071167,False
588,task_0589,4_007,5,709,task_0710,4_037,0.763308048248291,False
588,task_0589,4_007,6,708,task_0709,4_037,0.7611318230628967,False
588,task_0589,4_007,7,706,task_0707,4_036,0.7588335275650024,False
588,task_0589,4_007,8,705,task_0706,4_036,0.7579715251922607,False
588,task_0589,4_007,9,710,task_0711,4_037,0.7508400678634644,False
588,task_0589,4_007,10,713,task_0714,4_038,0.7496452927589417,False
589,task_0590,4_007,1,591,task_0592,4_007,0.96266108751297,True
589,task_0590,4_007,2,590,task_0591,4_007,0.8453860282897949,True
589,task_0590,4_007,3,588,task_0589,4_007,0.8181045055389404,True
589,task_0590,4_007,4,705,task_0706,4_036,0.8034392595291138,False
589,task_0590,4_007,5,706,task_0707,4_036,0.772210419178009,False
589,task_0590,4_007,6,707,task_0708,4_036,0.7596677541732788,False
589,task_0590,4_007,7,704,task_0705,4_036,0.757378101348877,False
589,task_0590,4_007,8,635,task_0636,4_018,0.7280013561248779,False
589,task_0590,4_007,9,668,task_0669,4_027,0.7234432697296143,False
589,task_0590,4_007,10,634,task_0635,4_018,0.7203869223594666,False
590,task_0591,4_007,1,591,task_0592,4_007,0.8786200284957886,True
590,task_0591,4_007,2,588,task_0589,4_007,0.8493091464042664,True
590,task_0591,4_007,3,589,task_0590,4_007,0.8453860282897949,True
590,task_0591,4_007,4,705,task_0706,4_036,0.803149402141571,False
590,task_0591,4_007,5,707,task_0708,4_036,0.7920350432395935,False
590,task_0591,4_007,6,706,task_0707,4_036,0.7551017999649048,False
590,task_0591,4_007,7,635,task_0636,4_018,0.7546069622039795,False
590,task_0591,4_007,8,711,task_0712,4_037,0.7506719827651978,False
590,task_0591,4_007,9,641,task_0642,4_020,0.7429102063179016,False
590,task_0591,4_007,10,634,task_0635,4_018,0.7379156351089478,False
591,task_0592,4_007,1,589,task_0590,4_007,0.96266108751297,True
591,task_0592,4_007,2,590,task_0591,4_007,0.8786200284957886,True
591,task_0592,4_007,3,588,task_0589,4_007,0.8185545206069946,True
591,task_0592,4_007,4,705,task_0706,4_036,0.8049904704093933,False
591,task_0592,4_007,5,706,task_0707,4_036,0.766855776309967,False
591,task_0592,4_007,6,704,task_0705,4_036,0.7602183222770691,False
591,task_0592,4_007,7,707,task_0708,4_036,0.758518397808075,False
591,task_0592,4_007,8,616,task_0617,4_014,0.7253242135047913,False
591,task_0592,4_007,9,635,task_0636,4_018,0.723514974117279,False
591,task_0592,4_007,10,634,task_0635,4_018,0.7121671438217163,False
592,task_0593,4_008,1,594,task_0595,4_008,0.9652583599090576,True
592,task_0593,4_008,2,573,task_0574,4_003,0.8358149528503418,False
592,task_0593,4_008,3,572,task_0573,4_003,0.8294238448143005,False
592,task_0593,4_008,4,621,task_0622,4_015,0.8252948522567749,False
592,task_0593,4_008,5,623,task_0624,4_015,0.8252080678939819,False
592,task_0593,4_008,6,574,task_0575,4_003,0.8150946497917175,False
592,task_0593,4_008,7,622,task_0623,4_015,0.8066080808639526,False
592,task_0593,4_008,8,575,task_0576,4_003,0.8027021288871765,False
592,task_0593,4_008,9,632,task_0633,4_018,0.8017444610595703,False
592,task_0593,4_008,10,620,task_0621,4_015,0.7935923933982849,False
593,task_0594,4_008,1,595,task_0596,4_008,0.9916428923606873,True
593,task_0594,4_008,2,606,task_0607,4_011,0.8031693696975708,False
593,task_0594,4_008,3,669,task_0670,4_027,0.7673615217208862,False
593,task_0594,4_008,4,671,task_0672,4_027,0.766349732875824,False
593,task_0594,4_008,5,646,task_0647,4_021,0.762515664100647,False
593,task_0594,4_008,6,604,task_0605,4_011,0.7604457139968872,False
593,task_0594,4_008,7,662,task_0663,4_025,0.7596511840820312,False
593,task_0594,4_008,8,670,task_0671,4_027,0.7458006143569946,False
593,task_0594,4_008,9,636,task_0637,4_019,0.7423516511917114,False
593,task_0594,4_008,10,660,task_0661,4_025,0.7401922941207886,False
594,task_0595,4_008,1,592,task_0593,4_008,0.9652583599090576,True
594,task_0595,4_008,2,573,task_0574,4_003,0.8333727717399597,False
594,task_0595,4_008,3,572,task_0573,4_003,0.8169260621070862,False
594,task_0595,4_008,4,574,task_0575,4_003,0.7944717407226562,False
594,task_0595,4_008,5,623,task_0624,4_015,0.7933676838874817,False
594,task_0595,4_008,6,617,task_0618,4_014,0.7926974296569824,False
594,task_0595,4_008,7,575,task_0576,4_003,0.7921624183654785,False
594,task_0595,4_008,8,621,task_0622,4_015,0.7918050289154053,False
594,task_0595,4_008,9,632,task_0633,4_018,0.7917513251304626,False
594,task_0595,4_008,10,667,task_0668,4_026,0.790371835231781,False
595,task_0596,4_008,1,593,task_0594,4_008,0.9916428923606873,True
595,task_0596,4_008,2,606,task_0607,4_011,0.8027219772338867,False
595,task_0596,4_008,3,669,task_0670,4_027,0.766712486743927,False
595,task_0596,4_008,4,671,task_0672,4_027,0.765895426273346,False
595,task_0596,4_008,5,646,task_0647,4_021,0.7624562382698059,False
595,task_0596,4_008,6,662,task_0663,4_025,0.7595308423042297,False
595,task_0596,4_008,7,604,task_0605,4_011,0.7587653398513794,False
595,task_0596,4_008,8,670,task_0671,4_027,0.7476803660392761,False
595,task_0596,4_008,9,660,task_0661,4_025,0.7427869439125061,False
595,task_0596,4_008,10,636,task_0637,4_019,0.740390419960022,False
596,task_0597,4_009,1,598,task_0599,4_009,0.9136935472488403,True
596,task_0597,4_009,2,658,task_0659,4_024,0.6472468376159668,False
596,task_0597,4_009,3,656,task_0657,4_024,0.64401775598526,False
596,task_0597,4_009,4,586,task_0587,4_006,0.6363102197647095,False
596,task_0597,4_009,5,611,task_0612,4_012,0.6362261772155762,False
596,task_0597,4_009,6,569,task_0570,4_002,0.6267585158348083,False
596,task_0597,4_009,7,584,task_0585,4_006,0.6262221336364746,False
596,task_0597,4_009,8,719,task_0720,4_039,0.6150210499763489,False
596,task_0597,4_009,9,608,task_0609,4_012,0.6141490936279297,False
596,task_0597,4_009,10,716,task_0717,4_039,0.6106221675872803,False
597,task_0598,4_009,1,599,task_0600,4_009,0.7783859968185425,True
597,task_0598,4_009,2,586,task_0587,4_006,0.6799601316452026,False
597,task_0598,4_009,3,584,task_0585,4_006,0.6779041886329651,False
597,task_0598,4_009,4,578,task_0579,4_004,0.6590149402618408,False
597,task_0598,4_009,5,645,task_0646,4_021,0.6506445407867432,False
597,task_0598,4_009,6,621,task_0622,4_015,0.6506136059761047,False
597,task_0598,4_009,7,576,task_0577,4_004,0.6468590497970581,False
597,task_0598,4_009,8,623,task_0624,4_015,0.6465234756469727,False
597,task_0598,4_009,9,678,task_0679,4_029,0.6436063051223755,False
597,task_0598,4_009,10,572,task_0573,4_003,0.6432830691337585,False
598,task_0599,4_009,1,596,task_0597,4_009,0.9136935472488403,True
598,task_0599,4_009,2,584,task_0585,4_006,0.686387836933136,False
598,task_0599,4_009,3,586,task_0587,4_006,0.6809542179107666,False
598,task_0599,4_009,4,656,task_0657,4_024,0.6795284152030945,False
598,task_0599,4_009,5,658,task_0659,4_024,0.6791015863418579,False
598,task_0599,4_009,6,611,task_0612,4_012,0.674710214138031,False
598,task_0599,4_009,7,608,task_0609,4_012,0.6733519434928894,False
598,task_0599,4_009,8,599,task_0600,4_009,0.6628760099411011,True
598,task_0599,4_009,9,569,task_0570,4_002,0.6559306979179382,False
598,task_0599,4_009,10,644,task_0645,4_021,0.6465985774993896,False
599,task_0600,4_009,1,586,task_0587,4_006,0.8078063726425171,False
599,task_0600,4_009,2,608,task_0609,4_012,0.8054552674293518,False
599,task_0600,4_009,3,577,task_0578,4_004,0.8015320301055908,False
599,task_0600,4_009,4,578,task_0579,4_004,0.7935009002685547,False
599,task_0600,4_009,5,645,task_0646,4_021,0.7934725284576416,False
599,task_0600,4_009,6,579,task_0580,4_004,0.7930964231491089,False
599,task_0600,4_009,7,584,task_0585,4_006,0.7922019958496094,False
599,task_0600,4_009,8,611,task_0612,4_012,0.7855829000473022,False
599,task_0600,4_009,9,685,task_0686,4_031,0.7850190997123718,False
599,task_0600,4_009,10,597,task_0598,4_009,0.7783859968185425,True
600,task_0601,4_010,1,602,task_0603,4_010,0.8264181613922119,True
600,task_0601,4_010,2,636,task_0637,4_019,0.7205072045326233,False
600,task_0601,4_010,3,604,task_0605,4_011,0.6843909025192261,False
600,task_0601,4_010,4,601,task_0602,4_010,0.6696065664291382,True
600,task_0601,4_010,5,701,task_0702,4_035,0.6678195595741272,False
600,task_0601,4_010,6,700,task_0701,4_035,0.6558358073234558,False
600,task_0601,4_010,7,605,task_0606,4_011,0.6500864624977112,False
600,task_0601,4_010,8,592,task_0593,4_008,0.6471936106681824,False
600,task_0601,4_010,9,267,task_0268,2_020,0.6465387940406799,False
600,task_0601,4_010,10,703,task_0704,4_035,0.6454882025718689,False
601,task_0602,4_010,1,602,task_0603,4_010,0.7444765567779541,True
601,task_0602,4_010,2,655,task_0656,4_023,0.6889753937721252,False
601,task_0602,4_010,3,600,task_0601,4_010,0.6696065664291382,True
601,task_0602,4_010,4,701,task_0702,4_035,0.6436688303947449,False
601,task_0602,4_010,5,700,task_0701,4_035,0.6323050856590271,False
601,task_0602,4_010,6,605,task_0606,4_011,0.6297632455825806,False
601,task_0602,4_010,7,625,task_0626,4_016,0.628081738948822,False
601,task_0602,4_010,8,202,task_0203,2_004,0.6276317238807678,False
601,task_0602,4_010,9,338,task_0339,2_038,0.6240301728248596,False
601,task_0602,4_010,10,626,task_0627,4_016,0.6157856583595276,False
602,task_0603,4_010,1,600,task_0601,4_010,0.8264181613922119,True
602,task_0603,4_010,2,601,task_0602,4_010,0.7444765567779541,True
602,task_0603,4_010,3,636,task_0637,4_019,0.68167644739151,False
602,task_0603,4_010,4,605,task_0606,4_011,0.6505722403526306,False
602,task_0603,4_010,5,592,task_0593,4_008,0.6491770148277283,False
602,task_0603,4_010,6,701,task_0702,4_035,0.6471216678619385,False
602,task_0603,4_010,7,700,task_0701,4_035,0.6402467489242554,False
602,task_0603,4_010,8,594,task_0595,4_008,0.6353949308395386,False
602,task_0603,4_010,9,604,task_0605,4_011,0.621903121471405,False
602,task_0603,4_010,10,669,task_0670,4_027,0.6170931458473206,False
603,task_0604,4_010,1,99,task_0100,1_025,0.7106223106384277,False
603,task_0604,4_010,2,80,task_0081,1_021,0.7031760215759277,False
603,task_0604,4_010,3,78,task_0079,1_020,0.6965281963348389,False
603,task_0604,4_010,4,82,task_0083,1_021,0.6829394698143005,False
603,task_0604,4_010,5,661,task_0662,4_025,0.6802942752838135,False
603,task_0604,4_010,6,230,task_0231,2_011,0.6751024127006531,False
603,task_0604,4_010,7,154,task_0155,1_039,0.6732288002967834,False
603,task_0604,4_010,8,76,task_0077,1_020,0.6685469746589661,False
603,task_0604,4_010,9,653,task_0654,4_023,0.6664170026779175,False
603,task_0604,4_010,10,152,task_0153,1_039,0.6661096811294556,False
604,task_0605,4_011,1,605,task_0606,4_011,0.8601878881454468,True
604,task_0605,4_011,2,607,task_0608,4_011,0.8246400356292725,True
604,task_0605,4_011,3,606,task_0607,4_011,0.7886193990707397,True
604,task_0605,4_011,4,575,task_0576,4_003,0.7643919587135315,False
604,task_0605,4_011,5,713,task_0714,4_038,0.7639794945716858,False
604,task_0605,4_011,6,574,task_0575,4_003,0.7633371949195862,False
604,task_0605,4_011,7,593,task_0594,4_008,0.7604457139968872,False
604,task_0605,4_011,8,595,task_0596,4_008,0.7587653398513794,False
604,task_0605,4_011,9,670,task_0671,4_027,0.7575376033782959,False
604,task_0605,4_011,10,645,task_0646,4_021,0.7550512552261353,False
605,task_0606,4_011,1,604,task_0605,4_011,0.8601878881454468,True
605,task_0606,4_011,2,607,task_0608,4_011,0.8209609985351562,True
605,task_0606,4_011,3,606,task_0607,4_011,0.7537878751754761,True
605,task_0606,4_011,4,670,task_0671,4_027,0.7435087561607361,False
605,task_0606,4_011,5,669,task_0670,4_027,0.7338696718215942,False
605,task_0606,4_011,6,671,task_0672,4_027,0.7242054343223572,False
605,task_0606,4_011,7,595,task_0596,4_008,0.7196885943412781,False
605,task_0606,4_011,8,593,task_0594,4_008,0.7191250920295715,False
605,task_0606,4_011,9,668,task_0669,4_027,0.6997776627540588,False
605,task_0606,4_011,10,698,task_0699,4_034,0.6939042210578918,False
606,task_0607,4_011,1,607,task_0608,4_011,0.8403232097625732,True
606,task_0607,4_011,2,593,task_0594,4_008,0.8031693696975708,False
606,task_0607,4_011,3,595,task_0596,4_008,0.8027219772338867,False
606,task_0607,4_011,4,604,task_0605,4_011,0.7886193990707397,True
606,task_0607,4_011,5,605,task_0606,4_011,0.7537878751754761,True
606,task_0607,4_011,6,671,task_0672,4_027,0.7271695137023926,False
606,task_0607,4_011,7,669,task_0670,4_027,0.7264965176582336,False
606,task_0607,4_011,8,713,task_0714,4_038,0.7140901684761047,False
606,task_0607,4_011,9,575,task_0576,4_003,0.7089667916297913,False
606,task_0607,4_011,10,574,task_0575,4_003,0.7007723450660706,False
607,task_0608,4_011,1,606,task_0607,4_011,0.8403232097625732,True
607,task_0608,4_011,2,604,task_0605,4_011,0.8246400356292725,True
607,task_0608,4_011,3,605,task_0606,4_011,0.8209609985351562,True
607,task_0608,4_011,4,595,task_0596,4_008,0.7361619472503662,False
607,task_0608,4_011,5,593,task_0594,4_008,0.7340518236160278,False
607,task_0608,4_011,6,698,task_0699,4_034,0.7080774903297424,False
607,task_0608,4_011,7,575,task_0576,4_003,0.7066969871520996,False
607,task_0608,4_011,8,696,task_0697,4_034,0.7032668590545654,False
607,task_0608,4_011,9,613,task_0614,4_013,0.7022945880889893,False
607,task_0608,4_011,10,713,task_0714,4_038,0.6991159319877625,False
608,task_0609,4_012,1,569,task_0570,4_002,0.8854822516441345,False
608,task_0609,4_012,2,609,task_0610,4_012,0.8728691339492798,True
608,task_0609,4_012,3,611,task_0612,4_012,0.8515669703483582,True
608,task_0609,4_012,4,676,task_0677,4_029,0.8362911939620972,False
608,task_0609,4_012,5,610,task_0611,4_012,0.8291445970535278,True
608,task_0609,4_012,6,666,task_0667,4_026,0.819504976272583,False
608,task_0609,4_012,7,584,task_0585,4_006,0.8153166770935059,False
608,task_0609,4_012,8,586,task_0587,4_006,0.8099470138549805,False
608,task_0609,4_012,9,599,task_0600,4_009,0.8054552674293518,False
608,task_0609,4_012,10,619,task_0620,4_014,0.7962942123413086,False
609,task_0610,4_012,1,608,task_0609,4_012,0.8728691339492798,True
609,task_0610,4_012,2,611,task_0612,4_012,0.8332856297492981,True
609,task_0610,4_012,3,610,task_0611,4_012,0.8288329839706421,True
609,task_0610,4_012,4,569,task_0570,4_002,0.8180803656578064,False
609,task_0610,4_012,5,586,task_0587,4_006,0.8123067617416382,False
609,task_0610,4_012,6,676,task_0677,4_029,0.8054050803184509,False
609,task_0610,4_012,7,584,task_0585,4_006,0.785988450050354,False
609,task_0610,4_012,8,666,task_0667,4_026,0.7791646122932434,False
609,task_0610,4_012,9,685,task_0686,4_031,0.7698425650596619,False
609,task_0610,4_012,10,687,task_0688,4_031,0.7559958696365356,False
610,task_0611,4_012,1,611,task_0612,4_012,0.8654851913452148,True
610,task_0611,4_012,2,568,task_0569,4_002,0.8445242047309875,False
610,task_0611,4_012,3,608,task_0609,4_012,0.8291445970535278,True
610,task_0611,4_012,4,609,task_0610,4_012,0.8288329839706421,True
610,task_0611,4_012,5,586,task_0587,4_006,0.8259119391441345,False
610,task_0611,4_012,6,666,task_0667,4_026,0.8212138414382935,False
610,task_0611,4_012,7,682,task_0683,4_030,0.8195132613182068,False
610,task_0611,4_012,8,584,task_0585,4_006,0.8010947704315186,False
610,task_0611,4_012,9,617,task_0618,4_014,0.790120005607605,False
610,task_0611,4_012,10,579,task_0580,4_004,0.7882739901542664,False
611,task_0612,4_012,1,610,task_0611,4_012,0.8654851913452148,True
611,task_0612,4_012,2,586,task_0587,4_006,0.8628219962120056,False
611,task_0612,4_012,3,584,task_0585,4_006,0.8579707145690918,False
611,task_0612,4_012,4,608,task_0609,4_012,0.8515669703483582,True
611,task_0612,4_012,5,667,task_0668,4_026,0.8513768315315247,False
611,task_0612,4_012,6,666,task_0667,4_026,0.8400754332542419,False
611,task_0612,4_012,7,573,task_0574,4_003,0.834933876991272,False
611,task_0612,4_012,8,617,task_0618,4_014,0.8343697190284729,False
611,task_0612,4_012,9,609,task_0610,4_012,0.8332856297492981,True
611,task_0612,4_012,10,572,task_0573,4_003,0.8316859602928162,False
612,task_0613,4_013,1,615,task_0616,4_013,0.8790079951286316,True
612,task_0613,4_013,2,613,task_0614,4_013,0.7827492952346802,True
612,task_0613,4_013,3,614,task_0615,4_013,0.7753835320472717,True
612,task_0613,4_013,4,641,task_0642,4_020,0.7752321362495422,False
612,task_0613,4_013,5,616,task_0617,4_014,0.7586262226104736,False
612,task_0613,4_013,6,618,task_0619,4_014,0.7470144629478455,False
612,task_0613,4_013,7,643,task_0644,4_020,0.7395707368850708,False
612,task_0613,4_013,8,627,task_0628,4_016,0.7378532886505127,False
612,task_0613,4_013,9,680,task_0681,4_030,0.7356024384498596,False
612,task_0613,4_013,10,619,task_0620,4_014,0.7343770265579224,False
613,task_0614,4_013,1,615,task_0616,4_013,0.8455469608306885,True
613,task_0614,4_013,2,612,task_0613,4_013,0.7827492952346802,True
613,task_0614,4_013,3,590,task_0591,4_007,0.7150130271911621,False
613,task_0614,4_013,4,651,task_0652,4_022,0.7090361714363098,False
613,task_0614,4_013,5,607,task_0608,4_011,0.7022945880889893,False
613,task_0614,4_013,6,643,task_0644,4_020,0.7001617550849915,False
613,task_0614,4_013,7,641,task_0642,4_020,0.6994262337684631,False
613,task_0614,4_013,8,614,task_0615,4_013,0.6951034069061279,True
613,task_0614,4_013,9,682,task_0683,4_030,0.6949955821037292,False
613,task_0614,4_013,10,663,task_0664,4_025,0.6906684637069702,False
614,task_0615,4_013,1,641,task_0642,4_020,0.8736974000930786,False
614,task_0615,4_013,2,648,task_0649,4_022,0.8518558740615845,False
614,task_0615,4_013,3,688,task_0689,4_032,0.8186776638031006,False
614,task_0615,4_013,4,612,task_0613,4_013,0.7753835320472717,True
614,task_0615,4_013,5,616,task_0617,4_014,0.7592248916625977,False
614,task_0615,4_013,6,615,task_0616,4_013,0.7544115781784058,True
614,task_0615,4_013,7,689,task_0690,4_032,0.7433068156242371,False
614,task_0615,4_013,8,618,task_0619,4_014,0.7371007800102234,False
614,task_0615,4_013,9,716,task_0717,4_039,0.7233842611312866,False
614,task_0615,4_013,10,619,task_0620,4_014,0.7196598052978516,False
615,task_0616,4_013,1,612,task_0613,4_013,0.8790079951286316,True
615,task_0616,4_013,2,613,task_0614,4_013,0.8455469608306885,True
615,task_0616,4_013,3,614,task_0615,4_013,0.7544115781784058,True
615,task_0616,4_013,4,641,task_0642,4_020,0.7405255436897278,False
615,task_0616,4_013,5,616,task_0617,4_014,0.7178918123245239,False
615,task_0616,4_013,6,682,task_0683,4_030,0.7057572603225708,False
615,task_0616,4_013,7,643,task_0644,4_020,0.7022640109062195,False
615,task_0616,4_013,8,687,task_0688,4_031,0.7019993662834167,False
615,task_0616,4_013,9,627,task_0628,4_016,0.7017073035240173,False
615,task_0616,4_013,10,716,task_0717,4_039,0.6993721723556519,False
616,task_0617,4_014,1,618,task_0619,4_014,0.942508339881897,True
616,task_0617,4_014,2,619,task_0620,4_014,0.9185103178024292,True
616,task_0617,4_014,3,617,task_0618,4_014,0.9020379781723022,True
616,task_0617,4_014,4,685,task_0686,4_031,0.8629690408706665,False
616,task_0617,4_014,5,684,task_0685,4_031,0.8628408312797546,False
616,task_0617,4_014,6,675,task_0676,4_028,0.8515087962150574,False
616,task_0617,4_014,7,623,task_0624,4_015,0.8478028774261475,False
616,task_0617,4_014,8,687,task_0688,4_031,0.8424236178398132,False
616,task_0617,4_014,9,621,task_0622,4_015,0.8414874076843262,False
616,task_0617,4_014,10,622,task_0623,4_015,0.8363759517669678,False
617,task_0618,4_014,1,619,task_0620,4_014,0.9265196323394775,True
617,task_0618,4_014,2,616,task_0617,4_014,0.9020379781723022,True
617,task_0618,4_014,3,618,task_0619,4_014,0.8690776824951172,True
617,task_0618,4_014,4,666,task_0667,4_026,0.8639529943466187,False
617,task_0618,4_014,5,667,task_0668,4_026,0.8561750054359436,False
617,task_0618,4_014,6,632,task_0633,4_018,0.8490269184112549,False
617,task_0618,4_014,7,684,task_0685,4_031,0.8468775749206543,False
617,task_0618,4_014,8,685,task_0686,4_031,0.8451968431472778,False
617,task_0618,4_014,9,664,task_0665,4_026,0.8407878279685974,False
617,task_0618,4_014,10,675,task_0676,4_028,0.8372641801834106,False
618,task_0619,4_014,1,616,task_0617,4_014,0.942508339881897,True
618,task_0619,4_014,2,619,task_0620,4_014,0.9045865535736084,True
618,task_0619,4_014,3,617,task_0618,4_014,0.8690776824951172,True
618,task_0619,4_014,4,685,task_0686,4_031,0.8452674746513367,False
618,task_0619,4_014,5,621,task_0622,4_015,0.8387316465377808,False
618,task_0619,4_014,6,684,task_0685,4_031,0.8378568887710571,False
618,task_0619,4_014,7,623,task_0624,4_015,0.8375128507614136,False
618,task_0619,4_014,8,622,task_0623,4_015,0.8299416899681091,False
618,task_0619,4_014,9,620,task_0621,4_015,0.8243007659912109,False
618,task_0619,4_014,10,675,task_0676,4_028,0.8158746957778931,False
619,task_0620,4_014,1,617,task_0618,4_014,0.9265196323394775,True
619,task_0620,4_014,2,616,task_0617,4_014,0.9185103178024292,True
619,task_0620,4_014,3,618,task_0619,4_014,0.9045865535736084,True
619,task_0620,4_014,4,685,task_0686,4_031,0.8632164001464844,False
619,task_0620,4_014,5,684,task_0685,4_031,0.8626989126205444,False
619,task_0620,4_014,6,666,task_0667,4_026,0.8603748083114624,False
619,task_0620,4_014,7,632,task_0633,4_018,0.8488750457763672,False
619,task_0620,4_014,8,667,task_0668,4_026,0.8475963473320007,False
619,task_0620,4_014,9,675,task_0676,4_028,0.8441981077194214,False
619,task_0620,4_014,10,687,task_0688,4_031,0.8406129479408264,False
620,task_0621,4_015,1,622,task_0623,4_015,0.9861260652542114,True
620,task_0621,4_015,2,623,task_0624,4_015,0.9475686550140381,True
620,task_0621,4_015,3,621,task_0622,4_015,0.9426292181015015,True
620,task_0621,4_015,4,640,task_0641,4_020,0.8725479245185852,False
620,task_0621,4_015,5,573,task_0574,4_003,0.8575180768966675,False
620,task_0621,4_015,6,572,task_0573,4_003,0.8391527533531189,False
620,task_0621,4_015,7,668,task_0669,4_027,0.838748574256897,False
620,task_0621,4_015,8,645,task_0646,4_021,0.8384466767311096,False
620,task_0621,4_015,9,672,task_0673,4_028,0.8361278176307678,False
620,task_0621,4_015,10,616,task_0617,4_014,0.8355532884597778,False
621,task_0622,4_015,1,623,task_0624,4_015,0.989815354347229,True
621,task_0622,4_015,2,622,task_0623,4_015,0.946519136428833,True
621,task_0622,4_015,3,620,task_0621,4_015,0.9426292181015015,True
621,task_0622,4_015,4,667,task_0668,4_026,0.8582900762557983,False
621,task_0622,4_015,5,573,task_0574,4_003,0.8576048612594604,False
621,task_0622,4_015,6,572,task_0573,4_003,0.8574526906013489,False
621,task_0622,4_015,7,640,task_0641,4_020,0.8474192023277283,False
621,task_0622,4_015,8,645,task_0646,4_021,0.8473102450370789,False
621,task_0622,4_015,9,685,task_0686,4_031,0.845147430896759,False
621,task_0622,4_015,10,684,task_0685,4_031,0.843496561050415,False
622,task_0623,4_015,1,620,task_0621,4_015,0.9861260652542114,True
622,task_0623,4_015,2,623,task_0624,4_015,0.9493589401245117,True
622,task_0623,4_015,3,621,task_0622,4_015,0.946519136428833,True
622,task_0623,4_015,4,640,task_0641,4_020,0.8707853555679321,False
622,task_0623,4_015,5,573,task_0574,4_003,0.8608213067054749,False
622,task_0623,4_015,6,572,task_0573,4_003,0.8469986915588379,False
622,task_0623,4_015,7,685,task_0686,4_031,0.8377595543861389,False
622,task_0623,4_015,8,672,task_0673,4_028,0.836860179901123,False
622,task_0623,4_015,9,616,task_0617,4_014,0.8363759517669678,False
622,task_0623,4_015,10,645,task_0646,4_021,0.8356758952140808,False
623,task_0624,4_015,1,621,task_0622,4_015,0.989815354347229,True
623,task_0624,4_015,2,622,task_0623,4_015,0.9493589401245117,True
623,task_0624,4_015,3,620,task_0621,4_015,0.9475686550140381,True
623,task_0624,4_015,4,640,task_0641,4_020,0.8610106706619263,False
623,task_0624,4_015,5,573,task_0574,4_003,0.8609375357627869,False
623,task_0624,4_015,6,667,task_0668,4_026,0.8596667647361755,False
623,task_0624,4_015,7,572,task_0573,4_003,0.8579275012016296,False
623,task_0624,4_015,8,684,task_0685,4_031,0.8518701791763306,False
623,task_0624,4_015,9,645,task_0646,4_021,0.8518548011779785,False
623,task_0624,4_015,10,685,task_0686,4_031,0.849243700504303,False
624,task_0625,4_016,1,626,task_0627,4_016,0.9709961414337158,True
624,task_0625,4_016,2,625,task_0626,4_016,0.9318831562995911,True
624,task_0625,4_016,3,627,task_0628,4_016,0.8612856268882751,True
624,task_0625,4_016,4,667,task_0668,4_026,0.8162809610366821,False
624,task_0625,4_016,5,634,task_0635,4_018,0.8108282089233398,False
624,task_0625,4_016,6,635,task_0636,4_018,0.8095906972885132,False
624,task_0625,4_016,7,675,task_0676,4_028,0.8094210624694824,False
624,task_0625,4_016,8,664,task_0665,4_026,0.8086298704147339,False
624,task_0625,4_016,9,633,task_0634,4_018,0.808353066444397,False
624,task_0625,4_016,10,623,task_0624,4_015,0.8042612671852112,False
625,task_0626,4_016,1,624,task_0625,4_016,0.9318831562995911,True
625,task_0626,4_016,2,626,task_0627,4_016,0.9247605800628662,True
625,task_0626,4_016,3,627,task_0628,4_016,0.906524121761322,True
625,task_0626,4_016,4,634,task_0635,4_018,0.8679112195968628,False
625,task_0626,4_016,5,635,task_0636,4_018,0.8636868000030518,False
625,task_0626,4_016,6,633,task_0634,4_018,0.8624390363693237,False
625,task_0626,4_016,7,675,task_0676,4_028,0.8385316133499146,False
625,task_0626,4_016,8,667,task_0668,4_026,0.8314564824104309,False
625,task_0626,4_016,9,623,task_0624,4_015,0.8272802829742432,False
625,task_0626,4_016,10,621,task_0622,4_015,0.8219794034957886,False
626,task_0627,4_016,1,624,task_0625,4_016,0.9709961414337158,True
626,task_0627,4_016,2,625,task_0626,4_016,0.9247605800628662,True
626,task_0627,4_016,3,627,task_0628,4_016,0.8605821132659912,True
626,task_0627,4_016,4,635,task_0636,4_018,0.8263955116271973,False
626,task_0627,4_016,5,633,task_0634,4_018,0.8241468667984009,False
626,task_0627,4_016,6,634,task_0635,4_018,0.8180254697799683,False
626,task_0627,4_016,7,667,task_0668,4_026,0.8145301342010498,False
626,task_0627,4_016,8,675,task_0676,4_028,0.7956093549728394,False
626,task_0627,4_016,9,646,task_0647,4_021,0.7938389778137207,False
626,task_0627,4_016,10,664,task_0665,4_026,0.7919272184371948,False
627,task_0628,4_016,1,625,task_0626,4_016,0.906524121761322,True
627,task_0628,4_016,2,624,task_0625,4_016,0.8612856268882751,True
627,task_0628,4_016,3,626,task_0627,4_016,0.8605821132659912,True
627,task_0628,4_016,4,632,task_0633,4_018,0.8257803916931152,False
627,task_0628,4_016,5,675,task_0676,4_028,0.8255404829978943,False
627,task_0628,4_016,6,619,task_0620,4_014,0.824478030204773,False
627,task_0628,4_016,7,634,task_0635,4_018,0.8195071816444397,False
627,task_0628,4_016,8,664,task_0665,4_026,0.8163726329803467,False
627,task_0628,4_016,9,640,task_0641,4_020,0.8126963376998901,False
627,task_0628,4_016,10,665,task_0666,4_026,0.8126856088638306,False
628,task_0629,4_017,1,630,task_0631,4_017,0.9010196328163147,True
628,task_0629,4_017,2,631,task_0632,4_017,0.888819694519043,True
628,task_0629,4_017,3,629,task_0630,4_017,0.8765169382095337,True
628,task_0629,4_017,4,652,task_0653,4_023,0.8109166026115417,False
628,task_0629,4_017,5,683,task_0684,4_030,0.6720694899559021,False
628,task_0629,4_017,6,670,task_0671,4_027,0.628635585308075,False
628,task_0629,4_017,7,668,task_0669,4_027,0.628497838973999,False
628,task_0629,4_017,8,636,task_0637,4_019,0.6268658638000488,False
628,task_0629,4_017,9,698,task_0699,4_034,0.6243612170219421,False
628,task_0629,4_017,10,716,task_0717,4_039,0.6221581697463989,False
629,task_0630,4_017,1,631,task_0632,4_017,0.9460147619247437,True
629,task_0630,4_017,2,628,task_0629,4_017,0.8765169382095337,True
629,task_0630,4_017,3,630,task_0631,4_017,0.8727543354034424,True
629,task_0630,4_017,4,652,task_0653,4_023,0.8105416893959045,False
629,task_0630,4_017,5,683,task_0684,4_030,0.7036437392234802,False
629,task_0630,4_017,6,717,task_0718,4_039,0.6596276760101318,False
629,task_0630,4_017,7,716,task_0717,4_039,0.6561290621757507,False
629,task_0630,4_017,8,719,task_0720,4_039,0.6528663635253906,False
629,task_0630,4_017,9,670,task_0671,4_027,0.6528177261352539,False
629,task_0630,4_017,10,668,task_0669,4_027,0.6512843370437622,False
630,task_0631,4_017,1,628,task_0629,4_017,0.9010196328163147,True
630,task_0631,4_017,2,631,task_0632,4_017,0.8813878297805786,True
630,task_0631,4_017,3,629,task_0630,4_017,0.8727543354034424,True
630,task_0631,4_017,4,652,task_0653,4_023,0.8008109927177429,False
630,task_0631,4_017,5,683,task_0684,4_030,0.6930772662162781,False
630,task_0631,4_017,6,668,task_0669,4_027,0.6573424935340881,False
630,task_0631,4_017,7,670,task_0671,4_027,0.6551849246025085,False
630,task_0631,4_017,8,684,task_0685,4_031,0.6305316090583801,False
630,task_0631,4_017,9,675,task_0676,4_028,0.625558078289032,False
630,task_0631,4_017,10,669,task_0670,4_027,0.6220653653144836,False
631,task_0632,4_017,1,629,task_0630,4_017,0.9460147619247437,True
631,task_0632,4_017,2,628,task_0629,4_017,0.888819694519043,True
631,task_0632,4_017,3,630,task_0631,4_017,0.8813878297805786,True
631,task_0632,4_017,4,652,task_0653,4_023,0.8212997913360596,False
631,task_0632,4_017,5,683,task_0684,4_030,0.6960126757621765,False
631,task_0632,4_017,6,717,task_0718,4_039,0.6703134775161743,False
631,task_0632,4_017,7,716,task_0717,4_039,0.6672486662864685,False
631,task_0632,4_017,8,719,task_0720,4_039,0.6626760363578796,False
631,task_0632,4_017,9,678,task_0679,4_029,0.6528193950653076,False
631,task_0632,4_017,10,668,task_0669,4_027,0.651153028011322,False
632,task_0633,4_018,1,634,task_0635,4_018,0.8644465804100037,True
632,task_0633,4_018,2,633,task_0634,4_018,0.8512225151062012,True
632,task_0633,4_018,3,667,task_0668,4_026,0.8496131300926208,False
632,task_0633,4_018,4,617,task_0618,4_014,0.8490269184112549,False
632,task_0633,4_018,5,619,task_0620,4_014,0.8488750457763672,False
632,task_0633,4_018,6,666,task_0667,4_026,0.8458074331283569,False
632,task_0633,4_018,7,635,task_0636,4_018,0.8404352068901062,True
632,task_0633,4_018,8,623,task_0624,4_015,0.8348217010498047,False
632,task_0633,4_018,9,684,task_0685,4_031,0.8337584137916565,False
632,task_0633,4_018,10,685,task_0686,4_031,0.8324816823005676,False
633,task_0634,4_018,1,635,task_0636,4_018,0.9894118905067444,True
633,task_0634,4_018,2,634,task_0635,4_018,0.98737633228302,True
633,task_0634,4_018,3,625,task_0626,4_016,0.8624390363693237,False
633,task_0634,4_018,4,632,task_0633,4_018,0.8512225151062012,True
633,task_0634,4_018,5,685,task_0686,4_031,0.843835175037384,False
633,task_0634,4_018,6,687,task_0688,4_031,0.8332016468048096,False
633,task_0634,4_018,7,623,task_0624,4_015,0.8312550783157349,False
633,task_0634,4_018,8,684,task_0685,4_031,0.8309812545776367,False
633,task_0634,4_018,9,644,task_0645,4_021,0.8284469842910767,False
633,task_0634,4_018,10,619,task_0620,4_014,0.8262581825256348,False
634,task_0635,4_018,1,633,task_0634,4_018,0.98737633228302,True
634,task_0635,4_018,2,635,task_0636,4_018,0.9826153516769409,True
634,task_0635,4_018,3,625,task_0626,4_016,0.8679112195968628,False
634,task_0635,4_018,4,632,task_0633,4_018,0.8644465804100037,True
634,task_0635,4_018,5,623,task_0624,4_015,0.8436795473098755,False
634,task_0635,4_018,6,685,task_0686,4_031,0.8424001932144165,False
634,task_0635,4_018,7,621,task_0622,4_015,0.8369371294975281,False
634,task_0635,4_018,8,684,task_0685,4_031,0.835808515548706,False
634,task_0635,4_018,9,687,task_0688,4_031,0.831292986869812,False
634,task_0635,4_018,10,644,task_0645,4_021,0.8300285339355469,False
635,task_0636,4_018,1,633,task_0634,4_018,0.9894118905067444,True
635,task_0636,4_018,2,634,task_0635,4_018,0.9826153516769409,True
635,task_0636,4_018,3,625,task_0626,4_016,0.8636868000030518,False
635,task_0636,4_018,4,632,task_0633,4_018,0.8404352068901062,True
635,task_0636,4_018,5,685,task_0686,4_031,0.8380953073501587,False
635,task_0636,4_018,6,687,task_0688,4_031,0.8287363648414612,False
635,task_0636,4_018,7,684,task_0685,4_031,0.8265198469161987,False
635,task_0636,4_018,8,626,task_0627,4_016,0.8263955116271973,False
635,task_0636,4_018,9,646,task_0647,4_021,0.8248190879821777,False
635,task_0636,4_018,10,644,task_0645,4_021,0.822098970413208,False
636,task_0637,4_019,1,593,task_0594,4_008,0.7423516511917114,False
636,task_0637,4_019,2,638,task_0639,4_019,0.7420641183853149,True
636,task_0637,4_019,3,595,task_0596,4_008,0.740390419960022,False
636,task_0637,4_019,4,696,task_0697,4_034,0.7364698052406311,False
636,task_0637,4_019,5,637,task_0638,4_019,0.7258973121643066,True
636,task_0637,4_019,6,604,task_0605,4_011,0.7219668626785278,False
636,task_0637,4_019,7,600,task_0601,4_010,0.7205072045326233,False
636,task_0637,4_019,8,575,task_0576,4_003,0.7046284675598145,False
636,task_0637,4_019,9,592,task_0593,4_008,0.7034081220626831,False
636,task_0637,4_019,10,699,task_0700,4_034,0.7024834156036377,False
637,task_0638,4_019,1,639,task_0640,4_019,0.9198724031448364,True
637,task_0638,4_019,2,661,task_0662,4_025,0.7422829866409302,False
637,task_0638,4_019,3,595,task_0596,4_008,0.7342858910560608,False
637,task_0638,4_019,4,593,task_0594,4_008,0.733451783657074,False
637,task_0638,4_019,5,663,task_0664,4_025,0.7279881238937378,False
637,task_0638,4_019,6,636,task_0637,4_019,0.7258973121643066,True
637,task_0638,4_019,7,671,task_0672,4_027,0.7225839495658875,False
637,task_0638,4_019,8,696,task_0697,4_034,0.7204982042312622,False
637,task_0638,4_019,9,669,task_0670,4_027,0.7171857953071594,False
637,task_0638,4_019,10,698,task_0699,4_034,0.7119529843330383,False
638,task_0639,4_019,1,636,task_0637,4_019,0.7420641183853149,True
638,task_0639,4_019,2,637,task_0638,4_019,0.6597598791122437,True
638,task_0639,4_019,3,639,task_0640,4_019,0.6389099359512329,True
638,task_0639,4_019,4,662,task_0663,4_025,0.6212937235832214,False
638,task_0639,4_019,5,654,task_0655,4_023,0.6104902625083923,False
638,task_0639,4_019,6,606,task_0607,4_011,0.6093531847000122,False
638,task_0639,4_019,7,582,task_0583,4_005,0.6087766885757446,False
638,task_0639,4_019,8,660,task_0661,4_025,0.6042418479919434,False
638,task_0639,4_019,9,670,task_0671,4_027,0.6030430197715759,False
638,task_0639,4_019,10,595,task_0596,4_008,0.602025032043457,False
639,task_0640,4_019,1,637,task_0638,4_019,0.9198724031448364,True
639,task_0640,4_019,2,661,task_0662,4_025,0.6915053129196167,False
639,task_0640,4_019,3,595,task_0596,4_008,0.6784145832061768,False
639,task_0640,4_019,4,593,task_0594,4_008,0.6700924038887024,False
639,task_0640,4_019,5,606,task_0607,4_011,0.6641146540641785,False
639,task_0640,4_019,6,229,task_0230,2_011,0.6547132730484009,False
639,task_0640,4_019,7,636,task_0637,4_019,0.6525364518165588,True
639,task_0640,4_019,8,582,task_0583,4_005,0.6524919867515564,False
639,task_0640,4_019,9,613,task_0614,4_013,0.652209997177124,False
639,task_0640,4_019,10,652,task_0653,4_023,0.6480227112770081,False
640,task_0641,4_020,1,642,task_0643,4_020,0.900581955909729,True
640,task_0641,4_020,2,672,task_0673,4_028,0.8738599419593811,False
640,task_0641,4_020,3,620,task_0621,4_015,0.8725479245185852,False
640,task_0641,4_020,4,675,task_0676,4_028,0.8716846704483032,False
640,task_0641,4_020,5,622,task_0623,4_015,0.8707853555679321,False
640,task_0641,4_020,6,673,task_0674,4_028,0.8675094246864319,False
640,task_0641,4_020,7,674,task_0675,4_028,0.8637204170227051,False
640,task_0641,4_020,8,623,task_0624,4_015,0.8610106706619263,False
640,task_0641,4_020,9,664,task_0665,4_026,0.8578362464904785,False
640,task_0641,4_020,10,621,task_0622,4_015,0.8474192023277283,False
641,task_0642,4_020,1,614,task_0615,4_013,0.8736974000930786,False
641,task_0642,4_020,2,648,task_0649,4_022,0.8377513885498047,False
641,task_0642,4_020,3,688,task_0689,4_032,0.8021080493927002,False
641,task_0642,4_020,4,643,task_0644,4_020,0.786770224571228,True
641,task_0642,4_020,5,616,task_0617,4_014,0.7779248356819153,False
641,task_0642,4_020,6,612,task_0613,4_013,0.7752321362495422,False
641,task_0642,4_020,7,619,task_0620,4_014,0.7720277309417725,False
641,task_0642,4_020,8,618,task_0619,4_014,0.7602155804634094,False
641,task_0642,4_020,9,634,task_0635,4_018,0.7569167613983154,False
641,task_0642,4_020,10,635,task_0636,4_018,0.7526307106018066,False
642,task_0643,4_020,1,640,task_0641,4_020,0.900581955909729,True
642,task_0643,4_020,2,664,task_0665,4_026,0.8571242094039917,False
642,task_0643,4_020,3,673,task_0674,4_028,0.8481676578521729,False
642,task_0643,4_020,4,675,task_0676,4_028,0.8476943969726562,False
642,task_0643,4_020,5,672,task_0673,4_028,0.8400005102157593,False
642,task_0643,4_020,6,674,task_0675,4_028,0.8370540738105774,False
642,task_0643,4_020,7,620,task_0621,4_015,0.818956196308136,False
642,task_0643,4_020,8,665,task_0666,4_026,0.8144355416297913,False
642,task_0643,4_020,9,622,task_0623,4_015,0.8139086365699768,False
642,task_0643,4_020,10,619,task_0620,4_014,0.8059371113777161,False
643,task_0644,4_020,1,641,task_0642,4_020,0.786770224571228,True
643,task_0644,4_020,2,612,task_0613,4_013,0.7395707368850708,False
643,task_0644,4_020,3,616,task_0617,4_014,0.7356316447257996,False
643,task_0644,4_020,4,682,task_0683,4_030,0.7349768280982971,False
643,task_0644,4_020,5,608,task_0609,4_012,0.7323705554008484,False
643,task_0644,4_020,6,619,task_0620,4_014,0.7322624325752258,False
643,task_0644,4_020,7,625,task_0626,4_016,0.7321323156356812,False
643,task_0644,4_020,8,618,task_0619,4_014,0.7287565469741821,False
643,task_0644,4_020,9,611,task_0612,4_012,0.7284344434738159,False
643,task_0644,4_020,10,634,task_0635,4_018,0.7251295447349548,False
644,task_0645,4_021,1,673,task_0674,4_028,0.8606692552566528,False
644,task_0645,4_021,2,675,task_0676,4_028,0.8549897074699402,False
644,task_0645,4_021,3,687,task_0688,4_031,0.8501315712928772,False
644,task_0645,4_021,4,684,task_0685,4_031,0.8489806056022644,False
644,task_0645,4_021,5,672,task_0673,4_028,0.8489283919334412,False
644,task_0645,4_021,6,685,task_0686,4_031,0.8399074077606201,False
644,task_0645,4_021,7,674,task_0675,4_028,0.8397159576416016,False
644,task_0645,4_021,8,634,task_0635,4_018,0.8300285339355469,False
644,task_0645,4_021,9,640,task_0641,4_020,0.8296732306480408,False
644,task_0645,4_021,10,633,task_0634,4_018,0.8284469842910767,False
645,task_0646,4_021,1,647,task_0648,4_021,0.9506115317344666,True
645,task_0646,4_021,2,572,task_0573,4_003,0.8669425249099731,False
645,task_0646,4_021,3,573,task_0574,4_003,0.8648079037666321,False
645,task_0646,4_021,4,574,task_0575,4_003,0.8639015555381775,False
645,task_0646,4_021,5,575,task_0576,4_003,0.857613742351532,False
645,task_0646,4_021,6,708,task_0709,4_037,0.8527427911758423,False
645,task_0646,4_021,7,623,task_0624,4_015,0.8518548011779785,False
645,task_0646,4_021,8,621,task_0622,4_015,0.8473102450370789,False
645,task_0646,4_021,9,667,task_0668,4_026,0.8464927077293396,False
645,task_0646,4_021,10,713,task_0714,4_038,0.8434216976165771,False
646,task_0647,4_021,1,685,task_0686,4_031,0.8324926495552063,False
646,task_0647,4_021,2,665,task_0666,4_026,0.831043004989624,False
646,task_0647,4_021,3,644,task_0645,4_021,0.8264048099517822,True
646,task_0647,4_021,4,687,task_0688,4_031,0.826082706451416,False
646,task_0647,4_021,5,635,task_0636,4_018,0.8248190879821777,False
646,task_0647,4_021,6,667,task_0668,4_026,0.8241546750068665,False
646,task_0647,4_021,7,634,task_0635,4_018,0.8177061676979065,False
646,task_0647,4_021,8,633,task_0634,4_018,0.8164954781532288,False
646,task_0647,4_021,9,625,task_0626,4_016,0.8127967715263367,False
646,task_0647,4_021,10,573,task_0574,4_003,0.8113871812820435,False
647,task_0648,4_021,1,645,task_0646,4_021,0.9506115317344666,True
647,task_0648,4_021,2,575,task_0576,4_003,0.8173609972000122,False
647,task_0648,4_021,3,572,task_0573,4_003,0.8137488961219788,False
647,task_0648,4_021,4,573,task_0574,4_003,0.8135833740234375,False
647,task_0648,4_021,5,574,task_0575,4_003,0.812934398651123,False
647,task_0648,4_021,6,713,task_0714,4_038,0.8101446628570557,False
647,task_0648,4_021,7,715,task_0716,4_038,0.7985802292823792,False
647,task_0648,4_021,8,620,task_0621,4_015,0.7984395623207092,False
647,task_0648,4_021,9,622,task_0623,4_015,0.7956380844116211,False
647,task_0648,4_021,10,623,task_0624,4_015,0.7949802875518799,False
648,task_0649,4_022,1,614,task_0615,4_013,0.8518558740615845,False
648,task_0649,4_022,2,641,task_0642,4_020,0.8377513885498047,False
648,task_0649,4_022,3,688,task_0689,4_032,0.8304820656776428,False
648,task_0649,4_022,4,616,task_0617,4_014,0.7889737486839294,False
648,task_0649,4_022,5,618,task_0619,4_014,0.7883048057556152,False
648,task_0649,4_022,6,650,task_0651,4_022,0.7755488157272339,True
648,task_0649,4_022,7,685,task_0686,4_031,0.7692481875419617,False
648,task_0649,4_022,8,717,task_0718,4_039,0.7680737972259521,False
648,task_0649,4_022,9,719,task_0720,4_039,0.7665771842002869,False
648,task_0649,4_022,10,716,task_0717,4_039,0.7628909945487976,False
649,task_0650,4_022,1,651,task_0652,4_022,0.8249030113220215,True
649,task_0650,4_022,2,618,task_0619,4_014,0.799365758895874,False
649,task_0650,4_022,3,616,task_0617,4_014,0.7866635322570801,False
649,task_0650,4_022,4,619,task_0620,4_014,0.7662314176559448,False
649,task_0650,4_022,5,716,task_0717,4_039,0.7525616884231567,False
649,task_0650,4_022,6,584,task_0585,4_006,0.7519817352294922,False
649,task_0650,4_022,7,684,task_0685,4_031,0.7506158947944641,False
649,task_0650,4_022,8,617,task_0618,4_014,0.7504873275756836,False
649,task_0650,4_022,9,666,task_0667,4_026,0.7495427131652832,False
649,task_0650,4_022,10,685,task_0686,4_031,0.7480704188346863,False
650,task_0651,4_022,1,718,task_0719,4_039,0.7947905659675598,False
650,task_0651,4_022,2,716,task_0717,4_039,0.7888169288635254,False
650,task_0651,4_022,3,719,task_0720,4_039,0.7866177558898926,False
650,task_0651,4_022,4,717,task_0718,4_039,0.7857166528701782,False
650,task_0651,4_022,5,617,task_0618,4_014,0.78374183177948,False
650,task_0651,4_022,6,712,task_0713,4_038,0.7835744619369507,False
650,task_0651,4_022,7,619,task_0620,4_014,0.778751790523529,False
650,task_0651,4_022,8,686,task_0687,4_031,0.7759462594985962,False
650,task_0651,4_022,9,648,task_0649,4_022,0.7755488157272339,True
650,task_0651,4_022,10,685,task_0686,4_031,0.7747573852539062,False
651,task_0652,4_022,1,649,task_0650,4_022,0.8249030113220215,True
651,task_0652,4_022,2,618,task_0619,4_014,0.79985511302948,False
651,task_0652,4_022,3,619,task_0620,4_014,0.7848996520042419,False
651,task_0652,4_022,4,616,task_0617,4_014,0.7825693488121033,False
651,task_0652,4_022,5,685,task_0686,4_031,0.7671807408332825,False
651,task_0652,4_022,6,684,task_0685,4_031,0.7670913934707642,False
651,task_0652,4_022,7,617,task_0618,4_014,0.7620126605033875,False
651,task_0652,4_022,8,687,task_0688,4_031,0.755155622959137,False
651,task_0652,4_022,9,716,task_0717,4_039,0.7438604831695557,False
651,task_0652,4_022,10,650,task_0651,4_022,0.7429090738296509,True
652,task_0653,4_023,1,631,task_0632,4_017,0.8212997913360596,False
652,task_0653,4_023,2,628,task_0629,4_017,0.8109166026115417,False
652,task_0653,4_023,3,629,task_0630,4_017,0.8105416893959045,False
652,task_0653,4_023,4,630,task_0631,4_017,0.8008109927177429,False
652,task_0653,4_023,5,669,task_0670,4_027,0.7188524603843689,False
652,task_0653,4_023,6,671,task_0672,4_027,0.7176250219345093,False
652,task_0653,4_023,7,650,task_0651,4_022,0.7132395505905151,False
652,task_0653,4_023,8,637,task_0638,4_019,0.7068173885345459,False
652,task_0653,4_023,9,716,task_0717,4_039,0.7058181762695312,False
652,task_0653,4_023,10,717,task_0718,4_039,0.704150378704071,False
653,task_0654,4_023,1,654,task_0655,4_023,0.6996663212776184,True
653,task_0654,4_023,2,652,task_0653,4_023,0.6977205276489258,True
653,task_0654,4_023,3,671,task_0672,4_027,0.6879841089248657,False
653,task_0654,4_023,4,669,task_0670,4_027,0.6836665868759155,False
653,task_0654,4_023,5,595,task_0596,4_008,0.6714855432510376,False
653,task_0654,4_023,6,603,task_0604,4_010,0.6664170026779175,False
653,task_0654,4_023,7,593,task_0594,4_008,0.6662589907646179,False
653,task_0654,4_023,8,646,task_0647,4_021,0.6544152498245239,False
653,task_0654,4_023,9,662,task_0663,4_025,0.6540748476982117,False
653,task_0654,4_023,10,660,task_0661,4_025,0.6515461802482605,False
654,task_0655,4_023,1,671,task_0672,4_027,0.7251657247543335,False
654,task_0655,4_023,2,669,task_0670,4_027,0.7233990430831909,False
654,task_0655,4_023,3,662,task_0663,4_025,0.7139453291893005,False
654,task_0655,4_023,4,595,task_0596,4_008,0.712493360042572,False
654,task_0655,4_023,5,660,task_0661,4_025,0.7100692987442017,False
654,task_0655,4_023,6,593,task_0594,4_008,0.7096906304359436,False
654,task_0655,4_023,7,652,task_0653,4_023,0.7002173662185669,True
654,task_0655,4_023,8,653,task_0654,4_023,0.6996663212776184,True
654,task_0655,4_023,9,586,task_0587,4_006,0.6914366483688354,False
654,task_0655,4_023,10,644,task_0645,4_021,0.6913592219352722,False
655,task_0656,4_023,1,601,task_0602,4_010,0.6889753937721252,False
655,task_0656,4_023,2,653,task_0654,4_023,0.6510790586471558,True
655,task_0656,4_023,3,603,task_0604,4_010,0.6407832503318787,False
655,task_0656,4_023,4,176,task_0177,1_045,0.6348499059677124,False
655,task_0656,4_023,5,639,task_0640,4_019,0.6252809166908264,False
655,task_0656,4_023,6,654,task_0655,4_023,0.6214273571968079,True
655,task_0656,4_023,7,652,task_0653,4_023,0.6189609169960022,True
655,task_0656,4_023,8,124,task_0125,1_032,0.6176874041557312,False
655,task_0656,4_023,9,140,task_0141,1_036,0.6046950221061707,False
655,task_0656,4_023,10,637,task_0638,4_019,0.593362033367157,False
656,task_0657,4_024,1,659,task_0660,4_024,0.7876881957054138,True
656,task_0657,4_024,2,586,task_0587,4_006,0.7855790257453918,False
656,task_0657,4_024,3,666,task_0667,4_026,0.7850490808486938,False
656,task_0657,4_024,4,645,task_0646,4_021,0.7844875454902649,False
656,task_0657,4_024,5,667,task_0668,4_026,0.77659010887146,False
656,task_0657,4_024,6,621,task_0622,4_015,0.7751254439353943,False
656,task_0657,4_024,7,623,task_0624,4_015,0.7749435305595398,False
656,task_0657,4_024,8,685,task_0686,4_031,0.7723920941352844,False
656,task_0657,4_024,9,684,task_0685,4_031,0.7707597613334656,False
656,task_0657,4_024,10,584,task_0585,4_006,0.7675436735153198,False
657,task_0658,4_024,1,659,task_0660,4_024,0.8600550889968872,True
657,task_0658,4_024,2,656,task_0657,4_024,0.7318238019943237,True
657,task_0658,4_024,3,716,task_0717,4_039,0.7139153480529785,False
657,task_0658,4_024,4,719,task_0720,4_039,0.7026278972625732,False
657,task_0658,4_024,5,717,task_0718,4_039,0.7004088759422302,False
657,task_0658,4_024,6,625,task_0626,4_016,0.6910792589187622,False
657,task_0658,4_024,7,658,task_0659,4_024,0.6857112646102905,True
657,task_0658,4_024,8,624,task_0625,4_016,0.6803367733955383,False
657,task_0658,4_024,9,611,task_0612,4_012,0.6795477271080017,False
657,task_0658,4_024,10,584,task_0585,4_006,0.6749773025512695,False
658,task_0659,4_024,1,656,task_0657,4_024,0.7530312538146973,True
658,task_0659,4_024,2,659,task_0660,4_024,0.7172176837921143,True
658,task_0659,4_024,3,586,task_0587,4_006,0.706647515296936,False
658,task_0659,4_024,4,634,task_0635,4_018,0.7048674821853638,False
658,task_0659,4_024,5,632,task_0633,4_018,0.6999109387397766,False
658,task_0659,4_024,6,633,task_0634,4_018,0.6990087032318115,False
658,task_0659,4_024,7,719,task_0720,4_039,0.6978107690811157,False
658,task_0659,4_024,8,716,task_0717,4_039,0.6969659328460693,False
658,task_0659,4_024,9,666,task_0667,4_026,0.6963857412338257,False
658,task_0659,4_024,10,717,task_0718,4_039,0.6932632327079773,False
659,task_0660,4_024,1,657,task_0658,4_024,0.8600550889968872,True
659,task_0660,4_024,2,656,task_0657,4_024,0.7876881957054138,True
659,task_0660,4_024,3,719,task_0720,4_039,0.7813611030578613,False
659,task_0660,4_024,4,716,task_0717,4_039,0.7780155539512634,False
659,task_0660,4_024,5,717,task_0718,4_039,0.7749307155609131,False
659,task_0660,4_024,6,586,task_0587,4_006,0.7673425674438477,False
659,task_0660,4_024,7,584,task_0585,4_006,0.7476564645767212,False
659,task_0660,4_024,8,611,task_0612,4_012,0.7448124885559082,False
659,task_0660,4_024,9,625,task_0626,4_016,0.742021381855011,False
659,task_0660,4_024,10,623,task_0624,4_015,0.7414718270301819,False
660,task_0661,4_025,1,662,task_0663,4_025,0.969343900680542,True
660,task_0661,4_025,2,663,task_0664,4_025,0.762418270111084,True
660,task_0661,4_025,3,646,task_0647,4_021,0.7619400024414062,False
660,task_0661,4_025,4,595,task_0596,4_008,0.7427869439125061,False
660,task_0661,4_025,5,593,task_0594,4_008,0.7401922941207886,False
660,task_0661,4_025,6,669,task_0670,4_027,0.7302573919296265,False
660,task_0661,4_025,7,671,task_0672,4_027,0.7273727655410767,False
660,task_0661,4_025,8,668,task_0669,4_027,0.7159179449081421,False
660,task_0661,4_025,9,670,task_0671,4_027,0.7102308869361877,False
660,task_0661,4_025,10,654,task_0655,4_023,0.7100692987442017,False
661,task_0662,4_025,1,663,task_0664,4_025,0.8161089420318604,True
661,task_0662,4_025,2,637,task_0638,4_019,0.7422829866409302,False
661,task_0662,4_025,3,702,task_0703,4_035,0.7375502586364746,False
661,task_0662,4_025,4,592,task_0593,4_008,0.7155805826187134,False
661,task_0662,4_025,5,703,task_0704,4_035,0.7145950794219971,False
661,task_0662,4_025,6,594,task_0595,4_008,0.7116418480873108,False
661,task_0662,4_025,7,671,task_0672,4_027,0.710860013961792,False
661,task_0662,4_025,8,669,task_0670,4_027,0.7068450450897217,False
661,task_0662,4_025,9,639,task_0640,4_019,0.6915053129196167,False
661,task_0662,4_025,10,670,task_0671,4_027,0.6911079287528992,False
662,task_0663,4_025,1,660,task_0661,4_025,0.969343900680542,True
662,task_0663,4_025,2,663,task_0664,4_025,0.7836887836456299,True
662,task_0663,4_025,3,593,task_0594,4_008,0.7596511840820312,False
662,task_0663,4_025,4,595,task_0596,4_008,0.7595308423042297,False
662,task_0663,4_025,5,671,task_0672,4_027,0.7499786615371704,False
662,task_0663,4_025,6,646,task_0647,4_021,0.7445464134216309,False
662,task_0663,4_025,7,669,task_0670,4_027,0.744515597820282,False
662,task_0663,4_025,8,668,task_0669,4_027,0.7264208793640137,False
662,task_0663,4_025,9,670,task_0671,4_027,0.7157835364341736,False
662,task_0663,4_025,10,654,task_0655,4_023,0.7139453291893005,False
663,task_0664,4_025,1,661,task_0662,4_025,0.8161089420318604,True
663,task_0664,4_025,2,662,task_0663,4_025,0.7836887836456299,True
663,task_0664,4_025,3,660,task_0661,4_025,0.762418270111084,True
663,task_0664,4_025,4,671,task_0672,4_027,0.7478017210960388,False
663,task_0664,4_025,5,669,task_0670,4_027,0.7443006634712219,False
663,task_0664,4_025,6,573,task_0574,4_003,0.7416046857833862,False
663,task_0664,4_025,7,713,task_0714,4_038,0.7319883108139038,False
663,task_0664,4_025,8,668,task_0669,4_027,0.7311943173408508,False
663,task_0664,4_025,9,622,task_0623,4_015,0.729465901851654,False
663,task_0664,4_025,10,637,task_0638,4_019,0.7279881238937378,False
664,task_0665,4_026,1,665,task_0666,4_026,0.9471473693847656,True
664,task_0665,4_026,2,667,task_0668,4_026,0.9372038841247559,True
664,task_0665,4_026,3,675,task_0676,4_028,0.9027296900749207,False
664,task_0665,4_026,4,673,task_0674,4_028,0.8969082236289978,False
664,task_0665,4_026,5,672,task_0673,4_028,0.8946659564971924,False
664,task_0665,4_026,6,674,task_0675,4_028,0.8870370984077454,False
664,task_0665,4_026,7,684,task_0685,4_031,0.8641418218612671,False
664,task_0665,4_026,8,640,task_0641,4_020,0.8578362464904785,False
664,task_0665,4_026,9,642,task_0643,4_020,0.8571242094039917,False
664,task_0665,4_026,10,666,task_0667,4_026,0.8495078086853027,True
665,task_0666,4_026,1,664,task_0665,4_026,0.9471473693847656,True
665,task_0666,4_026,2,667,task_0668,4_026,0.9357355833053589,True
665,task_0666,4_026,3,675,task_0676,4_028,0.8812992572784424,False
665,task_0666,4_026,4,673,task_0674,4_028,0.8605861663818359,False
665,task_0666,4_026,5,672,task_0673,4_028,0.8604514598846436,False
665,task_0666,4_026,6,674,task_0675,4_028,0.8563671112060547,False
665,task_0666,4_026,7,666,task_0667,4_026,0.8558250665664673,True
665,task_0666,4_026,8,692,task_0693,4_033,0.8400557041168213,False
665,task_0666,4_026,9,684,task_0685,4_031,0.8387539386749268,False
665,task_0666,4_026,10,685,task_0686,4_031,0.8347012996673584,False
666,task_0667,4_026,1,667,task_0668,4_026,0.8853563666343689,True
666,task_0667,4_026,2,617,task_0618,4_014,0.8639529943466187,False
666,task_0667,4_026,3,619,task_0620,4_014,0.8603748083114624,False
666,task_0667,4_026,4,665,task_0666,4_026,0.8558250665664673,True
666,task_0667,4_026,5,664,task_0665,4_026,0.8495078086853027,True
666,task_0667,4_026,6,718,task_0719,4_039,0.8493142127990723,False
666,task_0667,4_026,7,632,task_0633,4_018,0.8458074331283569,False
666,task_0667,4_026,8,611,task_0612,4_012,0.8400754332542419,False
666,task_0667,4_026,9,645,task_0646,4_021,0.8299043774604797,False
666,task_0667,4_026,10,686,task_0687,4_031,0.8294948935508728,False
667,task_0668,4_026,1,664,task_0665,4_026,0.9372038841247559,True
667,task_0668,4_026,2,665,task_0666,4_026,0.9357355833053589,True
667,task_0668,4_026,3,692,task_0693,4_033,0.8944126963615417,False
667,task_0668,4_026,4,666,task_0667,4_026,0.8853563666343689,True
667,task_0668,4_026,5,694,task_0695,4_033,0.8726786375045776,False
667,task_0668,4_026,6,684,task_0685,4_031,0.8711258769035339,False
667,task_0668,4_026,7,675,task_0676,4_028,0.8697049021720886,False
667,task_0668,4_026,8,708,task_0709,4_037,0.8679533004760742,False
667,task_0668,4_026,9,685,task_0686,4_031,0.867812991142273,False
667,task_0668,4_026,10,623,task_0624,4_015,0.8596667647361755,False
668,task_0669,4_027,1,670,task_0671,4_027,0.9266815185546875,True
668,task_0669,4_027,2,669,task_0670,4_027,0.9149354696273804,True
668,task_0669,4_027,3,671,task_0672,4_027,0.8980226516723633,True
668,task_0669,4_027,4,620,task_0621,4_015,0.838748574256897,False
668,task_0669,4_027,5,622,task_0623,4_015,0.83486407995224,False
668,task_0669,4_027,6,640,task_0641,4_020,0.8266882300376892,False
668,task_0669,4_027,7,687,task_0688,4_031,0.802823543548584,False
668,task_0669,4_027,8,644,task_0645,4_021,0.7993825674057007,False
668,task_0669,4_027,9,627,task_0628,4_016,0.7970240116119385,False
668,task_0669,4_027,10,623,task_0624,4_015,0.7935174703598022,False
669,task_0670,4_027,1,671,task_0672,4_027,0.9866297841072083,True
669,task_0670,4_027,2,668,task_0669,4_027,0.9149354696273804,True
669,task_0670,4_027,3,670,task_0671,4_027,0.8859415054321289,True
669,task_0670,4_027,4,620,task_0621,4_015,0.7844489216804504,False
669,task_0670,4_027,5,622,task_0623,4_015,0.780582070350647,False
669,task_0670,4_027,6,687,task_0688,4_031,0.777081310749054,False
669,task_0670,4_027,7,593,task_0594,4_008,0.7673615217208862,False
669,task_0670,4_027,8,595,task_0596,4_008,0.766712486743927,False
669,task_0670,4_027,9,644,task_0645,4_021,0.763741672039032,False
669,task_0670,4_027,10,640,task_0641,4_020,0.7626571655273438,False
670,task_0671,4_027,1,668,task_0669,4_027,0.9266815185546875,True
670,task_0671,4_027,2,669,task_0670,4_027,0.8859415054321289,True
670,task_0671,4_027,3,671,task_0672,4_027,0.8759703636169434,True
670,task_0671,4_027,4,687,task_0688,4_031,0.7962556481361389,False
670,task_0671,4_027,5,684,task_0685,4_031,0.7942541241645813,False
670,task_0671,4_027,6,627,task_0628,4_016,0.7914880514144897,False
670,task_0671,4_027,7,640,task_0641,4_020,0.785382866859436,False
670,task_0671,4_027,8,632,task_0633,4_018,0.7783894538879395,False
670,task_0671,4_027,9,622,task_0623,4_015,0.7780560255050659,False
670,task_0671,4_027,10,620,task_0621,4_015,0.7764599323272705,False
671,task_0672,4_027,1,669,task_0670,4_027,0.9866297841072083,True
671,task_0672,4_027,2,668,task_0669,4_027,0.8980226516723633,True
671,task_0672,4_027,3,670,task_0671,4_027,0.8759703636169434,True
671,task_0672,4_027,4,620,task_0621,4_015,0.7760794758796692,False
671,task_0672,4_027,5,687,task_0688,4_031,0.7758660912513733,False
671,task_0672,4_027,6,622,task_0623,4_015,0.7720868587493896,False
671,task_0672,4_027,7,593,task_0594,4_008,0.766349732875824,False
671,task_0672,4_027,8,595,task_0596,4_008,0.765895426273346,False
671,task_0672,4_027,9,644,task_0645,4_021,0.7582718133926392,False
671,task_0672,4_027,10,640,task_0641,4_020,0.7536389231681824,False
672,task_0673,4_028,1,674,task_0675,4_028,0.9902905225753784,True
672,task_0673,4_028,2,673,task_0674,4_028,0.983971118927002,True
672,task_0673,4_028,3,675,task_0676,4_028,0.9684290289878845,True
672,task_0673,4_028,4,664,task_0665,4_026,0.8946659564971924,False
672,task_0673,4_028,5,640,task_0641,4_020,0.8738599419593811,False
672,task_0673,4_028,6,665,task_0666,4_026,0.8604514598846436,False
672,task_0673,4_028,7,667,task_0668,4_026,0.8511895537376404,False
672,task_0673,4_028,8,644,task_0645,4_021,0.8489283919334412,False
672,task_0673,4_028,9,623,task_0624,4_015,0.8488248586654663,False
672,task_0673,4_028,10,684,task_0685,4_031,0.8478175401687622,False
673,task_0674,4_028,1,672,task_0673,4_028,0.983971118927002,True
673,task_0674,4_028,2,674,task_0675,4_028,0.9727627038955688,True
673,task_0674,4_028,3,675,task_0676,4_028,0.9614768624305725,True
673,task_0674,4_028,4,664,task_0665,4_026,0.8969082236289978,False
673,task_0674,4_028,5,640,task_0641,4_020,0.8675094246864319,False
673,task_0674,4_028,6,644,task_0645,4_021,0.8606692552566528,False
673,task_0674,4_028,7,665,task_0666,4_026,0.8605861663818359,False
673,task_0674,4_028,8,667,task_0668,4_026,0.8558087944984436,False
673,task_0674,4_028,9,642,task_0643,4_020,0.8481676578521729,False
673,task_0674,4_028,10,684,task_0685,4_031,0.8411586284637451,False
674,task_0675,4_028,1,672,task_0673,4_028,0.9902905225753784,True
674,task_0675,4_028,2,673,task_0674,4_028,0.9727627038955688,True
674,task_0675,4_028,3,675,task_0676,4_028,0.9634125232696533,True
674,task_0675,4_028,4,664,task_0665,4_026,0.8870370984077454,False
674,task_0675,4_028,5,640,task_0641,4_020,0.8637204170227051,False
674,task_0675,4_028,6,665,task_0666,4_026,0.8563671112060547,False
674,task_0675,4_028,7,667,task_0668,4_026,0.845361053943634,False
674,task_0675,4_028,8,684,task_0685,4_031,0.843467116355896,False
674,task_0675,4_028,9,644,task_0645,4_021,0.8397159576416016,False
674,task_0675,4_028,10,623,task_0624,4_015,0.8377802968025208,False
675,task_0676,4_028,1,672,task_0673,4_028,0.9684290289878845,True
675,task_0676,4_028,2,674,task_0675,4_028,0.9634125232696533,True
675,task_0676,4_028,3,673,task_0674,4_028,0.9614768624305725,True
675,task_0676,4_028,4,664,task_0665,4_026,0.9027296900749207,False
675,task_0676,4_028,5,665,task_0666,4_026,0.8812992572784424,False
675,task_0676,4_028,6,640,task_0641,4_020,0.8716846704483032,False
675,task_0676,4_028,7,667,task_0668,4_026,0.8697049021720886,False
675,task_0676,4_028,8,684,task_0685,4_031,0.8574451804161072,False
675,task_0676,4_028,9,644,task_0645,4_021,0.8549897074699402,False
675,task_0676,4_028,10,685,task_0686,4_031,0.8520660400390625,False
676,task_0677,4_029,1,608,task_0609,4_012,0.8362911939620972,False
676,task_0677,4_029,2,569,task_0570,4_002,0.8188594579696655,False
676,task_0677,4_029,3,678,task_0679,4_029,0.8168321847915649,True
676,task_0677,4_029,4,682,task_0683,4_030,0.813942551612854,False
676,task_0677,4_029,5,609,task_0610,4_012,0.8054050803184509,False
676,task_0677,4_029,6,686,task_0687,4_031,0.7951408624649048,False
676,task_0677,4_029,7,680,task_0681,4_030,0.7874715328216553,False
676,task_0677,4_029,8,666,task_0667,4_026,0.7840520739555359,False
676,task_0677,4_029,9,685,task_0686,4_031,0.7831922769546509,False
676,task_0677,4_029,10,586,task_0587,4_006,0.7755158543586731,False
677,task_0678,4_029,1,679,task_0680,4_029,0.771096408367157,True
677,task_0678,4_029,2,683,task_0684,4_030,0.754877507686615,False
677,task_0678,4_029,3,604,task_0605,4_011,0.7025063037872314,False
677,task_0678,4_029,4,670,task_0671,4_027,0.6992416977882385,False
677,task_0678,4_029,5,701,task_0702,4_035,0.6970057487487793,False
677,task_0678,4_029,6,606,task_0607,4_011,0.6935149431228638,False
677,task_0678,4_029,7,636,task_0637,4_019,0.6914362907409668,False
677,task_0678,4_029,8,703,task_0704,4_035,0.6834092140197754,False
677,task_0678,4_029,9,668,task_0669,4_027,0.6811119914054871,False
677,task_0678,4_029,10,700,task_0701,4_035,0.679318368434906,False
678,task_0679,4_029,1,716,task_0717,4_039,0.8473938703536987,False
678,task_0679,4_029,2,680,task_0681,4_030,0.8394880294799805,False
678,task_0679,4_029,3,717,task_0718,4_039,0.834579348564148,False
678,task_0679,4_029,4,682,task_0683,4_030,0.8339338302612305,False
678,task_0679,4_029,5,719,task_0720,4_039,0.8313221335411072,False
678,task_0679,4_029,6,685,task_0686,4_031,0.8285932540893555,False
678,task_0679,4_029,7,586,task_0587,4_006,0.8276270627975464,False
678,task_0679,4_029,8,584,task_0585,4_006,0.8190717101097107,False
678,task_0679,4_029,9,676,task_0677,4_029,0.8168321847915649,True
678,task_0679,4_029,10,571,task_0572,4_002,0.8074538111686707,False
679,task_0680,4_029,1,683,task_0684,4_030,0.8089473247528076,False
679,task_0680,4_029,2,677,task_0678,4_029,0.771096408367157,True
679,task_0680,4_029,3,701,task_0702,4_035,0.6885377168655396,False
679,task_0680,4_029,4,703,task_0704,4_035,0.6870098114013672,False
679,task_0680,4_029,5,681,task_0682,4_030,0.6800612211227417,False
679,task_0680,4_029,6,606,task_0607,4_011,0.6708175539970398,False
679,task_0680,4_029,7,700,task_0701,4_035,0.6678881645202637,False
679,task_0680,4_029,8,588,task_0589,4_007,0.6616202592849731,False
679,task_0680,4_029,9,604,task_0605,4_011,0.6552760601043701,False
679,task_0680,4_029,10,583,task_0584,4_005,0.6545056700706482,False
680,task_0681,4_030,1,678,task_0679,4_029,0.8394880294799805,False
680,task_0681,4_030,2,716,task_0717,4_039,0.7961289882659912,False
680,task_0681,4_030,3,676,task_0677,4_029,0.7874715328216553,False
680,task_0681,4_030,4,719,task_0720,4_039,0.7827521562576294,False
680,task_0681,4_030,5,717,task_0718,4_039,0.778488039970398,False
680,task_0681,4_030,6,682,task_0683,4_030,0.7734689712524414,True
680,task_0681,4_030,7,584,task_0585,4_006,0.7706077694892883,False
680,task_0681,4_030,8,618,task_0619,4_014,0.7689996957778931,False
680,task_0681,4_030,9,685,task_0686,4_031,0.7656189203262329,False
680,task_0681,4_030,10,586,task_0587,4_006,0.7588603496551514,False
681,task_0682,4_030,1,696,task_0697,4_034,0.7566375136375427,False
681,task_0682,4_030,2,683,task_0684,4_030,0.7399770617485046,True
681,task_0682,4_030,3,698,task_0699,4_034,0.713947057723999,False
681,task_0682,4_030,4,699,task_0700,4_034,0.7135701775550842,False
681,task_0682,4_030,5,583,task_0584,4_005,0.6814022064208984,False
681,task_0682,4_030,6,679,task_0680,4_029,0.6800612211227417,False
681,task_0682,4_030,7,581,task_0582,4_005,0.6731252670288086,False
681,task_0682,4_030,8,713,task_0714,4_038,0.6663272380828857,False
681,task_0682,4_030,9,48,task_0049,1_013,0.6648532152175903,False
681,task_0682,4_030,10,677,task_0678,4_029,0.6615731716156006,False
682,task_0683,4_030,1,678,task_0679,4_029,0.8339338302612305,False
682,task_0683,4_030,2,610,task_0611,4_012,0.8195132613182068,False
682,task_0683,4_030,3,676,task_0677,4_029,0.813942551612854,False
682,task_0683,4_030,4,568,task_0569,4_002,0.7738434076309204,False
682,task_0683,4_030,5,680,task_0681,4_030,0.7734689712524414,True
682,task_0683,4_030,6,586,task_0587,4_006,0.7653117775917053,False
682,task_0683,4_030,7,627,task_0628,4_016,0.7651690244674683,False
682,task_0683,4_030,8,599,task_0600,4_009,0.7624576091766357,False
682,task_0683,4_030,9,644,task_0645,4_021,0.7620354890823364,False
682,task_0683,4_030,10,609,task_0610,4_012,0.7540885806083679,False
683,task_0684,4_030,1,679,task_0680,4_029,0.8089473247528076,False
683,task_0684,4_030,2,677,task_0678,4_029,0.754877507686615,False
683,task_0684,4_030,3,681,task_0682,4_030,0.7399770617485046,True
683,task_0684,4_030,4,583,task_0584,4_005,0.7263730764389038,False
683,task_0684,4_030,5,581,task_0582,4_005,0.7037926912307739,False
683,task_0684,4_030,6,629,task_0630,4_017,0.7036437392234802,False
683,task_0684,4_030,7,668,task_0669,4_027,0.7005440592765808,False
683,task_0684,4_030,8,670,task_0671,4_027,0.6982985734939575,False
683,task_0684,4_030,9,631,task_0632,4_017,0.6960126757621765,False
683,task_0684,4_030,10,617,task_0618,4_014,0.6950008273124695,False
684,task_0685,4_031,1,685,task_0686,4_031,0.9586046934127808,True
684,task_0685,4_031,2,687,task_0688,4_031,0.9547216892242432,True
684,task_0685,4_031,3,686,task_0687,4_031,0.885035514831543,True
684,task_0685,4_031,4,667,task_0668,4_026,0.8711258769035339,False
684,task_0685,4_031,5,692,task_0693,4_033,0.8675820827484131,False
684,task_0685,4_031,6,664,task_0665,4_026,0.8641418218612671,False
684,task_0685,4_031,7,616,task_0617,4_014,0.8628408312797546,False
684,task_0685,4_031,8,619,task_0620,4_014,0.8626989126205444,False
684,task_0685,4_031,9,675,task_0676,4_028,0.8574451804161072,False
684,task_0685,4_031,10,623,task_0624,4_015,0.8518701791763306,False
685,task_0686,4_031,1,684,task_0685,4_031,0.9586046934127808,True
685,task_0686,4_031,2,687,task_0688,4_031,0.9578713178634644,True
685,task_0686,4_031,3,686,task_0687,4_031,0.9025522470474243,True
685,task_0686,4_031,4,692,task_0693,4_033,0.869363009929657,False
685,task_0686,4_031,5,667,task_0668,4_026,0.867812991142273,False
685,task_0686,4_031,6,619,task_0620,4_014,0.8632164001464844,False
685,task_0686,4_031,7,616,task_0617,4_014,0.8629690408706665,False
685,task_0686,4_031,8,694,task_0695,4_033,0.8596286177635193,False
685,task_0686,4_031,9,584,task_0585,4_006,0.8593369126319885,False
685,task_0686,4_031,10,586,task_0587,4_006,0.8529383540153503,False
686,task_0687,4_031,1,685,task_0686,4_031,0.9025522470474243,True
686,task_0687,4_031,2,684,task_0685,4_031,0.885035514831543,True
686,task_0687,4_031,3,687,task_0688,4_031,0.8820371627807617,True
686,task_0687,4_031,4,712,task_0713,4_038,0.8387419581413269,False
686,task_0687,4_031,5,693,task_0694,4_033,0.8321553468704224,False
686,task_0687,4_031,6,666,task_0667,4_026,0.8294948935508728,False
686,task_0687,4_031,7,619,task_0620,4_014,0.8291667103767395,False
686,task_0687,4_031,8,695,task_0696,4_033,0.828484058380127,False
686,task_0687,4_031,9,675,task_0676,4_028,0.8247390985488892,False
686,task_0687,4_031,10,667,task_0668,4_026,0.82391357421875,False
687,task_0688,4_031,1,685,task_0686,4_031,0.9578713178634644,True
687,task_0688,4_031,2,684,task_0685,4_031,0.9547216892242432,True
687,task_0688,4_031,3,686,task_0687,4_031,0.8820371627807617,True
687,task_0688,4_031,4,644,task_0645,4_021,0.8501315712928772,False
687,task_0688,4_031,5,616,task_0617,4_014,0.8424236178398132,False
687,task_0688,4_031,6,619,task_0620,4_014,0.8406129479408264,False
687,task_0688,4_031,7,675,task_0676,4_028,0.8339537382125854,False
687,task_0688,4_031,8,667,task_0668,4_026,0.8338048458099365,False
687,task_0688,4_031,9,633,task_0634,4_018,0.8332016468048096,False
687,task_0688,4_031,10,623,task_0624,4_015,0.8327534198760986,False
688,task_0689,4_032,1,689,task_0690,4_032,0.8647211790084839,True
688,task_0689,4_032,2,690,task_0691,4_032,0.8377747535705566,True
688,task_0689,4_032,3,691,task_0692,4_032,0.8365621566772461,True
688,task_0689,4_032,4,648,task_0649,4_022,0.8304820656776428,False
688,task_0689,4_032,5,614,task_0615,4_013,0.8186776638031006,False
688,task_0689,4_032,6,641,task_0642,4_020,0.8021080493927002,False
688,task_0689,4_032,7,618,task_0619,4_014,0.8006819486618042,False
688,task_0689,4_032,8,645,task_0646,4_021,0.7797813415527344,False
688,task_0689,4_032,9,616,task_0617,4_014,0.7775557637214661,False
688,task_0689,4_032,10,572,task_0573,4_003,0.7650923132896423,False
689,task_0690,4_032,1,688,task_0689,4_032,0.8647211790084839,True
689,task_0690,4_032,2,690,task_0691,4_032,0.8117272853851318,True
689,task_0690,4_032,3,666,task_0667,4_026,0.8083552718162537,False
689,task_0690,4_032,4,645,task_0646,4_021,0.8070555329322815,False
689,task_0690,4_032,5,572,task_0573,4_003,0.7921949625015259,False
689,task_0690,4_032,6,647,task_0648,4_021,0.7872433662414551,False
689,task_0690,4_032,7,573,task_0574,4_003,0.7851628065109253,False
689,task_0690,4_032,8,617,task_0618,4_014,0.7790518999099731,False
689,task_0690,4_032,9,574,task_0575,4_003,0.7773475050926208,False
689,task_0690,4_032,10,691,task_0692,4_032,0.7701855897903442,True
690,task_0691,4_032,1,688,task_0689,4_032,0.8377747535705566,True
690,task_0691,4_032,2,689,task_0690,4_032,0.8117272853851318,True
690,task_0691,4_032,3,691,task_0692,4_032,0.7844735383987427,True
690,task_0691,4_032,4,618,task_0619,4_014,0.7671038508415222,False
690,task_0691,4_032,5,645,task_0646,4_021,0.7492790818214417,False
690,task_0691,4_032,6,616,task_0617,4_014,0.74425208568573,False
690,task_0691,4_032,7,651,task_0652,4_022,0.7424861788749695,False
690,task_0691,4_032,8,650,task_0651,4_022,0.7412852048873901,False
690,task_0691,4_032,9,572,task_0573,4_003,0.7196961045265198,False
690,task_0691,4_032,10,584,task_0585,4_006,0.7186937928199768,False
691,task_0692,4_032,1,688,task_0689,4_032,0.8365621566772461,True
691,task_0692,4_032,2,690,task_0691,4_032,0.7844735383987427,True
691,task_0692,4_032,3,689,task_0690,4_032,0.7701855897903442,True
691,task_0692,4_032,4,618,task_0619,4_014,0.7495966553688049,False
691,task_0692,4_032,5,616,task_0617,4_014,0.7187801003456116,False
691,task_0692,4_032,6,713,task_0714,4_038,0.7170959711074829,False
691,task_0692,4_032,7,645,task_0646,4_021,0.7153248190879822,False
691,task_0692,4_032,8,572,task_0573,4_003,0.7131175398826599,False
691,task_0692,4_032,9,648,task_0649,4_022,0.710956871509552,False
691,task_0692,4_032,10,647,task_0648,4_021,0.7094410061836243,False
692,task_0693,4_033,1,694,task_0695,4_033,0.9204550981521606,True
692,task_0693,4_033,2,667,task_0668,4_026,0.8944126963615417,False
692,task_0693,4_033,3,693,task_0694,4_033,0.8888466954231262,True
692,task_0693,4_033,4,708,task_0709,4_037,0.8810960054397583,False
692,task_0693,4_033,5,685,task_0686,4_031,0.869363009929657,False
692,task_0693,4_033,6,684,task_0685,4_031,0.8675820827484131,False
692,task_0693,4_033,7,695,task_0696,4_033,0.8564667701721191,True
692,task_0693,4_033,8,664,task_0665,4_026,0.8486642241477966,False
692,task_0693,4_033,9,711,task_0712,4_037,0.8443048000335693,False
692,task_0693,4_033,10,665,task_0666,4_026,0.8400557041168213,False
693,task_0694,4_033,1,695,task_0696,4_033,0.9669044017791748,True
693,task_0694,4_033,2,694,task_0695,4_033,0.9013051986694336,True
693,task_0694,4_033,3,692,task_0693,4_033,0.8888466954231262,True
693,task_0694,4_033,4,711,task_0712,4_037,0.8748682737350464,False
693,task_0694,4_033,5,712,task_0713,4_038,0.8747974038124084,False
693,task_0694,4_033,6,709,task_0710,4_037,0.8718756437301636,False
693,task_0694,4_033,7,708,task_0709,4_037,0.868502140045166,False
693,task_0694,4_033,8,710,task_0711,4_037,0.8621261119842529,False
693,task_0694,4_033,9,667,task_0668,4_026,0.8473400473594666,False
693,task_0694,4_033,10,686,task_0687,4_031,0.8321553468704224,False
694,task_0695,4_033,1,692,task_0693,4_033,0.9204550981521606,True
694,task_0695,4_033,2,693,task_0694,4_033,0.9013051986694336,True
694,task_0695,4_033,3,711,task_0712,4_037,0.8872317671775818,False
694,task_0695,4_033,4,708,task_0709,4_037,0.8802414536476135,False
694,task_0695,4_033,5,710,task_0711,4_037,0.8771517872810364,False
694,task_0695,4_033,6,667,task_0668,4_026,0.8726786375045776,False
694,task_0695,4_033,7,695,task_0696,4_033,0.8627563118934631,True
694,task_0695,4_033,8,685,task_0686,4_031,0.8596286177635193,False
694,task_0695,4_033,9,684,task_0685,4_031,0.8360612988471985,False
694,task_0695,4_033,10,712,task_0713,4_038,0.8315654397010803,False
695,task_0696,4_033,1,693,task_0694,4_033,0.9669044017791748,True
695,task_0696,4_033,2,709,task_0710,4_037,0.8750652074813843,False
695,task_0696,4_033,3,694,task_0695,4_033,0.8627563118934631,True
695,task_0696,4_033,4,712,task_0713,4_038,0.8601193428039551,False
695,task_0696,4_033,5,692,task_0693,4_033,0.8564667701721191,True
695,task_0696,4_033,6,711,task_0712,4_037,0.8550970554351807,False
695,task_0696,4_033,7,710,task_0711,4_037,0.841583251953125,False
695,task_0696,4_033,8,708,task_0709,4_037,0.8409795761108398,False
695,task_0696,4_033,9,686,task_0687,4_031,0.828484058380127,False
695,task_0696,4_033,10,667,task_0668,4_026,0.8258827924728394,False
696,task_0697,4_034,1,699,task_0700,4_034,0.9255150556564331,True
696,task_0697,4_034,2,697,task_0698,4_034,0.903502345085144,True
696,task_0697,4_034,3,698,task_0699,4_034,0.8710212707519531,True
696,task_0697,4_034,4,681,task_0682,4_030,0.7566375136375427,False
696,task_0697,4_034,5,636,task_0637,4_019,0.7364698052406311,False
696,task_0697,4_034,6,663,task_0664,4_025,0.721584141254425,False
696,task_0697,4_034,7,637,task_0638,4_019,0.7204982042312622,False
696,task_0697,4_034,8,593,task_0594,4_008,0.7163198590278625,False
696,task_0697,4_034,9,604,task_0605,4_011,0.7139918208122253,False
696,task_0697,4_034,10,595,task_0596,4_008,0.7090539336204529,False
697,task_0698,4_034,1,696,task_0697,4_034,0.903502345085144,True
697,task_0698,4_034,2,699,task_0700,4_034,0.8735257387161255,True
697,task_0698,4_034,3,698,task_0699,4_034,0.788904070854187,True
697,task_0698,4_034,4,663,task_0664,4_025,0.6829104423522949,False
697,task_0698,4_034,5,669,task_0670,4_027,0.6677902936935425,False
697,task_0698,4_034,6,668,task_0669,4_027,0.6676806807518005,False
697,task_0698,4_034,7,671,task_0672,4_027,0.6635447144508362,False
697,task_0698,4_034,8,636,task_0637,4_019,0.658839762210846,False
697,task_0698,4_034,9,670,task_0671,4_027,0.6546288132667542,False
697,task_0698,4_034,10,573,task_0574,4_003,0.6471862196922302,False
698,task_0699,4_034,1,696,task_0697,4_034,0.8710212707519531,True
698,task_0699,4_034,2,699,task_0700,4_034,0.8052093982696533,True
698,task_0699,4_034,3,697,task_0698,4_034,0.788904070854187,True
698,task_0699,4_034,4,646,task_0647,4_021,0.7370599508285522,False
698,task_0699,4_034,5,595,task_0596,4_008,0.7268456816673279,False
698,task_0699,4_034,6,593,task_0594,4_008,0.7263825535774231,False
698,task_0699,4_034,7,604,task_0605,4_011,0.716542661190033,False
698,task_0699,4_034,8,681,task_0682,4_030,0.713947057723999,False
698,task_0699,4_034,9,637,task_0638,4_019,0.7119529843330383,False
698,task_0699,4_034,10,575,task_0576,4_003,0.7093110680580139,False
699,task_0700,4_034,1,696,task_0697,4_034,0.9255150556564331,True
699,task_0700,4_034,2,697,task_0698,4_034,0.8735257387161255,True
699,task_0700,4_034,3,698,task_0699,4_034,0.8052093982696533,True
699,task_0700,4_034,4,681,task_0682,4_030,0.7135701775550842,False
699,task_0700,4_034,5,636,task_0637,4_019,0.7024834156036377,False
699,task_0700,4_034,6,663,task_0664,4_025,0.6980102062225342,False
699,task_0700,4_034,7,637,task_0638,4_019,0.6686936020851135,False
699,task_0700,4_034,8,593,task_0594,4_008,0.6667419075965881,False
699,task_0700,4_034,9,595,task_0596,4_008,0.6611044406890869,False
699,task_0700,4_034,10,183,task_0184,1_046,0.6562815308570862,False
700,task_0701,4_035,1,701,task_0702,4_035,0.9704957008361816,True
700,task_0701,4_035,2,703,task_0704,4_035,0.9311166405677795,True
700,task_0701,4_035,3,594,task_0595,4_008,0.7806288003921509,False
700,task_0701,4_035,4,702,task_0703,4_035,0.7646722793579102,True
700,task_0701,4_035,5,592,task_0593,4_008,0.7603956460952759,False
700,task_0701,4_035,6,573,task_0574,4_003,0.755786120891571,False
700,task_0701,4_035,7,675,task_0676,4_028,0.7532790899276733,False
700,task_0701,4_035,8,625,task_0626,4_016,0.7441836595535278,False
700,task_0701,4_035,9,617,task_0618,4_014,0.7405771017074585,False
700,task_0701,4_035,10,623,task_0624,4_015,0.7375679612159729,False
701,task_0702,4_035,1,700,task_0701,4_035,0.9704957008361816,True
701,task_0702,4_035,2,703,task_0704,4_035,0.9302961826324463,True
701,task_0702,4_035,3,592,task_0593,4_008,0.7745776176452637,False
701,task_0702,4_035,4,594,task_0595,4_008,0.7729963064193726,False
701,task_0702,4_035,5,675,task_0676,4_028,0.7718530297279358,False
701,task_0702,4_035,6,625,task_0626,4_016,0.7654711604118347,False
701,task_0702,4_035,7,623,task_0624,4_015,0.7636638283729553,False
701,task_0702,4_035,8,627,task_0628,4_016,0.7632689476013184,False
701,task_0702,4_035,9,632,task_0633,4_018,0.761543333530426,False
701,task_0702,4_035,10,621,task_0622,4_015,0.7587642669677734,False
702,task_0703,4_035,1,703,task_0704,4_035,0.8467292189598083,True
702,task_0703,4_035,2,594,task_0595,4_008,0.7823070883750916,False
702,task_0703,4_035,3,632,task_0633,4_018,0.7679110169410706,False
702,task_0703,4_035,4,700,task_0701,4_035,0.7646722793579102,True
702,task_0703,4_035,5,592,task_0593,4_008,0.7555991411209106,False
702,task_0703,4_035,6,670,task_0671,4_027,0.7535915970802307,False
702,task_0703,4_035,7,666,task_0667,4_026,0.7412528991699219,False
702,task_0703,4_035,8,701,task_0702,4_035,0.7399247884750366,True
702,task_0703,4_035,9,661,task_0662,4_025,0.7375502586364746,False
702,task_0703,4_035,10,617,task_0618,4_014,0.7337891459465027,False
703,task_0704,4_035,1,700,task_0701,4_035,0.9311166405677795,True
703,task_0704,4_035,2,701,task_0702,4_035,0.9302961826324463,True
703,task_0704,4_035,3,702,task_0703,4_035,0.8467292189598083,True
703,task_0704,4_035,4,627,task_0628,4_016,0.7525678873062134,False
703,task_0704,4_035,5,632,task_0633,4_018,0.7522368431091309,False
703,task_0704,4_035,6,594,task_0595,4_008,0.7505172491073608,False
703,task_0704,4_035,7,670,task_0671,4_027,0.7421024441719055,False
703,task_0704,4_035,8,687,task_0688,4_031,0.741471529006958,False
703,task_0704,4_035,9,575,task_0576,4_003,0.7406578660011292,False
703,task_0704,4_035,10,668,task_0669,4_027,0.7387158274650574,False
704,task_0705,4_036,1,705,task_0706,4_036,0.9345964193344116,True
704,task_0705,4_036,2,707,task_0708,4_036,0.893635630607605,True
704,task_0705,4_036,3,706,task_0707,4_036,0.876145601272583,True
704,task_0705,4_036,4,591,task_0592,4_007,0.7602183222770691,False
704,task_0705,4_036,5,589,task_0590,4_007,0.757378101348877,False
704,task_0705,4_036,6,616,task_0617,4_014,0.7423208355903625,False
704,task_0705,4_036,7,588,task_0589,4_007,0.7370672225952148,False
704,task_0705,4_036,8,619,task_0620,4_014,0.7366544008255005,False
704,task_0705,4_036,9,590,task_0591,4_007,0.7338815331459045,False
704,task_0705,4_036,10,618,task_0619,4_014,0.7246673107147217,False
705,task_0706,4_036,1,707,task_0708,4_036,0.9381988048553467,True
705,task_0706,4_036,2,704,task_0705,4_036,0.9345964193344116,True
705,task_0706,4_036,3,706,task_0707,4_036,0.8873727321624756,True
705,task_0706,4_036,4,591,task_0592,4_007,0.8049904704093933,False
705,task_0706,4_036,5,589,task_0590,4_007,0.8034392595291138,False
705,task_0706,4_036,6,590,task_0591,4_007,0.803149402141571,False
705,task_0706,4_036,7,588,task_0589,4_007,0.7579715251922607,False
705,task_0706,4_036,8,635,task_0636,4_018,0.734115481376648,False
705,task_0706,4_036,9,616,task_0617,4_014,0.7291831970214844,False
705,task_0706,4_036,10,634,task_0635,4_018,0.7271292209625244,False
706,task_0707,4_036,1,705,task_0706,4_036,0.8873727321624756,True
706,task_0707,4_036,2,704,task_0705,4_036,0.876145601272583,True
706,task_0707,4_036,3,707,task_0708,4_036,0.8510057926177979,True
706,task_0707,4_036,4,589,task_0590,4_007,0.772210419178009,False
706,task_0707,4_036,5,591,task_0592,4_007,0.766855776309967,False
706,task_0707,4_036,6,588,task_0589,4_007,0.7588335275650024,False
706,task_0707,4_036,7,590,task_0591,4_007,0.7551017999649048,False
706,task_0707,4_036,8,619,task_0620,4_014,0.7525648474693298,False
706,task_0707,4_036,9,616,task_0617,4_014,0.7318124175071716,False
706,task_0707,4_036,10,685,task_0686,4_031,0.7307115793228149,False
707,task_0708,4_036,1,705,task_0706,4_036,0.9381988048553467,True
707,task_0708,4_036,2,704,task_0705,4_036,0.893635630607605,True
707,task_0708,4_036,3,706,task_0707,4_036,0.8510057926177979,True
707,task_0708,4_036,4,590,task_0591,4_007,0.7920350432395935,False
707,task_0708,4_036,5,589,task_0590,4_007,0.7596677541732788,False
707,task_0708,4_036,6,591,task_0592,4_007,0.758518397808075,False
707,task_0708,4_036,7,635,task_0636,4_018,0.7406978607177734,False
707,task_0708,4_036,8,633,task_0634,4_018,0.7346620559692383,False
707,task_0708,4_036,9,634,task_0635,4_018,0.7328420877456665,False
707,task_0708,4_036,10,588,task_0589,4_007,0.7214478850364685,False
708,task_0709,4_037,1,711,task_0712,4_037,0.9478423595428467,True
708,task_0709,4_037,2,710,task_0711,4_037,0.9455350637435913,True
708,task_0709,4_037,3,709,task_0710,4_037,0.9075901508331299,True
708,task_0709,4_037,4,692,task_0693,4_033,0.8810960054397583,False
708,task_0709,4_037,5,694,task_0695,4_033,0.8802414536476135,False
708,task_0709,4_037,6,693,task_0694,4_033,0.868502140045166,False
708,task_0709,4_037,7,667,task_0668,4_026,0.8679533004760742,False
708,task_0709,4_037,8,713,task_0714,4_038,0.8632544875144958,False
708,task_0709,4_037,9,645,task_0646,4_021,0.8527427911758423,False
708,task_0709,4_037,10,712,task_0713,4_038,0.8499950170516968,False
709,task_0710,4_037,1,711,task_0712,4_037,0.9216986894607544,True
709,task_0710,4_037,2,710,task_0711,4_037,0.9152123928070068,True
709,task_0710,4_037,3,708,task_0709,4_037,0.9075901508331299,True
709,task_0710,4_037,4,695,task_0696,4_033,0.8750652074813843,False
709,task_0710,4_037,5,693,task_0694,4_033,0.8718756437301636,False
709,task_0710,4_037,6,713,task_0714,4_038,0.8389213681221008,False
709,task_0710,4_037,7,712,task_0713,4_038,0.8368586301803589,False
709,task_0710,4_037,8,694,task_0695,4_033,0.8198219537734985,False
709,task_0710,4_037,9,715,task_0716,4_038,0.8158161640167236,False
709,task_0710,4_037,10,714,task_0715,4_038,0.812122106552124,False
710,task_0711,4_037,1,711,task_0712,4_037,0.9878311157226562,True
710,task_0711,4_037,2,708,task_0709,4_037,0.9455350637435913,True
710,task_0711,4_037,3,709,task_0710,4_037,0.9152123928070068,True
710,task_0711,4_037,4,694,task_0695,4_033,0.8771517872810364,False
710,task_0711,4_037,5,713,task_0714,4_038,0.8627709150314331,False
710,task_0711,4_037,6,693,task_0694,4_033,0.8621261119842529,False
710,task_0711,4_037,7,715,task_0716,4_038,0.8475804924964905,False
710,task_0711,4_037,8,695,task_0696,4_033,0.841583251953125,False
710,task_0711,4_037,9,667,task_0668,4_026,0.8349981904029846,False
710,task_0711,4_037,10,645,task_0646,4_021,0.8309811353683472,False
711,task_0712,4_037,1,710,task_0711,4_037,0.9878311157226562,True
711,task_0712,4_037,2,708,task_0709,4_037,0.9478423595428467,True
711,task_0712,4_037,3,709,task_0710,4_037,0.9216986894607544,True
711,task_0712,4_037,4,694,task_0695,4_033,0.8872317671775818,False
711,task_0712,4_037,5,713,task_0714,4_038,0.8776438236236572,False
711,task_0712,4_037,6,693,task_0694,4_033,0.8748682737350464,False
711,task_0712,4_037,7,715,task_0716,4_038,0.8578768968582153,False
711,task_0712,4_037,8,695,task_0696,4_033,0.8550970554351807,False
711,task_0712,4_037,9,667,task_0668,4_026,0.852124810218811,False
711,task_0712,4_037,10,692,task_0693,4_033,0.8443048000335693,False
712,task_0713,4_038,1,713,task_0714,4_038,0.9156025052070618,True
712,task_0713,4_038,2,714,task_0715,4_038,0.912761926651001,True
712,task_0713,4_038,3,715,task_0716,4_038,0.8986786603927612,True
712,task_0713,4_038,4,693,task_0694,4_033,0.8747974038124084,False
712,task_0713,4_038,5,695,task_0696,4_033,0.8601193428039551,False
712,task_0713,4_038,6,708,task_0709,4_037,0.8499950170516968,False
712,task_0713,4_038,7,686,task_0687,4_031,0.8387419581413269,False
712,task_0713,4_038,8,711,task_0712,4_037,0.8378682732582092,False
712,task_0713,4_038,9,709,task_0710,4_037,0.8368586301803589,False
712,task_0713,4_038,10,694,task_0695,4_033,0.8315654397010803,False
713,task_0714,4_038,1,715,task_0716,4_038,0.9547683000564575,True
713,task_0714,4_038,2,712,task_0713,4_038,0.9156025052070618,True
713,task_0714,4_038,3,714,task_0715,4_038,0.8809919357299805,True
713,task_0714,4_038,4,711,task_0712,4_037,0.8776438236236572,False
713,task_0714,4_038,5,708,task_0709,4_037,0.8632544875144958,False
713,task_0714,4_038,6,710,task_0711,4_037,0.8627709150314331,False
713,task_0714,4_038,7,645,task_0646,4_021,0.8434216976165771,False
713,task_0714,4_038,8,572,task_0573,4_003,0.8403915166854858,False
713,task_0714,4_038,9,573,task_0574,4_003,0.8393188118934631,False
713,task_0714,4_038,10,709,task_0710,4_037,0.8389213681221008,False
714,task_0715,4_038,1,712,task_0713,4_038,0.912761926651001,True
714,task_0715,4_038,2,715,task_0716,4_038,0.901214599609375,True
714,task_0715,4_038,3,713,task_0714,4_038,0.8809919357299805,True
714,task_0715,4_038,4,693,task_0694,4_033,0.8184579610824585,False
714,task_0715,4_038,5,709,task_0710,4_037,0.812122106552124,False
714,task_0715,4_038,6,686,task_0687,4_031,0.8119544386863708,False
714,task_0715,4_038,7,695,task_0696,4_033,0.8093242645263672,False
714,task_0715,4_038,8,708,task_0709,4_037,0.80891352891922,False
714,task_0715,4_038,9,711,task_0712,4_037,0.7968713045120239,False
714,task_0715,4_038,10,666,task_0667,4_026,0.7926125526428223,False
715,task_0716,4_038,1,713,task_0714,4_038,0.9547683000564575,True
715,task_0716,4_038,2,714,task_0715,4_038,0.901214599609375,True
715,task_0716,4_038,3,712,task_0713,4_038,0.8986786603927612,True
715,task_0716,4_038,4,711,task_0712,4_037,0.8578768968582153,False
715,task_0716,4_038,5,573,task_0574,4_003,0.8487215042114258,False
715,task_0716,4_038,6,710,task_0711,4_037,0.8475804924964905,False
715,task_0716,4_038,7,572,task_0573,4_003,0.8404401540756226,False
715,task_0716,4_038,8,574,task_0575,4_003,0.8380500078201294,False
715,task_0716,4_038,9,575,task_0576,4_003,0.8379212021827698,False
715,task_0716,4_038,10,645,task_0646,4_021,0.8375693559646606,False
716,task_0717,4_039,1,717,task_0718,4_039,0.967772901058197,True
716,task_0717,4_039,2,719,task_0720,4_039,0.9608303904533386,True
716,task_0717,4_039,3,718,task_0719,4_039,0.8602007627487183,True
716,task_0717,4_039,4,685,task_0686,4_031,0.8477946519851685,False
716,task_0717,4_039,5,678,task_0679,4_029,0.8473938703536987,False
716,task_0717,4_039,6,584,task_0585,4_006,0.8398218750953674,False
716,task_0717,4_039,7,684,task_0685,4_031,0.8335678577423096,False
716,task_0717,4_039,8,617,task_0618,4_014,0.8212308883666992,False
716,task_0717,4_039,9,586,task_0587,4_006,0.8207353353500366,False
716,task_0717,4_039,10,611,task_0612,4_012,0.8175723552703857,False
717,task_0718,4_039,1,719,task_0720,4_039,0.991212785243988,True
717,task_0718,4_039,2,716,task_0717,4_039,0.967772901058197,True
717,task_0718,4_039,3,718,task_0719,4_039,0.8586353063583374,True
717,task_0718,4_039,4,685,task_0686,4_031,0.8440074920654297,False
717,task_0718,4_039,5,678,task_0679,4_029,0.834579348564148,False
717,task_0718,4_039,6,584,task_0585,4_006,0.8319700956344604,False
717,task_0718,4_039,7,684,task_0685,4_031,0.8304055333137512,False
717,task_0718,4_039,8,617,task_0618,4_014,0.8250356912612915,False
717,task_0718,4_039,9,611,task_0612,4_012,0.8181056976318359,False
717,task_0718,4_039,10,586,task_0587,4_006,0.817564845085144,False
718,task_0719,4_039,1,719,task_0720,4_039,0.8651103973388672,True
718,task_0719,4_039,2,716,task_0717,4_039,0.8602007627487183,True
718,task_0719,4_039,3,717,task_0718,4_039,0.8586353063583374,True
718,task_0719,4_039,4,666,task_0667,4_026,0.8493142127990723,False
718,task_0719,4_039,5,617,task_0618,4_014,0.8226871490478516,False
718,task_0719,4_039,6,686,task_0687,4_031,0.8122339248657227,False
718,task_0719,4_039,7,650,task_0651,4_022,0.7947905659675598,False
718,task_0719,4_039,8,611,task_0612,4_012,0.7904826998710632,False
718,task_0719,4_039,9,619,task_0620,4_014,0.7863385677337646,False
718,task_0719,4_039,10,632,task_0633,4_018,0.7796105146408081,False
719,task_0720,4_039,1,717,task_0718,4_039,0.991212785243988,True
719,task_0720,4_039,2,716,task_0717,4_039,0.9608303904533386,True
719,task_0720,4_039,3,718,task_0719,4_039,0.8651103973388672,True
719,task_0720,4_039,4,685,task_0686,4_031,0.8418542146682739,False
719,task_0720,4_039,5,678,task_0679,4_029,0.8313221335411072,False
719,task_0720,4_039,6,584,task_0585,4_006,0.8307945132255554,False
719,task_0720,4_039,7,684,task_0685,4_031,0.8306032419204712,False
719,task_0720,4_039,8,611,task_0612,4_012,0.8241409063339233,False
719,task_0720,4_039,9,617,task_0618,4_014,0.8223631381988525,False
719,task_0720,4_039,10,586,task_0587,4_006,0.8208705186843872,False
720,task_0721,5_001,1,722,task_0723,5_001,0.8489314317703247,True
720,task_0721,5_001,2,704,task_0705,4_036,0.7032232284545898,False
720,task_0721,5_001,3,705,task_0706,4_036,0.6790661811828613,False
720,task_0721,5_001,4,707,task_0708,4_036,0.6742709279060364,False
720,task_0721,5_001,5,590,task_0591,4_007,0.6638520956039429,False
720,task_0721,5_001,6,589,task_0590,4_007,0.6635615229606628,False
720,task_0721,5_001,7,434,task_0435,3_022,0.6527804136276245,False
720,task_0721,5_001,8,591,task_0592,4_007,0.6492173671722412,False
720,task_0721,5_001,9,706,task_0707,4_036,0.648995041847229,False
720,task_0721,5_001,10,438,task_0439,3_023,0.6471575498580933,False
721,task_0722,5_001,1,723,task_0724,5_001,0.9420067071914673,True
721,task_0722,5_001,2,726,task_0727,5_002,0.6638195514678955,False
721,task_0722,5_001,3,404,task_0405,3_015,0.6258668303489685,False
721,task_0722,5_001,4,410,task_0411,3_016,0.6196252107620239,False
721,task_0722,5_001,5,724,task_0725,5_002,0.611748993396759,False
721,task_0722,5_001,6,525,task_0526,3_045,0.610032320022583,False
721,task_0722,5_001,7,359,task_0360,3_004,0.6081458330154419,False
721,task_0722,5_001,8,722,task_0723,5_001,0.6079049110412598,True
721,task_0722,5_001,9,725,task_0726,5_002,0.6073039174079895,False
721,task_0722,5_001,10,436,task_0437,3_023,0.6033213138580322,False
722,task_0723,5_001,1,720,task_0721,5_001,0.8489314317703247,True
722,task_0723,5_001,2,434,task_0435,3_022,0.7199334502220154,False
722,task_0723,5_001,3,438,task_0439,3_023,0.7196536064147949,False
722,task_0723,5_001,4,704,task_0705,4_036,0.6310912370681763,False
722,task_0723,5_001,5,723,task_0724,5_001,0.6299640536308289,True
722,task_0723,5_001,6,705,task_0706,4_036,0.6176591515541077,False
722,task_0723,5_001,7,683,task_0684,4_030,0.6112813353538513,False
722,task_0723,5_001,8,721,task_0722,5_001,0.6079049110412598,True
722,task_0723,5_001,9,464,task_0465,3_030,0.6041402220726013,False
722,task_0723,5_001,10,389,task_0390,3_011,0.6020587086677551,False
723,task_0724,5_001,1,721,task_0722,5_001,0.9420067071914673,True
723,task_0724,5_001,2,726,task_0727,5_002,0.6627811193466187,False
723,task_0724,5_001,3,722,task_0723,5_001,0.6299640536308289,True
723,task_0724,5_001,4,720,task_0721,5_001,0.6229355335235596,True
723,task_0724,5_001,5,404,task_0405,3_015,0.6190640926361084,False
723,task_0724,5_001,6,725,task_0726,5_002,0.61668860912323,False
723,task_0724,5_001,7,727,task_0728,5_002,0.6082020401954651,False
723,task_0724,5_001,8,724,task_0725,5_002,0.6072620153427124,False
723,task_0724,5_001,9,410,task_0411,3_016,0.6067537069320679,False
723,task_0724,5_001,10,357,task_0358,3_003,0.5929424166679382,False
724,task_0725,5_002,1,725,task_0726,5_002,0.8917477130889893,True
724,task_0725,5_002,2,727,task_0728,5_002,0.8915630578994751,True
724,task_0725,5_002,3,726,task_0727,5_002,0.8604695796966553,True
724,task_0725,5_002,4,721,task_0722,5_001,0.611748993396759,False
724,task_0725,5_002,5,723,task_0724,5_001,0.6072620153427124,False
724,task_0725,5_002,6,327,task_0328,2_035,0.5886387825012207,False
724,task_0725,5_002,7,404,task_0405,3_015,0.5837185978889465,False
724,task_0725,5_002,8,325,task_0326,2_035,0.5724207162857056,False
724,task_0725,5_002,9,720,task_0721,5_001,0.5666683316230774,False
724,task_0725,5_002,10,525,task_0526,3_045,0.5663666725158691,False
725,task_0726,5_002,1,726,task_0727,5_002,0.9038997888565063,True
725,task_0726,5_002,2,724,task_0725,5_002,0.8917477130889893,True
725,task_0726,5_002,3,727,task_0728,5_002,0.8742181062698364,True
725,task_0726,5_002,4,723,task_0724,5_001,0.61668860912323,False
725,task_0726,5_002,5,721,task_0722,5_001,0.6073039174079895,False
725,task_0726,5_002,6,357,task_0358,3_003,0.5967162847518921,False
725,task_0726,5_002,7,327,task_0328,2_035,0.5804544687271118,False
725,task_0726,5_002,8,324,task_0325,2_035,0.568476676940918,False
725,task_0726,5_002,9,325,task_0326,2_035,0.5633659362792969,False
725,task_0726,5_002,10,326,task_0327,2_035,0.5622285604476929,False
726,task_0727,5_002,1,725,task_0726,5_002,0.9038997888565063,True
726,task_0727,5_002,2,724,task_0725,5_002,0.8604695796966553,True
726,task_0727,5_002,3,727,task_0728,5_002,0.8269510269165039,True
726,task_0727,5_002,4,721,task_0722,5_001,0.6638195514678955,False
726,task_0727,5_002,5,723,task_0724,5_001,0.6627811193466187,False
726,task_0727,5_002,6,525,task_0526,3_045,0.6117618680000305,False
726,task_0727,5_002,7,357,task_0358,3_003,0.6062586307525635,False
726,task_0727,5_002,8,521,task_0522,3_044,0.5984880328178406,False
726,task_0727,5_002,9,361,task_0362,3_004,0.5933958292007446,False
726,task_0727,5_002,10,359,task_0360,3_004,0.5932705402374268,False
727,task_0728,5_002,1,724,task_0725,5_002,0.8915630578994751,True
727,task_0728,5_002,2,725,task_0726,5_002,0.8742181062698364,True
727,task_0728,5_002,3,726,task_0727,5_002,0.8269510269165039,True
727,task_0728,5_002,4,723,task_0724,5_001,0.6082020401954651,False
727,task_0728,5_002,5,721,task_0722,5_001,0.5999704599380493,False
727,task_0728,5_002,6,404,task_0405,3_015,0.5588477849960327,False
727,task_0728,5_002,7,357,task_0358,3_003,0.551552951335907,False
727,task_0728,5_002,8,327,task_0328,2_035,0.5474669933319092,False
727,task_0728,5_002,9,325,task_0326,2_035,0.5457451343536377,False
727,task_0728,5_002,10,410,task_0411,3_016,0.5395594835281372,False
